appointment_id,lead_id,customer_id,vehicle_id,salesperson_id,appointment_date,appointment_time,appointment_type,status,created_by,notes,created_at
APT-000001,LEAD-001718,CUST-000217,VEH-000726,SP-007,2026-07-25,16:00,Test Drive,Cancelled,Salesperson,Synthetic dealership appointment; authoritative status is stored in this record.,2026-07-20T15:00:00+00:00
APT-000002,LEAD-001552,CUST-000478,VEH-002860,SP-006,2026-09-03,18:30,Test Drive,Confirmed,Website,Synthetic dealership appointment; authoritative status is stored in this record.,2026-08-24T15:00:00+00:00
APT-000003,LEAD-000973,CUST-003343,VEH-009185,SP-001,2026-07-02,15:30,Trade-In Appraisal,Cancelled,Salesperson,Synthetic dealership appointment; authoritative status is stored in this record.,2026-06-12T15:00:00+00:00
APT-000004,LEAD-001297,CUST-004743,VEH-009103,SP-007,2026-08-30,15:30,Trade-In Appraisal,Rescheduled,Salesperson,Synthetic dealership appointment; authoritative status is stored in this record.,2026-08-19T15:00:00+00:00
APT-000005,LEAD-002146,CUST-000762,VEH-008008,SP-001,2026-10-05,15:30,Test Drive,Confirmed,Website,Synthetic dealership appointment; authoritative status is stored in this record.,2026-08-08T15:00:00+00:00
APT-000006,LEAD-003142,CUST-001005,VEH-001461,SP-001,2026-08-03,10:00,Test Drive,Completed,Website,Synthetic dealership appointment; authoritative status is stored in this record.,2026-07-29T15:00:00+00:00
APT-000007,LEAD-003616,CUST-000348,VEH-000253,SP-006,2026-09-09,16:30,Test Drive,Requested,Customer Service,Synthetic dealership appointment; authoritative status is stored in this record.,2026-08-06T15:00:00+00:00
APT-000008,LEAD-002704,CUST-004231,VEH-000722,SP-006,2026-08-12,18:00,Virtual Consultation,Completed,Voice Agent,Synthetic dealership appointment; authoritative status is stored in this record.,2026-08-10T15:00:00+00:00
APT-000009,LEAD-002954,CUST-002847,VEH-009887,SP-006,2026-06-27,18:00,Test Drive,Cancelled,Customer Service,Synthetic dealership appointment; authoritative status is stored in this record.,2026-06-10T15:00:00+00:00
APT-000010,LEAD-003829,CUST-001695,VEH-001405,SP-010,2026-09-01,13:30,Test Drive,Confirmed,Salesperson,Synthetic dealership appointment; authoritative status is stored in this record.,2026-08-09T15:00:00+00:00
APT-000011,LEAD-001040,CUST-004067,VEH-002092,SP-002,2026-07-08,09:00,Virtual Consultation,Completed,Website,Synthetic dealership appointment; authoritative status is stored in this record.,2026-07-04T15:00:00+00:00
APT-000012,LEAD-000132,CUST-000927,VEH-004569,SP-010,2026-10-08,10:00,Test Drive,Confirmed,Voice Agent,Synthetic dealership appointment; authoritative status is stored in this record.,2026-08-18T15:00:00+00:00
APT-000013,LEAD-003639,CUST-004851,VEH-002684,SP-002,2026-08-01,14:00,Test Drive,Completed,Customer Service,Synthetic dealership appointment; authoritative status is stored in this record.,2026-07-23T15:00:00+00:00
APT-000014,LEAD-003810,CUST-001358,VEH-002860,SP-005,2026-07-13,14:30,Test Drive,Cancelled,Customer Service,Synthetic dealership appointment; authoritative status is stored in this record.,2026-07-03T15:00:00+00:00
APT-000015,LEAD-002312,CUST-004511,VEH-007643,SP-001,2026-09-17,08:30,Virtual Consultation,Confirmed,Salesperson,Synthetic dealership appointment; authoritative status is stored in this record.,2026-08-23T15:00:00+00:00
APT-000016,LEAD-001282,CUST-004545,VEH-001788,SP-006,2026-07-21,15:30,Test Drive,Completed,Customer Service,Synthetic dealership appointment; authoritative status is stored in this record.,2026-07-20T15:00:00+00:00
APT-000017,LEAD-001809,CUST-004689,VEH-004653,SP-006,2026-09-29,12:00,Test Drive,Rescheduled,Website,Synthetic dealership appointment; authoritative status is stored in this record.,2026-08-05T15:00:00+00:00
APT-000018,LEAD-001746,CUST-002111,VEH-002966,SP-001,2026-10-09,14:30,Test Drive,Rescheduled,Customer Service,Synthetic dealership appointment; authoritative status is stored in this record.,2026-08-23T15:00:00+00:00
APT-000019,LEAD-002665,CUST-004734,VEH-001727,SP-005,2026-06-13,17:00,Test Drive,Completed,Website,Synthetic dealership appointment; authoritative status is stored in this record.,2026-05-28T15:00:00+00:00
APT-000020,LEAD-000560,CUST-002666,VEH-009336,SP-005,2026-09-08,16:30,Test Drive,Confirmed,Customer Service,Synthetic dealership appointment; authoritative status is stored in this record.,2026-08-23T15:00:00+00:00
APT-000021,LEAD-002720,CUST-004963,VEH-001788,SP-006,2026-05-19,15:30,Virtual Consultation,Cancelled,Voice Agent,Synthetic dealership appointment; authoritative status is stored in this record.,2026-04-29T15:00:00+00:00
APT-000022,LEAD-002498,CUST-002502,VEH-008634,SP-001,2026-09-08,12:00,Test Drive,Rescheduled,Voice Agent,Synthetic dealership appointment; authoritative status is stored in this record.,2026-08-23T15:00:00+00:00
APT-000023,LEAD-000410,CUST-002329,VEH-002603,SP-002,2026-07-24,12:00,Test Drive,No Show,Salesperson,Synthetic dealership appointment; authoritative status is stored in this record.,2026-07-10T15:00:00+00:00
APT-000024,LEAD-003578,CUST-000249,VEH-005044,SP-001,2026-07-16,13:30,Test Drive,Completed,Salesperson,Synthetic dealership appointment; authoritative status is stored in this record.,2026-06-27T15:00:00+00:00
APT-000025,LEAD-002743,CUST-004759,VEH-004460,SP-006,2026-10-03,12:30,Test Drive,Requested,Website,Synthetic dealership appointment; authoritative status is stored in this record.,2026-08-11T15:00:00+00:00
APT-000026,LEAD-001020,CUST-002330,VEH-000531,SP-007,2026-09-05,15:00,Trade-In Appraisal,Confirmed,Website,Synthetic dealership appointment; authoritative status is stored in this record.,2026-08-14T15:00:00+00:00
APT-000027,LEAD-003882,CUST-002011,VEH-009459,SP-001,2026-05-01,13:00,Test Drive,Completed,Website,Synthetic dealership appointment; authoritative status is stored in this record.,2026-04-17T15:00:00+00:00
APT-000028,LEAD-002661,CUST-001717,VEH-008288,SP-005,2026-05-08,17:00,Virtual Consultation,Completed,Salesperson,Synthetic dealership appointment; authoritative status is stored in this record.,2026-04-24T15:00:00+00:00
APT-000029,LEAD-003204,CUST-001979,VEH-000253,SP-001,2026-09-02,13:30,Financing Consultation,Rescheduled,Website,Synthetic dealership appointment; authoritative status is stored in this record.,2026-08-08T15:00:00+00:00
APT-000030,LEAD-000511,CUST-002937,VEH-004835,SP-005,2026-07-15,17:00,Test Drive,Completed,Salesperson,Synthetic dealership appointment; authoritative status is stored in this record.,2026-06-25T15:00:00+00:00
APT-000031,LEAD-002909,CUST-001897,VEH-000141,SP-005,2026-08-10,16:00,Test Drive,Completed,Voice Agent,Synthetic dealership appointment; authoritative status is stored in this record.,2026-08-05T15:00:00+00:00
APT-000032,LEAD-002018,CUST-000351,VEH-009289,SP-001,2026-07-13,10:30,Virtual Consultation,Completed,Website,Synthetic dealership appointment; authoritative status is stored in this record.,2026-07-11T15:00:00+00:00
APT-000033,LEAD-003730,CUST-000514,VEH-009449,SP-005,2026-09-18,17:30,Test Drive,Confirmed,Salesperson,Synthetic dealership appointment; authoritative status is stored in this record.,2026-08-09T15:00:00+00:00
APT-000034,LEAD-001750,CUST-003707,VEH-006787,SP-001,2026-06-12,12:00,Test Drive,Cancelled,Website,Synthetic dealership appointment; authoritative status is stored in this record.,2026-06-10T15:00:00+00:00
APT-000035,LEAD-001148,CUST-001991,VEH-008376,SP-007,2026-08-08,17:00,Test Drive,Cancelled,Voice Agent,Synthetic dealership appointment; authoritative status is stored in this record.,2026-08-06T15:00:00+00:00
APT-000036,LEAD-003229,CUST-001484,VEH-002684,SP-002,2026-09-03,15:00,Test Drive,Requested,Website,Synthetic dealership appointment; authoritative status is stored in this record.,2026-08-05T15:00:00+00:00
APT-000037,LEAD-001177,CUST-002073,VEH-003021,SP-006,2026-08-29,12:30,Test Drive,Confirmed,Salesperson,Synthetic dealership appointment; authoritative status is stored in this record.,2026-08-20T15:00:00+00:00
APT-000038,LEAD-001385,CUST-002135,VEH-008218,SP-002,2026-09-08,13:00,Virtual Consultation,Confirmed,Website,Synthetic dealership appointment; authoritative status is stored in this record.,2026-08-16T15:00:00+00:00
APT-000039,LEAD-003349,CUST-003476,VEH-001562,SP-001,2026-09-10,14:30,Test Drive,Confirmed,Voice Agent,Synthetic dealership appointment; authoritative status is stored in this record.,2026-08-20T15:00:00+00:00
APT-000040,LEAD-003442,CUST-000436,VEH-005602,SP-006,2026-09-16,12:00,Test Drive,Confirmed,Voice Agent,Synthetic dealership appointment; authoritative status is stored in this record.,2026-08-19T15:00:00+00:00
APT-000041,LEAD-003098,CUST-004507,VEH-002413,SP-006,2026-03-28,13:30,Test Drive,Completed,Voice Agent,Synthetic dealership appointment; authoritative status is stored in this record.,2026-03-17T15:00:00+00:00
APT-000042,LEAD-000776,CUST-003811,VEH-000416,SP-001,2026-04-27,15:30,Financing Consultation,Completed,Customer Service,Synthetic dealership appointment; authoritative status is stored in this record.,2026-04-17T15:00:00+00:00
APT-000043,LEAD-003227,CUST-003007,VEH-007783,SP-007,2026-09-13,12:00,Test Drive,Rescheduled,Website,Synthetic dealership appointment; authoritative status is stored in this record.,2026-08-09T15:00:00+00:00
APT-000044,LEAD-003577,CUST-000559,VEH-007582,SP-006,2026-09-25,17:30,Test Drive,Requested,Voice Agent,Synthetic dealership appointment; authoritative status is stored in this record.,2026-08-14T15:00:00+00:00
APT-000045,LEAD-003089,CUST-002733,VEH-000960,SP-002,2026-08-28,14:30,Financing Consultation,Rescheduled,Salesperson,Synthetic dealership appointment; authoritative status is stored in this record.,2026-08-13T15:00:00+00:00
APT-000046,LEAD-000473,CUST-003299,VEH-003690,SP-001,2026-09-23,16:00,Test Drive,Confirmed,Website,Synthetic dealership appointment; authoritative status is stored in this record.,2026-08-04T15:00:00+00:00
APT-000047,LEAD-000096,CUST-004142,VEH-007797,SP-006,2026-09-22,15:00,Virtual Consultation,Confirmed,Website,Synthetic dealership appointment; authoritative status is stored in this record.,2026-08-07T15:00:00+00:00
APT-000048,LEAD-003682,CUST-004304,VEH-005771,SP-003,2026-09-30,12:30,Test Drive,Confirmed,Salesperson,Synthetic dealership appointment; authoritative status is stored in this record.,2026-08-08T15:00:00+00:00
APT-000049,LEAD-002946,CUST-003616,VEH-009558,SP-006,2026-04-04,16:00,Test Drive,Completed,Customer Service,Synthetic dealership appointment; authoritative status is stored in this record.,2026-03-15T15:00:00+00:00
APT-000050,LEAD-002254,CUST-001394,VEH-000095,SP-006,2026-10-09,17:00,Test Drive,Confirmed,Salesperson,Synthetic dealership appointment; authoritative status is stored in this record.,2026-08-05T15:00:00+00:00
APT-000051,LEAD-001474,CUST-004848,VEH-004440,SP-010,2026-07-24,16:30,Test Drive,Completed,Voice Agent,Synthetic dealership appointment; authoritative status is stored in this record.,2026-07-13T15:00:00+00:00
APT-000052,LEAD-001466,CUST-001322,VEH-007008,SP-007,2026-09-05,17:00,Test Drive,Requested,Salesperson,Synthetic dealership appointment; authoritative status is stored in this record.,2026-08-23T15:00:00+00:00
APT-000053,LEAD-002892,CUST-003026,VEH-006701,SP-005,2026-06-06,15:00,Trade-In Appraisal,Completed,Website,Synthetic dealership appointment; authoritative status is stored in this record.,2026-05-17T15:00:00+00:00
APT-000054,LEAD-003514,CUST-000679,VEH-005180,SP-001,2026-06-08,09:00,Test Drive,Cancelled,Customer Service,Synthetic dealership appointment; authoritative status is stored in this record.,2026-05-29T15:00:00+00:00
APT-000055,LEAD-000138,CUST-004571,VEH-007459,SP-006,2026-07-28,15:30,Test Drive,Completed,Website,Synthetic dealership appointment; authoritative status is stored in this record.,2026-07-19T15:00:00+00:00
APT-000056,LEAD-000422,CUST-002479,VEH-000687,SP-001,2026-09-11,10:00,Test Drive,Confirmed,Salesperson,Synthetic dealership appointment; authoritative status is stored in this record.,2026-08-14T15:00:00+00:00
APT-000057,LEAD-002882,CUST-002794,VEH-004969,SP-002,2026-09-25,12:30,Test Drive,Confirmed,Salesperson,Synthetic dealership appointment; authoritative status is stored in this record.,2026-08-08T15:00:00+00:00
APT-000058,LEAD-002690,CUST-002250,VEH-008896,SP-001,2026-07-29,15:30,Test Drive,Cancelled,Salesperson,Synthetic dealership appointment; authoritative status is stored in this record.,2026-07-10T15:00:00+00:00
APT-000059,LEAD-000823,CUST-002003,VEH-008567,SP-006,2026-10-02,15:00,Test Drive,Confirmed,Customer Service,Synthetic dealership appointment; authoritative status is stored in this record.,2026-08-11T15:00:00+00:00
APT-000060,LEAD-003793,CUST-000941,VEH-006972,SP-006,2026-07-09,18:00,Test Drive,Cancelled,Customer Service,Synthetic dealership appointment; authoritative status is stored in this record.,2026-06-21T15:00:00+00:00
APT-000061,LEAD-000178,CUST-004555,VEH-006399,SP-001,2026-05-13,15:00,Test Drive,Completed,Voice Agent,Synthetic dealership appointment; authoritative status is stored in this record.,2026-04-24T15:00:00+00:00
APT-000062,LEAD-000099,CUST-003756,VEH-006502,SP-008,2026-06-29,18:00,Test Drive,Completed,Voice Agent,Synthetic dealership appointment; authoritative status is stored in this record.,2026-06-26T15:00:00+00:00
APT-000063,LEAD-000229,CUST-004706,VEH-000410,SP-007,2026-09-12,11:00,Virtual Consultation,Confirmed,Website,Synthetic dealership appointment; authoritative status is stored in this record.,2026-08-08T15:00:00+00:00
APT-000064,LEAD-003158,CUST-001836,VEH-007976,SP-001,2026-09-11,11:00,Financing Consultation,Confirmed,Voice Agent,Synthetic dealership appointment; authoritative status is stored in this record.,2026-08-12T15:00:00+00:00
APT-000065,LEAD-000552,CUST-004177,VEH-008175,SP-006,2026-04-04,17:00,Financing Consultation,No Show,Website,Synthetic dealership appointment; authoritative status is stored in this record.,2026-03-21T15:00:00+00:00
APT-000066,LEAD-002965,CUST-003351,VEH-009398,SP-003,2026-07-09,14:00,Trade-In Appraisal,Completed,Voice Agent,Synthetic dealership appointment; authoritative status is stored in this record.,2026-06-26T15:00:00+00:00
APT-000067,LEAD-003527,CUST-002023,VEH-001954,SP-005,2026-04-30,16:00,Financing Consultation,Completed,Website,Synthetic dealership appointment; authoritative status is stored in this record.,2026-04-21T15:00:00+00:00
APT-000068,LEAD-002631,CUST-001217,VEH-001196,SP-002,2026-06-17,09:00,Financing Consultation,Completed,Salesperson,Synthetic dealership appointment; authoritative status is stored in this record.,2026-06-05T15:00:00+00:00
APT-000069,LEAD-001136,CUST-002938,VEH-000713,SP-001,2026-06-24,10:00,Test Drive,Completed,Voice Agent,Synthetic dealership appointment; authoritative status is stored in this record.,2026-06-06T15:00:00+00:00
APT-000070,LEAD-003913,CUST-002836,VEH-004383,SP-001,2026-09-14,12:00,Test Drive,Confirmed,Website,Synthetic dealership appointment; authoritative status is stored in this record.,2026-08-17T15:00:00+00:00
APT-000071,LEAD-002687,CUST-004261,VEH-002885,SP-008,2026-09-18,11:30,Test Drive,Requested,Salesperson,Synthetic dealership appointment; authoritative status is stored in this record.,2026-08-17T15:00:00+00:00
APT-000072,LEAD-002078,CUST-001700,VEH-009246,SP-010,2026-04-22,16:00,Test Drive,Completed,Customer Service,Synthetic dealership appointment; authoritative status is stored in this record.,2026-04-15T15:00:00+00:00
APT-000073,LEAD-001710,CUST-000372,VEH-002448,SP-006,2026-09-18,14:30,Test Drive,Confirmed,Voice Agent,Synthetic dealership appointment; authoritative status is stored in this record.,2026-08-21T15:00:00+00:00
APT-000074,LEAD-001520,CUST-003391,VEH-001908,SP-005,2026-10-02,11:00,Trade-In Appraisal,Confirmed,Customer Service,Synthetic dealership appointment; authoritative status is stored in this record.,2026-08-24T15:00:00+00:00
APT-000075,LEAD-003545,CUST-004392,VEH-007145,SP-006,2026-07-04,11:30,Test Drive,Completed,Website,Synthetic dealership appointment; authoritative status is stored in this record.,2026-06-13T15:00:00+00:00
APT-000076,LEAD-000653,CUST-004284,VEH-008175,SP-005,2026-06-29,15:00,Test Drive,Cancelled,Voice Agent,Synthetic dealership appointment; authoritative status is stored in this record.,2026-06-08T15:00:00+00:00
APT-000077,LEAD-003610,CUST-001127,VEH-004903,SP-006,2026-05-28,16:00,Test Drive,Completed,Website,Synthetic dealership appointment; authoritative status is stored in this record.,2026-05-26T15:00:00+00:00
APT-000078,LEAD-001462,CUST-003108,VEH-009476,SP-001,2026-03-30,09:30,Test Drive,Completed,Customer Service,Synthetic dealership appointment; authoritative status is stored in this record.,2026-03-23T15:00:00+00:00
APT-000079,LEAD-002577,CUST-001125,VEH-007270,SP-005,2026-09-19,12:30,Test Drive,Requested,Voice Agent,Synthetic dealership appointment; authoritative status is stored in this record.,2026-08-20T15:00:00+00:00
APT-000080,LEAD-003995,CUST-004350,VEH-001619,SP-001,2026-05-15,10:00,Test Drive,No Show,Website,Synthetic dealership appointment; authoritative status is stored in this record.,2026-04-24T15:00:00+00:00
APT-000081,LEAD-002170,CUST-001449,VEH-009741,SP-001,2026-10-06,14:00,Test Drive,Confirmed,Voice Agent,Synthetic dealership appointment; authoritative status is stored in this record.,2026-08-12T15:00:00+00:00
APT-000082,LEAD-003220,CUST-002096,VEH-002259,SP-001,2026-08-21,14:30,Virtual Consultation,Completed,Salesperson,Synthetic dealership appointment; authoritative status is stored in this record.,2026-08-18T15:00:00+00:00
APT-000083,LEAD-000282,CUST-002022,VEH-002162,SP-001,2026-07-09,16:00,Test Drive,Completed,Salesperson,Synthetic dealership appointment; authoritative status is stored in this record.,2026-06-25T15:00:00+00:00
APT-000084,LEAD-003381,CUST-003809,VEH-002671,SP-001,2026-04-27,14:00,Trade-In Appraisal,Completed,Website,Synthetic dealership appointment; authoritative status is stored in this record.,2026-04-16T15:00:00+00:00
APT-000085,LEAD-002506,CUST-001082,VEH-007613,SP-007,2026-04-05,12:00,Virtual Consultation,Cancelled,Customer Service,Synthetic dealership appointment; authoritative status is stored in this record.,2026-03-31T15:00:00+00:00
APT-000086,LEAD-003085,CUST-001636,VEH-004766,SP-010,2026-08-31,11:00,Test Drive,Rescheduled,Salesperson,Synthetic dealership appointment; authoritative status is stored in this record.,2026-08-20T15:00:00+00:00
APT-000087,LEAD-000517,CUST-000928,VEH-007628,SP-004,2026-09-10,10:00,Test Drive,Confirmed,Salesperson,Synthetic dealership appointment; authoritative status is stored in this record.,2026-08-07T15:00:00+00:00
APT-000088,LEAD-002315,CUST-002476,VEH-003881,SP-007,2026-09-20,15:30,Financing Consultation,Confirmed,Salesperson,Synthetic dealership appointment; authoritative status is stored in this record.,2026-08-05T15:00:00+00:00
APT-000089,LEAD-003726,CUST-003916,VEH-005199,SP-007,2026-06-14,15:30,Test Drive,Completed,Voice Agent,Synthetic dealership appointment; authoritative status is stored in this record.,2026-05-30T15:00:00+00:00
APT-000090,LEAD-001082,CUST-004764,VEH-004477,SP-007,2026-05-31,09:30,Test Drive,Completed,Voice Agent,Synthetic dealership appointment; authoritative status is stored in this record.,2026-05-23T15:00:00+00:00
APT-000091,LEAD-002978,CUST-002517,VEH-008050,SP-006,2026-09-17,17:30,Virtual Consultation,Requested,Website,Synthetic dealership appointment; authoritative status is stored in this record.,2026-08-18T15:00:00+00:00
APT-000092,LEAD-001786,CUST-000262,VEH-004593,SP-001,2026-09-11,10:30,Virtual Consultation,Confirmed,Customer Service,Synthetic dealership appointment; authoritative status is stored in this record.,2026-08-05T15:00:00+00:00
APT-000093,LEAD-001433,CUST-002243,VEH-003699,SP-002,2026-04-10,16:30,Test Drive,Cancelled,Customer Service,Synthetic dealership appointment; authoritative status is stored in this record.,2026-04-05T15:00:00+00:00
APT-000094,LEAD-000264,CUST-001233,VEH-007208,SP-002,2026-10-07,14:30,Trade-In Appraisal,Confirmed,Website,Synthetic dealership appointment; authoritative status is stored in this record.,2026-08-14T15:00:00+00:00
APT-000095,LEAD-003088,CUST-001197,VEH-000941,SP-001,2026-08-24,10:30,Test Drive,Completed,Customer Service,Synthetic dealership appointment; authoritative status is stored in this record.,2026-08-04T15:00:00+00:00
APT-000096,LEAD-000690,CUST-003704,VEH-009186,SP-007,2026-09-26,13:00,Virtual Consultation,Confirmed,Salesperson,Synthetic dealership appointment; authoritative status is stored in this record.,2026-08-04T15:00:00+00:00
APT-000097,LEAD-000617,CUST-000553,VEH-006007,SP-005,2026-09-22,13:30,Test Drive,Confirmed,Salesperson,Synthetic dealership appointment; authoritative status is stored in this record.,2026-08-22T15:00:00+00:00
APT-000098,LEAD-001374,CUST-002496,VEH-005977,SP-005,2026-10-08,13:00,Test Drive,Requested,Salesperson,Synthetic dealership appointment; authoritative status is stored in this record.,2026-08-23T15:00:00+00:00
APT-000099,LEAD-001248,CUST-002294,VEH-008148,SP-007,2026-09-06,16:30,Test Drive,Confirmed,Website,Synthetic dealership appointment; authoritative status is stored in this record.,2026-08-04T15:00:00+00:00
APT-000100,LEAD-000267,CUST-004867,VEH-009986,SP-001,2026-08-11,11:00,Test Drive,Completed,Website,Synthetic dealership appointment; authoritative status is stored in this record.,2026-07-26T15:00:00+00:00
APT-000101,LEAD-003092,CUST-004509,VEH-000203,SP-001,2026-09-16,16:00,Financing Consultation,Requested,Website,Synthetic dealership appointment; authoritative status is stored in this record.,2026-08-06T15:00:00+00:00
APT-000102,LEAD-001423,CUST-004399,VEH-007064,SP-006,2026-10-03,11:30,Financing Consultation,Confirmed,Voice Agent,Synthetic dealership appointment; authoritative status is stored in this record.,2026-08-17T15:00:00+00:00
APT-000103,LEAD-000144,CUST-003430,VEH-004418,SP-002,2026-09-30,13:00,Test Drive,Confirmed,Website,Synthetic dealership appointment; authoritative status is stored in this record.,2026-08-06T15:00:00+00:00
APT-000104,LEAD-001116,CUST-001908,VEH-005365,SP-001,2026-05-04,08:30,Test Drive,No Show,Website,Synthetic dealership appointment; authoritative status is stored in this record.,2026-04-20T15:00:00+00:00
APT-000105,LEAD-001971,CUST-000607,VEH-002436,SP-006,2026-04-17,15:00,Financing Consultation,No Show,Salesperson,Synthetic dealership appointment; authoritative status is stored in this record.,2026-04-03T15:00:00+00:00
APT-000106,LEAD-000619,CUST-001209,VEH-003749,SP-003,2026-07-17,17:00,Test Drive,Completed,Voice Agent,Synthetic dealership appointment; authoritative status is stored in this record.,2026-07-01T15:00:00+00:00
APT-000107,LEAD-000317,CUST-003411,VEH-003692,SP-006,2026-09-18,14:00,Financing Consultation,Requested,Voice Agent,Synthetic dealership appointment; authoritative status is stored in this record.,2026-08-13T15:00:00+00:00
APT-000108,LEAD-002208,CUST-000687,VEH-002063,SP-002,2026-08-26,15:30,Virtual Consultation,Confirmed,Salesperson,Synthetic dealership appointment; authoritative status is stored in this record.,2026-08-04T15:00:00+00:00
APT-000109,LEAD-002458,CUST-001448,VEH-007587,SP-006,2026-07-11,10:30,Test Drive,Completed,Website,Synthetic dealership appointment; authoritative status is stored in this record.,2026-06-25T15:00:00+00:00
APT-000110,LEAD-003014,CUST-003820,VEH-000891,SP-006,2026-04-14,17:30,Test Drive,Completed,Customer Service,Synthetic dealership appointment; authoritative status is stored in this record.,2026-04-13T15:00:00+00:00
APT-000111,LEAD-003121,CUST-001573,VEH-001447,SP-007,2026-05-02,14:30,Trade-In Appraisal,No Show,Salesperson,Synthetic dealership appointment; authoritative status is stored in this record.,2026-04-23T15:00:00+00:00
APT-000112,LEAD-001386,CUST-004965,VEH-006859,SP-004,2026-07-11,17:00,Trade-In Appraisal,Completed,Salesperson,Synthetic dealership appointment; authoritative status is stored in this record.,2026-07-01T15:00:00+00:00
APT-000113,LEAD-001042,CUST-000773,VEH-008136,SP-001,2026-09-18,11:30,Virtual Consultation,Requested,Website,Synthetic dealership appointment; authoritative status is stored in this record.,2026-08-21T15:00:00+00:00
APT-000114,LEAD-002140,CUST-002548,VEH-002935,SP-008,2026-08-24,16:00,Virtual Consultation,Completed,Website,Synthetic dealership appointment; authoritative status is stored in this record.,2026-08-12T15:00:00+00:00
APT-000115,LEAD-002605,CUST-004669,VEH-004899,SP-001,2026-09-14,14:00,Test Drive,Requested,Salesperson,Synthetic dealership appointment; authoritative status is stored in this record.,2026-08-21T15:00:00+00:00
APT-000116,LEAD-002750,CUST-000317,VEH-003659,SP-008,2026-06-26,10:30,Trade-In Appraisal,Cancelled,Salesperson,Synthetic dealership appointment; authoritative status is stored in this record.,2026-06-20T15:00:00+00:00
APT-000117,LEAD-000760,CUST-000101,VEH-002538,SP-001,2026-09-28,10:30,Test Drive,Confirmed,Salesperson,Synthetic dealership appointment; authoritative status is stored in this record.,2026-08-05T15:00:00+00:00
APT-000118,LEAD-000115,CUST-000601,VEH-005843,SP-008,2026-04-30,16:30,Financing Consultation,Cancelled,Customer Service,Synthetic dealership appointment; authoritative status is stored in this record.,2026-04-28T15:00:00+00:00
APT-000119,LEAD-000641,CUST-001998,VEH-008050,SP-005,2026-06-10,09:30,Test Drive,Cancelled,Customer Service,Synthetic dealership appointment; authoritative status is stored in this record.,2026-06-05T15:00:00+00:00
APT-000120,LEAD-002145,CUST-001967,VEH-001659,SP-007,2026-09-12,17:00,Test Drive,Rescheduled,Voice Agent,Synthetic dealership appointment; authoritative status is stored in this record.,2026-08-05T15:00:00+00:00
APT-000121,LEAD-000963,CUST-001985,VEH-007828,SP-006,2026-08-21,11:00,Virtual Consultation,No Show,Website,Synthetic dealership appointment; authoritative status is stored in this record.,2026-08-14T15:00:00+00:00
APT-000122,LEAD-000771,CUST-001570,VEH-007447,SP-004,2026-06-06,10:30,Test Drive,Completed,Customer Service,Synthetic dealership appointment; authoritative status is stored in this record.,2026-06-02T15:00:00+00:00
APT-000123,LEAD-000347,CUST-003217,VEH-005530,SP-001,2026-10-02,09:00,Trade-In Appraisal,Confirmed,Voice Agent,Synthetic dealership appointment; authoritative status is stored in this record.,2026-08-11T15:00:00+00:00
APT-000124,LEAD-001511,CUST-002087,VEH-004005,SP-010,2026-09-17,15:00,Test Drive,Confirmed,Voice Agent,Synthetic dealership appointment; authoritative status is stored in this record.,2026-08-25T15:00:00+00:00
APT-000125,LEAD-000908,CUST-003079,VEH-002958,SP-006,2026-07-18,17:30,Test Drive,Completed,Salesperson,Synthetic dealership appointment; authoritative status is stored in this record.,2026-07-08T15:00:00+00:00
APT-000126,LEAD-003845,CUST-000320,VEH-005756,SP-005,2026-07-29,10:00,Test Drive,Completed,Salesperson,Synthetic dealership appointment; authoritative status is stored in this record.,2026-07-16T15:00:00+00:00
APT-000127,LEAD-003808,CUST-004130,VEH-009624,SP-002,2026-05-28,09:30,Test Drive,Cancelled,Website,Synthetic dealership appointment; authoritative status is stored in this record.,2026-05-11T15:00:00+00:00
APT-000128,LEAD-003529,CUST-002430,VEH-009363,SP-005,2026-10-07,15:30,Test Drive,Requested,Customer Service,Synthetic dealership appointment; authoritative status is stored in this record.,2026-08-21T15:00:00+00:00
APT-000129,LEAD-003581,CUST-003961,VEH-006909,SP-007,2026-04-04,15:30,Virtual Consultation,Cancelled,Voice Agent,Synthetic dealership appointment; authoritative status is stored in this record.,2026-03-27T15:00:00+00:00
APT-000130,LEAD-003218,CUST-002074,VEH-003346,SP-004,2026-06-11,18:00,Test Drive,Completed,Website,Synthetic dealership appointment; authoritative status is stored in this record.,2026-06-10T15:00:00+00:00
APT-000131,LEAD-000816,CUST-002621,VEH-000578,SP-002,2026-09-18,17:00,Test Drive,Confirmed,Salesperson,Synthetic dealership appointment; authoritative status is stored in this record.,2026-08-13T15:00:00+00:00
APT-000132,LEAD-002820,CUST-004089,VEH-007274,SP-001,2026-06-09,10:30,Virtual Consultation,Completed,Voice Agent,Synthetic dealership appointment; authoritative status is stored in this record.,2026-05-23T15:00:00+00:00
APT-000133,LEAD-002739,CUST-002934,VEH-000134,SP-006,2026-09-12,10:30,Test Drive,Confirmed,Customer Service,Synthetic dealership appointment; authoritative status is stored in this record.,2026-08-22T15:00:00+00:00
APT-000134,LEAD-002473,CUST-003310,VEH-009010,SP-004,2026-09-12,16:00,Test Drive,Confirmed,Customer Service,Synthetic dealership appointment; authoritative status is stored in this record.,2026-08-16T15:00:00+00:00
APT-000135,LEAD-001967,CUST-003810,VEH-008740,SP-006,2026-05-01,10:30,Financing Consultation,Completed,Salesperson,Synthetic dealership appointment; authoritative status is stored in this record.,2026-04-13T15:00:00+00:00
APT-000136,LEAD-001303,CUST-004477,VEH-003671,SP-006,2026-07-31,16:00,Trade-In Appraisal,Completed,Website,Synthetic dealership appointment; authoritative status is stored in this record.,2026-07-26T15:00:00+00:00
APT-000137,LEAD-000733,CUST-003093,VEH-009101,SP-007,2026-08-29,11:00,Test Drive,Confirmed,Voice Agent,Synthetic dealership appointment; authoritative status is stored in this record.,2026-08-18T15:00:00+00:00
APT-000138,LEAD-003295,CUST-004617,VEH-002065,SP-007,2026-09-27,10:00,Financing Consultation,Requested,Customer Service,Synthetic dealership appointment; authoritative status is stored in this record.,2026-08-21T15:00:00+00:00
APT-000139,LEAD-000131,CUST-002542,VEH-000327,SP-007,2026-06-21,10:30,Test Drive,Completed,Salesperson,Synthetic dealership appointment; authoritative status is stored in this record.,2026-06-06T15:00:00+00:00
APT-000140,LEAD-002211,CUST-001158,VEH-005135,SP-002,2026-04-08,09:00,Virtual Consultation,No Show,Voice Agent,Synthetic dealership appointment; authoritative status is stored in this record.,2026-03-22T15:00:00+00:00
APT-000141,LEAD-001989,CUST-000528,VEH-008723,SP-003,2026-09-15,17:00,Test Drive,Confirmed,Voice Agent,Synthetic dealership appointment; authoritative status is stored in this record.,2026-08-17T15:00:00+00:00
APT-000142,LEAD-000982,CUST-001944,VEH-002726,SP-001,2026-09-30,15:00,Financing Consultation,Requested,Salesperson,Synthetic dealership appointment; authoritative status is stored in this record.,2026-08-22T15:00:00+00:00
APT-000143,LEAD-002700,CUST-001236,VEH-001333,SP-006,2026-10-02,17:00,Test Drive,Rescheduled,Customer Service,Synthetic dealership appointment; authoritative status is stored in this record.,2026-08-23T15:00:00+00:00
APT-000144,LEAD-003886,CUST-003748,VEH-005265,SP-002,2026-09-12,17:30,Financing Consultation,Confirmed,Salesperson,Synthetic dealership appointment; authoritative status is stored in this record.,2026-08-25T15:00:00+00:00
APT-000145,LEAD-001251,CUST-000636,VEH-008802,SP-002,2026-09-23,11:00,Test Drive,Confirmed,Voice Agent,Synthetic dealership appointment; authoritative status is stored in this record.,2026-08-17T15:00:00+00:00
APT-000146,LEAD-003407,CUST-003325,VEH-006007,SP-005,2026-06-02,17:00,Financing Consultation,Cancelled,Salesperson,Synthetic dealership appointment; authoritative status is stored in this record.,2026-05-17T15:00:00+00:00
APT-000147,LEAD-003968,CUST-002477,VEH-006543,SP-002,2026-09-25,14:00,Test Drive,Confirmed,Website,Synthetic dealership appointment; authoritative status is stored in this record.,2026-08-20T15:00:00+00:00
APT-000148,LEAD-002179,CUST-001403,VEH-006525,SP-005,2026-07-31,12:00,Test Drive,Completed,Salesperson,Synthetic dealership appointment; authoritative status is stored in this record.,2026-07-24T15:00:00+00:00
APT-000149,LEAD-001700,CUST-002648,VEH-002671,SP-006,2026-09-11,18:30,Test Drive,Confirmed,Website,Synthetic dealership appointment; authoritative status is stored in this record.,2026-08-10T15:00:00+00:00
APT-000150,LEAD-002964,CUST-001581,VEH-003187,SP-006,2026-04-29,17:30,Test Drive,Completed,Voice Agent,Synthetic dealership appointment; authoritative status is stored in this record.,2026-04-11T15:00:00+00:00
APT-000151,LEAD-003931,CUST-000664,VEH-005771,SP-004,2026-09-25,17:00,Test Drive,Requested,Website,Synthetic dealership appointment; authoritative status is stored in this record.,2026-08-20T15:00:00+00:00
APT-000152,LEAD-002534,CUST-000522,VEH-000278,SP-006,2026-06-26,14:30,Financing Consultation,Completed,Salesperson,Synthetic dealership appointment; authoritative status is stored in this record.,2026-06-19T15:00:00+00:00
APT-000153,LEAD-000970,CUST-000137,VEH-008718,SP-002,2026-10-08,13:30,Test Drive,Rescheduled,Salesperson,Synthetic dealership appointment; authoritative status is stored in this record.,2026-08-06T15:00:00+00:00
APT-000154,LEAD-002248,CUST-000375,VEH-005444,SP-005,2026-08-15,15:00,Trade-In Appraisal,Completed,Voice Agent,Synthetic dealership appointment; authoritative status is stored in this record.,2026-08-14T15:00:00+00:00
APT-000155,LEAD-000596,CUST-003057,VEH-003583,SP-001,2026-09-08,15:00,Virtual Consultation,Confirmed,Website,Synthetic dealership appointment; authoritative status is stored in this record.,2026-08-18T15:00:00+00:00
APT-000156,LEAD-003460,CUST-003692,VEH-006269,SP-003,2026-07-09,10:00,Test Drive,Cancelled,Salesperson,Synthetic dealership appointment; authoritative status is stored in this record.,2026-07-07T15:00:00+00:00
APT-000157,LEAD-002868,CUST-002249,VEH-009327,SP-006,2026-08-13,15:30,Trade-In Appraisal,Cancelled,Voice Agent,Synthetic dealership appointment; authoritative status is stored in this record.,2026-07-31T15:00:00+00:00
APT-000158,LEAD-001085,CUST-002532,VEH-005043,SP-006,2026-09-03,16:00,Test Drive,Rescheduled,Voice Agent,Synthetic dealership appointment; authoritative status is stored in this record.,2026-08-17T15:00:00+00:00
APT-000159,LEAD-003721,CUST-000806,VEH-008332,SP-006,2026-07-09,18:30,Test Drive,No Show,Customer Service,Synthetic dealership appointment; authoritative status is stored in this record.,2026-06-25T15:00:00+00:00
APT-000160,LEAD-000805,CUST-003741,VEH-007035,SP-002,2026-06-19,14:30,Test Drive,Cancelled,Salesperson,Synthetic dealership appointment; authoritative status is stored in this record.,2026-05-31T15:00:00+00:00
APT-000161,LEAD-002166,CUST-003104,VEH-008126,SP-006,2026-09-11,15:00,Test Drive,Requested,Voice Agent,Synthetic dealership appointment; authoritative status is stored in this record.,2026-08-21T15:00:00+00:00
APT-000162,LEAD-000309,CUST-004220,VEH-007105,SP-002,2026-10-08,17:00,Virtual Consultation,Requested,Salesperson,Synthetic dealership appointment; authoritative status is stored in this record.,2026-08-05T15:00:00+00:00
APT-000163,LEAD-000266,CUST-000408,VEH-008450,SP-004,2026-09-09,18:00,Test Drive,Confirmed,Website,Synthetic dealership appointment; authoritative status is stored in this record.,2026-08-04T15:00:00+00:00
APT-000164,LEAD-002763,CUST-001627,VEH-007709,SP-007,2026-07-05,16:30,Test Drive,Completed,Voice Agent,Synthetic dealership appointment; authoritative status is stored in this record.,2026-07-03T15:00:00+00:00
APT-000165,LEAD-001624,CUST-004447,VEH-004912,SP-008,2026-10-01,18:00,Test Drive,Confirmed,Website,Synthetic dealership appointment; authoritative status is stored in this record.,2026-08-20T15:00:00+00:00
APT-000166,LEAD-002913,CUST-002824,VEH-004773,SP-010,2026-09-10,11:00,Test Drive,Confirmed,Voice Agent,Synthetic dealership appointment; authoritative status is stored in this record.,2026-08-17T15:00:00+00:00
APT-000167,LEAD-001983,CUST-002743,VEH-005762,SP-001,2026-06-04,13:00,Virtual Consultation,Completed,Website,Synthetic dealership appointment; authoritative status is stored in this record.,2026-05-23T15:00:00+00:00
APT-000168,LEAD-003596,CUST-004438,VEH-003116,SP-001,2026-07-17,10:00,Financing Consultation,Cancelled,Voice Agent,Synthetic dealership appointment; authoritative status is stored in this record.,2026-07-10T15:00:00+00:00
APT-000169,LEAD-003274,CUST-002704,VEH-009734,SP-001,2026-07-23,12:30,Virtual Consultation,No Show,Voice Agent,Synthetic dealership appointment; authoritative status is stored in this record.,2026-07-20T15:00:00+00:00
APT-000170,LEAD-003125,CUST-001680,VEH-004862,SP-008,2026-05-02,18:00,Test Drive,No Show,Salesperson,Synthetic dealership appointment; authoritative status is stored in this record.,2026-04-26T15:00:00+00:00
APT-000171,LEAD-002431,CUST-003250,VEH-001788,SP-006,2026-07-02,13:00,Test Drive,Completed,Salesperson,Synthetic dealership appointment; authoritative status is stored in this record.,2026-06-21T15:00:00+00:00
APT-000172,LEAD-000640,CUST-003186,VEH-007992,SP-005,2026-07-25,11:00,Virtual Consultation,Cancelled,Voice Agent,Synthetic dealership appointment; authoritative status is stored in this record.,2026-07-15T15:00:00+00:00
APT-000173,LEAD-002479,CUST-002890,VEH-001309,SP-002,2026-07-07,11:00,Test Drive,Cancelled,Voice Agent,Synthetic dealership appointment; authoritative status is stored in this record.,2026-06-22T15:00:00+00:00
APT-000174,LEAD-003890,CUST-000386,VEH-007354,SP-005,2026-10-06,16:30,Financing Consultation,Confirmed,Website,Synthetic dealership appointment; authoritative status is stored in this record.,2026-08-17T15:00:00+00:00
APT-000175,LEAD-001576,CUST-004959,VEH-005148,SP-007,2026-08-08,09:00,Test Drive,Completed,Website,Synthetic dealership appointment; authoritative status is stored in this record.,2026-07-28T15:00:00+00:00
APT-000176,LEAD-002862,CUST-003619,VEH-001273,SP-006,2026-06-13,15:30,Financing Consultation,Completed,Website,Synthetic dealership appointment; authoritative status is stored in this record.,2026-06-11T15:00:00+00:00
APT-000177,LEAD-003183,CUST-004144,VEH-005408,SP-006,2026-09-22,12:30,Virtual Consultation,Confirmed,Website,Synthetic dealership appointment; authoritative status is stored in this record.,2026-08-25T15:00:00+00:00
APT-000178,LEAD-003580,CUST-002226,VEH-001141,SP-006,2026-06-20,12:30,Virtual Consultation,Completed,Customer Service,Synthetic dealership appointment; authoritative status is stored in this record.,2026-05-31T15:00:00+00:00
APT-000179,LEAD-002524,CUST-001726,VEH-009819,SP-006,2026-09-16,13:00,Test Drive,Confirmed,Website,Synthetic dealership appointment; authoritative status is stored in this record.,2026-08-08T15:00:00+00:00
APT-000180,LEAD-002580,CUST-004528,VEH-004862,SP-004,2026-04-24,17:00,Test Drive,Completed,Salesperson,Synthetic dealership appointment; authoritative status is stored in this record.,2026-04-21T15:00:00+00:00
APT-000181,LEAD-001059,CUST-004626,VEH-004077,SP-001,2026-07-22,10:00,Trade-In Appraisal,Completed,Customer Service,Synthetic dealership appointment; authoritative status is stored in this record.,2026-07-11T15:00:00+00:00
APT-000182,LEAD-002773,CUST-003077,VEH-009449,SP-002,2026-07-17,17:00,Test Drive,Completed,Website,Synthetic dealership appointment; authoritative status is stored in this record.,2026-07-11T15:00:00+00:00
APT-000183,LEAD-000351,CUST-003628,VEH-006692,SP-001,2026-08-04,14:00,Test Drive,Completed,Voice Agent,Synthetic dealership appointment; authoritative status is stored in this record.,2026-07-24T15:00:00+00:00
APT-000184,LEAD-003429,CUST-004005,VEH-005615,SP-005,2026-09-23,14:30,Trade-In Appraisal,Confirmed,Voice Agent,Synthetic dealership appointment; authoritative status is stored in this record.,2026-08-22T15:00:00+00:00
APT-000185,LEAD-001135,CUST-004185,VEH-001310,SP-001,2026-09-04,11:30,Trade-In Appraisal,Requested,Salesperson,Synthetic dealership appointment; authoritative status is stored in this record.,2026-08-14T15:00:00+00:00
APT-000186,LEAD-001355,CUST-003541,VEH-001340,SP-006,2026-10-03,13:00,Test Drive,Confirmed,Customer Service,Synthetic dealership appointment; authoritative status is stored in this record.,2026-08-15T15:00:00+00:00
APT-000187,LEAD-000467,CUST-002633,VEH-008467,SP-001,2026-09-03,10:00,Test Drive,Confirmed,Salesperson,Synthetic dealership appointment; authoritative status is stored in this record.,2026-08-07T15:00:00+00:00
APT-000188,LEAD-002911,CUST-000054,VEH-009224,SP-006,2026-09-10,13:00,Test Drive,Rescheduled,Voice Agent,Synthetic dealership appointment; authoritative status is stored in this record.,2026-08-07T15:00:00+00:00
APT-000189,LEAD-001698,CUST-004929,VEH-001191,SP-006,2026-05-01,11:00,Test Drive,Completed,Customer Service,Synthetic dealership appointment; authoritative status is stored in this record.,2026-04-15T15:00:00+00:00
APT-000190,LEAD-000996,CUST-000799,VEH-005615,SP-004,2026-09-24,15:00,Test Drive,Confirmed,Website,Synthetic dealership appointment; authoritative status is stored in this record.,2026-08-19T15:00:00+00:00
APT-000191,LEAD-002438,CUST-000990,VEH-000615,SP-006,2026-09-16,18:30,Test Drive,Rescheduled,Salesperson,Synthetic dealership appointment; authoritative status is stored in this record.,2026-08-25T15:00:00+00:00
APT-000192,LEAD-000300,CUST-003570,VEH-005106,SP-001,2026-09-10,11:30,Test Drive,Rescheduled,Website,Synthetic dealership appointment; authoritative status is stored in this record.,2026-08-17T15:00:00+00:00
APT-000193,LEAD-002441,CUST-004110,VEH-004220,SP-006,2026-04-29,13:30,Test Drive,Cancelled,Website,Synthetic dealership appointment; authoritative status is stored in this record.,2026-04-16T15:00:00+00:00
APT-000194,LEAD-003484,CUST-000729,VEH-001629,SP-005,2026-07-31,10:30,Test Drive,Completed,Salesperson,Synthetic dealership appointment; authoritative status is stored in this record.,2026-07-24T15:00:00+00:00
APT-000195,LEAD-001941,CUST-004553,VEH-005174,SP-002,2026-07-28,11:00,Trade-In Appraisal,Completed,Customer Service,Synthetic dealership appointment; authoritative status is stored in this record.,2026-07-19T15:00:00+00:00
APT-000196,LEAD-002494,CUST-001342,VEH-001953,SP-006,2026-09-16,13:30,Virtual Consultation,Requested,Website,Synthetic dealership appointment; authoritative status is stored in this record.,2026-08-23T15:00:00+00:00
APT-000197,LEAD-002899,CUST-004936,VEH-002729,SP-007,2026-09-12,10:30,Financing Consultation,Confirmed,Website,Synthetic dealership appointment; authoritative status is stored in this record.,2026-08-08T15:00:00+00:00
APT-000198,LEAD-003611,CUST-001995,VEH-005058,SP-005,2026-08-28,15:30,Virtual Consultation,Confirmed,Website,Synthetic dealership appointment; authoritative status is stored in this record.,2026-08-18T15:00:00+00:00
APT-000199,LEAD-001523,CUST-001644,VEH-008567,SP-008,2026-09-26,14:30,Test Drive,Confirmed,Customer Service,Synthetic dealership appointment; authoritative status is stored in this record.,2026-08-05T15:00:00+00:00
APT-000200,LEAD-001719,CUST-001681,VEH-009271,SP-006,2026-07-10,18:00,Test Drive,Completed,Customer Service,Synthetic dealership appointment; authoritative status is stored in this record.,2026-06-24T15:00:00+00:00
APT-000201,LEAD-003600,CUST-003956,VEH-004157,SP-006,2026-09-18,18:30,Test Drive,Requested,Voice Agent,Synthetic dealership appointment; authoritative status is stored in this record.,2026-08-14T15:00:00+00:00
APT-000202,LEAD-000021,CUST-003779,VEH-007174,SP-006,2026-05-07,12:30,Virtual Consultation,Completed,Website,Synthetic dealership appointment; authoritative status is stored in this record.,2026-04-17T15:00:00+00:00
APT-000203,LEAD-002508,CUST-004938,VEH-003487,SP-001,2026-05-11,10:30,Test Drive,Completed,Salesperson,Synthetic dealership appointment; authoritative status is stored in this record.,2026-05-08T15:00:00+00:00
APT-000204,LEAD-002410,CUST-000842,VEH-003844,SP-007,2026-10-04,11:00,Test Drive,Confirmed,Customer Service,Synthetic dealership appointment; authoritative status is stored in this record.,2026-08-10T15:00:00+00:00
APT-000205,LEAD-000032,CUST-000079,VEH-009886,SP-008,2026-07-10,17:00,Financing Consultation,No Show,Voice Agent,Synthetic dealership appointment; authoritative status is stored in this record.,2026-07-01T15:00:00+00:00
APT-000206,LEAD-000041,CUST-004883,VEH-008709,SP-007,2026-06-27,09:30,Test Drive,No Show,Website,Synthetic dealership appointment; authoritative status is stored in this record.,2026-06-08T15:00:00+00:00
APT-000207,LEAD-002669,CUST-002432,VEH-004234,SP-001,2026-09-25,12:00,Virtual Consultation,Rescheduled,Website,Synthetic dealership appointment; authoritative status is stored in this record.,2026-08-08T15:00:00+00:00
APT-000208,LEAD-001713,CUST-000877,VEH-002660,SP-006,2026-04-16,14:30,Test Drive,Completed,Customer Service,Synthetic dealership appointment; authoritative status is stored in this record.,2026-04-10T15:00:00+00:00
APT-000209,LEAD-003045,CUST-003985,VEH-000556,SP-005,2026-10-03,12:00,Test Drive,Confirmed,Voice Agent,Synthetic dealership appointment; authoritative status is stored in this record.,2026-08-09T15:00:00+00:00
APT-000210,LEAD-002502,CUST-000453,VEH-000257,SP-004,2026-04-25,17:00,Test Drive,Cancelled,Website,Synthetic dealership appointment; authoritative status is stored in this record.,2026-04-10T15:00:00+00:00
APT-000211,LEAD-002339,CUST-004093,VEH-006636,SP-007,2026-07-11,12:00,Test Drive,Cancelled,Voice Agent,Synthetic dealership appointment; authoritative status is stored in this record.,2026-07-08T15:00:00+00:00
APT-000212,LEAD-003896,CUST-004813,VEH-001049,SP-007,2026-10-03,16:00,Virtual Consultation,Confirmed,Voice Agent,Synthetic dealership appointment; authoritative status is stored in this record.,2026-08-12T15:00:00+00:00
APT-000213,LEAD-003367,CUST-003106,VEH-003136,SP-001,2026-06-30,11:30,Test Drive,Completed,Salesperson,Synthetic dealership appointment; authoritative status is stored in this record.,2026-06-12T15:00:00+00:00
APT-000214,LEAD-003427,CUST-003264,VEH-000792,SP-006,2026-09-12,11:30,Test Drive,Confirmed,Salesperson,Synthetic dealership appointment; authoritative status is stored in this record.,2026-08-10T15:00:00+00:00
APT-000215,LEAD-000680,CUST-002512,VEH-001562,SP-001,2026-09-07,16:30,Virtual Consultation,Requested,Voice Agent,Synthetic dealership appointment; authoritative status is stored in this record.,2026-08-15T15:00:00+00:00
APT-000216,LEAD-003630,CUST-004840,VEH-000316,SP-007,2026-06-28,12:00,Test Drive,Completed,Voice Agent,Synthetic dealership appointment; authoritative status is stored in this record.,2026-06-16T15:00:00+00:00
APT-000217,LEAD-002121,CUST-001875,VEH-002175,SP-001,2026-09-22,14:00,Virtual Consultation,Requested,Website,Synthetic dealership appointment; authoritative status is stored in this record.,2026-08-04T15:00:00+00:00
APT-000218,LEAD-003199,CUST-001430,VEH-004421,SP-006,2026-05-21,15:30,Test Drive,Cancelled,Customer Service,Synthetic dealership appointment; authoritative status is stored in this record.,2026-05-17T15:00:00+00:00
APT-000219,LEAD-003319,CUST-003982,VEH-009292,SP-005,2026-10-03,16:00,Test Drive,Confirmed,Customer Service,Synthetic dealership appointment; authoritative status is stored in this record.,2026-08-07T15:00:00+00:00
APT-000220,LEAD-002275,CUST-000076,VEH-003305,SP-005,2026-06-26,10:00,Test Drive,Completed,Website,Synthetic dealership appointment; authoritative status is stored in this record.,2026-06-21T15:00:00+00:00
APT-000221,LEAD-003626,CUST-004710,VEH-009719,SP-005,2026-04-07,10:30,Test Drive,No Show,Voice Agent,Synthetic dealership appointment; authoritative status is stored in this record.,2026-03-21T15:00:00+00:00
APT-000222,LEAD-000719,CUST-001929,VEH-007701,SP-005,2026-09-28,14:30,Financing Consultation,Rescheduled,Salesperson,Synthetic dealership appointment; authoritative status is stored in this record.,2026-08-09T15:00:00+00:00
APT-000223,LEAD-001254,CUST-001066,VEH-003835,SP-001,2026-09-04,16:00,Trade-In Appraisal,Rescheduled,Voice Agent,Synthetic dealership appointment; authoritative status is stored in this record.,2026-08-08T15:00:00+00:00
APT-000224,LEAD-001925,CUST-003203,VEH-000801,SP-001,2026-06-18,11:30,Financing Consultation,Completed,Salesperson,Synthetic dealership appointment; authoritative status is stored in this record.,2026-06-08T15:00:00+00:00
APT-000225,LEAD-000899,CUST-000097,VEH-009510,SP-007,2026-09-05,11:00,Trade-In Appraisal,Requested,Website,Synthetic dealership appointment; authoritative status is stored in this record.,2026-08-14T15:00:00+00:00
APT-000226,LEAD-001304,CUST-002076,VEH-001724,SP-001,2026-09-29,15:30,Virtual Consultation,Confirmed,Website,Synthetic dealership appointment; authoritative status is stored in this record.,2026-08-04T15:00:00+00:00
APT-000227,LEAD-001745,CUST-003960,VEH-003097,SP-004,2026-06-24,15:00,Test Drive,Completed,Voice Agent,Synthetic dealership appointment; authoritative status is stored in this record.,2026-06-10T15:00:00+00:00
APT-000228,LEAD-003135,CUST-002754,VEH-008911,SP-006,2026-09-15,14:00,Test Drive,Requested,Website,Synthetic dealership appointment; authoritative status is stored in this record.,2026-08-21T15:00:00+00:00
APT-000229,LEAD-000412,CUST-003211,VEH-005078,SP-001,2026-06-01,15:00,Trade-In Appraisal,No Show,Voice Agent,Synthetic dealership appointment; authoritative status is stored in this record.,2026-05-23T15:00:00+00:00
APT-000230,LEAD-001569,CUST-001170,VEH-004683,SP-005,2026-09-19,15:00,Test Drive,Confirmed,Voice Agent,Synthetic dealership appointment; authoritative status is stored in this record.,2026-08-13T15:00:00+00:00
APT-000231,LEAD-003350,CUST-002516,VEH-004706,SP-002,2026-09-09,17:00,Financing Consultation,Requested,Website,Synthetic dealership appointment; authoritative status is stored in this record.,2026-08-19T15:00:00+00:00
APT-000232,LEAD-000510,CUST-002267,VEH-004730,SP-005,2026-07-23,16:00,Test Drive,Cancelled,Website,Synthetic dealership appointment; authoritative status is stored in this record.,2026-07-04T15:00:00+00:00
APT-000233,LEAD-001727,CUST-001084,VEH-005111,SP-001,2026-10-07,12:00,Test Drive,Requested,Salesperson,Synthetic dealership appointment; authoritative status is stored in this record.,2026-08-21T15:00:00+00:00
APT-000234,LEAD-000487,CUST-003495,VEH-007512,SP-006,2026-04-25,13:00,Test Drive,Completed,Salesperson,Synthetic dealership appointment; authoritative status is stored in this record.,2026-04-20T15:00:00+00:00
APT-000235,LEAD-001272,CUST-004645,VEH-001579,SP-002,2026-07-11,13:00,Test Drive,Completed,Salesperson,Synthetic dealership appointment; authoritative status is stored in this record.,2026-06-24T15:00:00+00:00
APT-000236,LEAD-001549,CUST-001263,VEH-000126,SP-005,2026-06-24,14:00,Test Drive,Completed,Customer Service,Synthetic dealership appointment; authoritative status is stored in this record.,2026-06-22T15:00:00+00:00
APT-000237,LEAD-000692,CUST-004515,VEH-007791,SP-002,2026-09-04,14:30,Test Drive,Confirmed,Salesperson,Synthetic dealership appointment; authoritative status is stored in this record.,2026-08-13T15:00:00+00:00
APT-000238,LEAD-003167,CUST-002952,VEH-003664,SP-005,2026-10-07,14:30,Test Drive,Requested,Voice Agent,Synthetic dealership appointment; authoritative status is stored in this record.,2026-08-14T15:00:00+00:00
APT-000239,LEAD-003522,CUST-004988,VEH-000894,SP-007,2026-04-12,13:30,Test Drive,No Show,Salesperson,Synthetic dealership appointment; authoritative status is stored in this record.,2026-04-02T15:00:00+00:00
APT-000240,LEAD-001807,CUST-003789,VEH-002130,SP-007,2026-03-28,13:30,Virtual Consultation,Completed,Website,Synthetic dealership appointment; authoritative status is stored in this record.,2026-03-09T15:00:00+00:00
APT-000241,LEAD-001514,CUST-003471,VEH-009051,SP-006,2026-07-04,18:30,Test Drive,Completed,Website,Synthetic dealership appointment; authoritative status is stored in this record.,2026-06-25T15:00:00+00:00
APT-000242,LEAD-003100,CUST-001162,VEH-003689,SP-005,2026-07-14,15:30,Test Drive,No Show,Salesperson,Synthetic dealership appointment; authoritative status is stored in this record.,2026-07-10T15:00:00+00:00
APT-000243,LEAD-003556,CUST-004552,VEH-004487,SP-006,2026-05-15,12:00,Trade-In Appraisal,Completed,Voice Agent,Synthetic dealership appointment; authoritative status is stored in this record.,2026-04-25T15:00:00+00:00
APT-000244,LEAD-000092,CUST-003097,VEH-002346,SP-002,2026-07-30,09:00,Test Drive,Cancelled,Customer Service,Synthetic dealership appointment; authoritative status is stored in this record.,2026-07-15T15:00:00+00:00
APT-000245,LEAD-001810,CUST-000393,VEH-009179,SP-006,2026-08-08,18:30,Virtual Consultation,Cancelled,Voice Agent,Synthetic dealership appointment; authoritative status is stored in this record.,2026-07-21T15:00:00+00:00
APT-000246,LEAD-001489,CUST-003116,VEH-006274,SP-007,2026-06-07,16:00,Test Drive,Cancelled,Salesperson,Synthetic dealership appointment; authoritative status is stored in this record.,2026-05-29T15:00:00+00:00
APT-000247,LEAD-003935,CUST-004042,VEH-006840,SP-007,2026-08-30,11:00,Virtual Consultation,Confirmed,Voice Agent,Synthetic dealership appointment; authoritative status is stored in this record.,2026-08-10T15:00:00+00:00
APT-000248,LEAD-003282,CUST-002595,VEH-008517,SP-006,2026-07-29,10:00,Financing Consultation,Completed,Customer Service,Synthetic dealership appointment; authoritative status is stored in this record.,2026-07-24T15:00:00+00:00
APT-000249,LEAD-001111,CUST-004784,VEH-002127,SP-006,2026-04-08,13:30,Test Drive,Completed,Salesperson,Synthetic dealership appointment; authoritative status is stored in this record.,2026-04-06T15:00:00+00:00
APT-000250,LEAD-003398,CUST-000474,VEH-004862,SP-001,2026-09-16,09:30,Test Drive,Confirmed,Salesperson,Synthetic dealership appointment; authoritative status is stored in this record.,2026-08-16T15:00:00+00:00
APT-000251,LEAD-001567,CUST-000893,VEH-004721,SP-007,2026-04-18,10:00,Test Drive,Completed,Salesperson,Synthetic dealership appointment; authoritative status is stored in this record.,2026-04-01T15:00:00+00:00
APT-000252,LEAD-002345,CUST-000552,VEH-006945,SP-010,2026-10-02,15:30,Test Drive,Requested,Salesperson,Synthetic dealership appointment; authoritative status is stored in this record.,2026-08-25T15:00:00+00:00
APT-000253,LEAD-000127,CUST-004738,VEH-002897,SP-006,2026-08-13,11:30,Test Drive,Completed,Website,Synthetic dealership appointment; authoritative status is stored in this record.,2026-08-04T15:00:00+00:00
APT-000254,LEAD-002151,CUST-004006,VEH-008768,SP-001,2026-09-28,10:00,Test Drive,Requested,Salesperson,Synthetic dealership appointment; authoritative status is stored in this record.,2026-08-24T15:00:00+00:00
APT-000255,LEAD-003588,CUST-000021,VEH-001905,SP-001,2026-05-04,13:00,Test Drive,Cancelled,Salesperson,Synthetic dealership appointment; authoritative status is stored in this record.,2026-05-02T15:00:00+00:00
APT-000256,LEAD-001106,CUST-001796,VEH-000295,SP-008,2026-07-31,18:30,Test Drive,Completed,Voice Agent,Synthetic dealership appointment; authoritative status is stored in this record.,2026-07-19T15:00:00+00:00
APT-000257,LEAD-001606,CUST-001468,VEH-008517,SP-005,2026-05-14,13:30,Test Drive,Completed,Website,Synthetic dealership appointment; authoritative status is stored in this record.,2026-05-04T15:00:00+00:00
APT-000258,LEAD-002199,CUST-000846,VEH-001006,SP-006,2026-04-11,18:30,Test Drive,Completed,Salesperson,Synthetic dealership appointment; authoritative status is stored in this record.,2026-03-23T15:00:00+00:00
APT-000259,LEAD-002711,CUST-000475,VEH-004692,SP-010,2026-09-08,09:00,Virtual Consultation,Rescheduled,Salesperson,Synthetic dealership appointment; authoritative status is stored in this record.,2026-08-15T15:00:00+00:00
APT-000260,LEAD-001486,CUST-004417,VEH-002222,SP-002,2026-06-16,12:00,Test Drive,Cancelled,Website,Synthetic dealership appointment; authoritative status is stored in this record.,2026-05-30T15:00:00+00:00
APT-000261,LEAD-002449,CUST-001193,VEH-006900,SP-001,2026-09-14,16:00,Test Drive,Confirmed,Customer Service,Synthetic dealership appointment; authoritative status is stored in this record.,2026-08-13T15:00:00+00:00
APT-000262,LEAD-002110,CUST-001889,VEH-009273,SP-006,2026-04-11,10:00,Financing Consultation,Completed,Salesperson,Synthetic dealership appointment; authoritative status is stored in this record.,2026-03-22T15:00:00+00:00
APT-000263,LEAD-001736,CUST-003581,VEH-006072,SP-006,2026-09-03,12:30,Test Drive,Confirmed,Salesperson,Synthetic dealership appointment; authoritative status is stored in this record.,2026-08-19T15:00:00+00:00
APT-000264,LEAD-002402,CUST-003334,VEH-004868,SP-003,2026-06-11,12:30,Test Drive,Cancelled,Website,Synthetic dealership appointment; authoritative status is stored in this record.,2026-05-23T15:00:00+00:00
APT-000265,LEAD-003868,CUST-004469,VEH-004492,SP-001,2026-05-04,12:30,Test Drive,Completed,Salesperson,Synthetic dealership appointment; authoritative status is stored in this record.,2026-04-30T15:00:00+00:00
APT-000266,LEAD-002796,CUST-004012,VEH-001963,SP-002,2026-09-01,13:00,Test Drive,Confirmed,Voice Agent,Synthetic dealership appointment; authoritative status is stored in this record.,2026-08-20T15:00:00+00:00
APT-000267,LEAD-002361,CUST-002234,VEH-001249,SP-006,2026-09-19,11:30,Trade-In Appraisal,Requested,Voice Agent,Synthetic dealership appointment; authoritative status is stored in this record.,2026-08-19T15:00:00+00:00
APT-000268,LEAD-001456,CUST-000820,VEH-006833,SP-001,2026-05-21,15:30,Test Drive,Completed,Website,Synthetic dealership appointment; authoritative status is stored in this record.,2026-05-12T15:00:00+00:00
APT-000269,LEAD-000321,CUST-003466,VEH-001613,SP-010,2026-06-23,12:30,Test Drive,Cancelled,Salesperson,Synthetic dealership appointment; authoritative status is stored in this record.,2026-06-18T15:00:00+00:00
APT-000270,LEAD-000134,CUST-001815,VEH-009677,SP-006,2026-09-23,15:30,Financing Consultation,Confirmed,Website,Synthetic dealership appointment; authoritative status is stored in this record.,2026-08-09T15:00:00+00:00
APT-000271,LEAD-002424,CUST-002916,VEH-009012,SP-006,2026-06-13,16:00,Test Drive,Cancelled,Customer Service,Synthetic dealership appointment; authoritative status is stored in this record.,2026-06-07T15:00:00+00:00
APT-000272,LEAD-000301,CUST-001682,VEH-008780,SP-006,2026-05-20,13:30,Test Drive,Completed,Salesperson,Synthetic dealership appointment; authoritative status is stored in this record.,2026-05-08T15:00:00+00:00
APT-000273,LEAD-000502,CUST-002169,VEH-006866,SP-001,2026-06-02,12:00,Financing Consultation,No Show,Customer Service,Synthetic dealership appointment; authoritative status is stored in this record.,2026-05-28T15:00:00+00:00
APT-000274,LEAD-003217,CUST-004934,VEH-003933,SP-003,2026-09-22,13:30,Virtual Consultation,Confirmed,Voice Agent,Synthetic dealership appointment; authoritative status is stored in this record.,2026-08-22T15:00:00+00:00
APT-000275,LEAD-001360,CUST-000111,VEH-004874,SP-006,2026-04-15,15:00,Financing Consultation,Completed,Website,Synthetic dealership appointment; authoritative status is stored in this record.,2026-04-04T15:00:00+00:00
APT-000276,LEAD-001587,CUST-000495,VEH-000077,SP-005,2026-10-02,13:00,Financing Consultation,Confirmed,Voice Agent,Synthetic dealership appointment; authoritative status is stored in this record.,2026-08-10T15:00:00+00:00
APT-000277,LEAD-003026,CUST-003515,VEH-009869,SP-006,2026-09-02,17:30,Test Drive,Confirmed,Voice Agent,Synthetic dealership appointment; authoritative status is stored in this record.,2026-08-22T15:00:00+00:00
APT-000278,LEAD-002488,CUST-002991,VEH-006302,SP-006,2026-07-04,17:30,Virtual Consultation,Completed,Salesperson,Synthetic dealership appointment; authoritative status is stored in this record.,2026-06-24T15:00:00+00:00
APT-000279,LEAD-001200,CUST-002735,VEH-008109,SP-002,2026-07-09,09:30,Virtual Consultation,Cancelled,Customer Service,Synthetic dealership appointment; authoritative status is stored in this record.,2026-07-07T15:00:00+00:00
APT-000280,LEAD-001533,CUST-001315,VEH-006191,SP-006,2026-05-26,14:00,Test Drive,Completed,Website,Synthetic dealership appointment; authoritative status is stored in this record.,2026-05-24T15:00:00+00:00
APT-000281,LEAD-002266,CUST-003913,VEH-009768,SP-002,2026-07-16,09:30,Test Drive,Completed,Voice Agent,Synthetic dealership appointment; authoritative status is stored in this record.,2026-07-01T15:00:00+00:00
APT-000282,LEAD-001403,CUST-001482,VEH-000441,SP-001,2026-07-24,09:00,Trade-In Appraisal,Completed,Website,Synthetic dealership appointment; authoritative status is stored in this record.,2026-07-10T15:00:00+00:00
APT-000283,LEAD-002173,CUST-002860,VEH-000481,SP-001,2026-09-01,14:00,Test Drive,Confirmed,Salesperson,Synthetic dealership appointment; authoritative status is stored in this record.,2026-08-23T15:00:00+00:00
APT-000284,LEAD-001009,CUST-001727,VEH-002012,SP-007,2026-05-16,13:00,Trade-In Appraisal,Completed,Voice Agent,Synthetic dealership appointment; authoritative status is stored in this record.,2026-04-26T15:00:00+00:00
APT-000285,LEAD-002769,CUST-000308,VEH-005847,SP-001,2026-06-12,16:00,Test Drive,Completed,Website,Synthetic dealership appointment; authoritative status is stored in this record.,2026-06-11T15:00:00+00:00
APT-000286,LEAD-000820,CUST-001022,VEH-002014,SP-006,2026-06-10,11:30,Test Drive,Completed,Salesperson,Synthetic dealership appointment; authoritative status is stored in this record.,2026-06-09T15:00:00+00:00
APT-000287,LEAD-001920,CUST-004922,VEH-003617,SP-006,2026-10-06,17:30,Virtual Consultation,Confirmed,Voice Agent,Synthetic dealership appointment; authoritative status is stored in this record.,2026-08-24T15:00:00+00:00
APT-000288,LEAD-000047,CUST-003980,VEH-002031,SP-002,2026-08-28,11:30,Financing Consultation,Confirmed,Website,Synthetic dealership appointment; authoritative status is stored in this record.,2026-08-08T15:00:00+00:00
APT-000289,LEAD-003498,CUST-000080,VEH-006360,SP-005,2026-09-24,17:30,Trade-In Appraisal,Confirmed,Customer Service,Synthetic dealership appointment; authoritative status is stored in this record.,2026-08-10T15:00:00+00:00
APT-000290,LEAD-002714,CUST-004312,VEH-009520,SP-001,2026-10-01,15:00,Test Drive,Confirmed,Voice Agent,Synthetic dealership appointment; authoritative status is stored in this record.,2026-08-04T15:00:00+00:00
APT-000291,LEAD-002664,CUST-002150,VEH-003614,SP-001,2026-09-18,10:30,Test Drive,Rescheduled,Website,Synthetic dealership appointment; authoritative status is stored in this record.,2026-08-11T15:00:00+00:00
APT-000292,LEAD-000523,CUST-002059,VEH-004611,SP-001,2026-04-22,15:30,Test Drive,Completed,Customer Service,Synthetic dealership appointment; authoritative status is stored in this record.,2026-04-18T15:00:00+00:00
APT-000293,LEAD-003768,CUST-003532,VEH-003224,SP-006,2026-09-10,15:30,Test Drive,Requested,Website,Synthetic dealership appointment; authoritative status is stored in this record.,2026-08-15T15:00:00+00:00
APT-000294,LEAD-000240,CUST-002553,VEH-008663,SP-002,2026-03-31,11:00,Test Drive,Cancelled,Customer Service,Synthetic dealership appointment; authoritative status is stored in this record.,2026-03-10T15:00:00+00:00
APT-000295,LEAD-002767,CUST-003621,VEH-004874,SP-005,2026-09-19,14:30,Test Drive,Confirmed,Salesperson,Synthetic dealership appointment; authoritative status is stored in this record.,2026-08-04T15:00:00+00:00
APT-000296,LEAD-001610,CUST-000468,VEH-003351,SP-006,2026-05-22,17:00,Virtual Consultation,Completed,Voice Agent,Synthetic dealership appointment; authoritative status is stored in this record.,2026-05-06T15:00:00+00:00
APT-000297,LEAD-002069,CUST-002732,VEH-007775,SP-006,2026-10-06,14:00,Test Drive,Confirmed,Website,Synthetic dealership appointment; authoritative status is stored in this record.,2026-08-19T15:00:00+00:00
APT-000298,LEAD-001575,CUST-004715,VEH-007501,SP-001,2026-09-09,10:00,Financing Consultation,Confirmed,Website,Synthetic dealership appointment; authoritative status is stored in this record.,2026-08-04T15:00:00+00:00
APT-000299,LEAD-000052,CUST-003708,VEH-009719,SP-007,2026-09-06,10:00,Test Drive,Requested,Customer Service,Synthetic dealership appointment; authoritative status is stored in this record.,2026-08-16T15:00:00+00:00
APT-000300,LEAD-003022,CUST-001984,VEH-003285,SP-006,2026-08-26,11:00,Virtual Consultation,Confirmed,Salesperson,Synthetic dealership appointment; authoritative status is stored in this record.,2026-08-09T15:00:00+00:00
APT-000301,LEAD-002136,CUST-002878,VEH-009465,SP-002,2026-06-23,09:00,Virtual Consultation,Completed,Website,Synthetic dealership appointment; authoritative status is stored in this record.,2026-06-04T15:00:00+00:00
APT-000302,LEAD-001201,CUST-002235,VEH-003219,SP-007,2026-04-05,13:30,Financing Consultation,Cancelled,Voice Agent,Synthetic dealership appointment; authoritative status is stored in this record.,2026-03-24T15:00:00+00:00
APT-000303,LEAD-000036,CUST-004775,VEH-006525,SP-001,2026-09-04,09:00,Test Drive,Confirmed,Customer Service,Synthetic dealership appointment; authoritative status is stored in this record.,2026-08-17T15:00:00+00:00
APT-000304,LEAD-001209,CUST-003862,VEH-007105,SP-007,2026-04-26,12:00,Test Drive,Completed,Voice Agent,Synthetic dealership appointment; authoritative status is stored in this record.,2026-04-07T15:00:00+00:00
APT-000305,LEAD-002223,CUST-000239,VEH-005615,SP-006,2026-09-16,15:30,Test Drive,Requested,Website,Synthetic dealership appointment; authoritative status is stored in this record.,2026-08-20T15:00:00+00:00
APT-000306,LEAD-000871,CUST-002057,VEH-000168,SP-007,2026-07-19,09:00,Test Drive,Completed,Voice Agent,Synthetic dealership appointment; authoritative status is stored in this record.,2026-06-28T15:00:00+00:00
APT-000307,LEAD-003782,CUST-001972,VEH-009196,SP-005,2026-06-26,10:30,Test Drive,Completed,Salesperson,Synthetic dealership appointment; authoritative status is stored in this record.,2026-06-15T15:00:00+00:00
APT-000308,LEAD-001806,CUST-002376,VEH-004313,SP-001,2026-05-08,12:30,Test Drive,No Show,Salesperson,Synthetic dealership appointment; authoritative status is stored in this record.,2026-05-05T15:00:00+00:00
APT-000309,LEAD-002346,CUST-004678,VEH-005065,SP-006,2026-06-03,14:00,Test Drive,Completed,Website,Synthetic dealership appointment; authoritative status is stored in this record.,2026-05-16T15:00:00+00:00
APT-000310,LEAD-002404,CUST-001880,VEH-009945,SP-006,2026-10-09,10:00,Test Drive,Requested,Voice Agent,Synthetic dealership appointment; authoritative status is stored in this record.,2026-08-22T15:00:00+00:00
APT-000311,LEAD-000861,CUST-002402,VEH-000987,SP-006,2026-09-25,14:00,Test Drive,Requested,Salesperson,Synthetic dealership appointment; authoritative status is stored in this record.,2026-08-24T15:00:00+00:00
APT-000312,LEAD-002717,CUST-004411,VEH-000740,SP-007,2026-05-03,12:00,Trade-In Appraisal,Completed,Website,Synthetic dealership appointment; authoritative status is stored in this record.,2026-04-15T15:00:00+00:00
APT-000313,LEAD-000663,CUST-003006,VEH-005546,SP-007,2026-08-30,14:00,Test Drive,Confirmed,Website,Synthetic dealership appointment; authoritative status is stored in this record.,2026-08-22T15:00:00+00:00
APT-000314,LEAD-000595,CUST-004834,VEH-006635,SP-001,2026-06-02,14:30,Test Drive,Completed,Voice Agent,Synthetic dealership appointment; authoritative status is stored in this record.,2026-05-20T15:00:00+00:00
APT-000315,LEAD-003328,CUST-002973,VEH-009372,SP-002,2026-05-01,14:00,Test Drive,Completed,Website,Synthetic dealership appointment; authoritative status is stored in this record.,2026-04-11T15:00:00+00:00
APT-000316,LEAD-000687,CUST-004133,VEH-008802,SP-002,2026-08-12,12:30,Test Drive,Completed,Customer Service,Synthetic dealership appointment; authoritative status is stored in this record.,2026-08-03T15:00:00+00:00
APT-000317,LEAD-001761,CUST-004520,VEH-000732,SP-003,2026-04-17,10:00,Test Drive,Completed,Voice Agent,Synthetic dealership appointment; authoritative status is stored in this record.,2026-04-10T15:00:00+00:00
APT-000318,LEAD-002299,CUST-002162,VEH-002587,SP-001,2026-07-07,11:30,Test Drive,Completed,Salesperson,Synthetic dealership appointment; authoritative status is stored in this record.,2026-06-19T15:00:00+00:00
APT-000319,LEAD-003161,CUST-003195,VEH-008053,SP-002,2026-07-29,11:00,Virtual Consultation,Completed,Salesperson,Synthetic dealership appointment; authoritative status is stored in this record.,2026-07-09T15:00:00+00:00
APT-000320,LEAD-000604,CUST-002201,VEH-008211,SP-001,2026-09-29,13:30,Test Drive,Confirmed,Voice Agent,Synthetic dealership appointment; authoritative status is stored in this record.,2026-08-19T15:00:00+00:00
APT-000321,LEAD-001257,CUST-004275,VEH-009664,SP-007,2026-10-04,10:00,Test Drive,Requested,Voice Agent,Synthetic dealership appointment; authoritative status is stored in this record.,2026-08-22T15:00:00+00:00
APT-000322,LEAD-001240,CUST-004897,VEH-001174,SP-006,2026-04-30,17:30,Test Drive,Completed,Website,Synthetic dealership appointment; authoritative status is stored in this record.,2026-04-14T15:00:00+00:00
APT-000323,LEAD-001629,CUST-003973,VEH-009449,SP-007,2026-06-20,09:30,Financing Consultation,Cancelled,Salesperson,Synthetic dealership appointment; authoritative status is stored in this record.,2026-06-12T15:00:00+00:00
APT-000324,LEAD-000549,CUST-004204,VEH-006581,SP-006,2026-04-30,12:30,Financing Consultation,Completed,Salesperson,Synthetic dealership appointment; authoritative status is stored in this record.,2026-04-11T15:00:00+00:00
APT-000325,LEAD-002656,CUST-001218,VEH-008998,SP-010,2026-09-09,10:30,Test Drive,Confirmed,Salesperson,Synthetic dealership appointment; authoritative status is stored in this record.,2026-08-16T15:00:00+00:00
APT-000326,LEAD-002640,CUST-001269,VEH-003105,SP-002,2026-06-09,11:00,Test Drive,Completed,Salesperson,Synthetic dealership appointment; authoritative status is stored in this record.,2026-06-04T15:00:00+00:00
APT-000327,LEAD-003023,CUST-004051,VEH-002684,SP-002,2026-05-16,09:00,Test Drive,Cancelled,Website,Synthetic dealership appointment; authoritative status is stored in this record.,2026-04-27T15:00:00+00:00
APT-000328,LEAD-003947,CUST-003535,VEH-001295,SP-003,2026-09-28,09:30,Test Drive,Rescheduled,Voice Agent,Synthetic dealership appointment; authoritative status is stored in this record.,2026-08-11T15:00:00+00:00
APT-000329,LEAD-001679,CUST-000472,VEH-007398,SP-006,2026-09-22,16:30,Test Drive,Confirmed,Customer Service,Synthetic dealership appointment; authoritative status is stored in this record.,2026-08-12T15:00:00+00:00
APT-000330,LEAD-002352,CUST-000458,VEH-000772,SP-001,2026-09-03,09:30,Test Drive,Confirmed,Voice Agent,Synthetic dealership appointment; authoritative status is stored in this record.,2026-08-19T15:00:00+00:00
APT-000331,LEAD-002132,CUST-004735,VEH-003659,SP-005,2026-04-30,09:00,Test Drive,Completed,Customer Service,Synthetic dealership appointment; authoritative status is stored in this record.,2026-04-23T15:00:00+00:00
APT-000332,LEAD-000681,CUST-001651,VEH-001426,SP-005,2026-08-18,17:00,Test Drive,Completed,Website,Synthetic dealership appointment; authoritative status is stored in this record.,2026-08-08T15:00:00+00:00
APT-000333,LEAD-001944,CUST-000071,VEH-005615,SP-005,2026-09-14,09:00,Test Drive,Confirmed,Voice Agent,Synthetic dealership appointment; authoritative status is stored in this record.,2026-08-15T15:00:00+00:00
APT-000334,LEAD-000148,CUST-004264,VEH-003730,SP-005,2026-06-18,14:00,Trade-In Appraisal,Completed,Voice Agent,Synthetic dealership appointment; authoritative status is stored in this record.,2026-06-12T15:00:00+00:00
APT-000335,LEAD-000486,CUST-000303,VEH-000582,SP-007,2026-10-03,17:00,Financing Consultation,Confirmed,Salesperson,Synthetic dealership appointment; authoritative status is stored in this record.,2026-08-23T15:00:00+00:00
APT-000336,LEAD-000544,CUST-001059,VEH-008416,SP-008,2026-04-16,10:00,Test Drive,Completed,Voice Agent,Synthetic dealership appointment; authoritative status is stored in this record.,2026-04-13T15:00:00+00:00
APT-000337,LEAD-000893,CUST-000750,VEH-009837,SP-002,2026-05-22,16:30,Test Drive,Completed,Voice Agent,Synthetic dealership appointment; authoritative status is stored in this record.,2026-05-04T15:00:00+00:00
APT-000338,LEAD-001737,CUST-002232,VEH-007673,SP-001,2026-04-14,12:30,Test Drive,Completed,Website,Synthetic dealership appointment; authoritative status is stored in this record.,2026-04-07T15:00:00+00:00
APT-000339,LEAD-000624,CUST-002877,VEH-004683,SP-004,2026-08-01,16:00,Test Drive,Cancelled,Voice Agent,Synthetic dealership appointment; authoritative status is stored in this record.,2026-07-13T15:00:00+00:00
APT-000340,LEAD-002591,CUST-001289,VEH-006404,SP-007,2026-07-18,16:00,Test Drive,Completed,Voice Agent,Synthetic dealership appointment; authoritative status is stored in this record.,2026-07-07T15:00:00+00:00
APT-000341,LEAD-003612,CUST-002954,VEH-008649,SP-001,2026-08-18,09:30,Test Drive,Completed,Website,Synthetic dealership appointment; authoritative status is stored in this record.,2026-07-31T15:00:00+00:00
APT-000342,LEAD-002670,CUST-002785,VEH-002914,SP-006,2026-08-22,14:30,Test Drive,Completed,Voice Agent,Synthetic dealership appointment; authoritative status is stored in this record.,2026-08-15T15:00:00+00:00
APT-000343,LEAD-001461,CUST-003770,VEH-007397,SP-001,2026-05-08,14:30,Test Drive,No Show,Voice Agent,Synthetic dealership appointment; authoritative status is stored in this record.,2026-04-23T15:00:00+00:00
APT-000344,LEAD-003623,CUST-000414,VEH-002892,SP-005,2026-06-02,12:00,Test Drive,Cancelled,Customer Service,Synthetic dealership appointment; authoritative status is stored in this record.,2026-05-25T15:00:00+00:00
APT-000345,LEAD-002089,CUST-000192,VEH-009560,SP-006,2026-04-15,17:30,Virtual Consultation,Completed,Voice Agent,Synthetic dealership appointment; authoritative status is stored in this record.,2026-04-09T15:00:00+00:00
APT-000346,LEAD-003846,CUST-000222,VEH-008242,SP-008,2026-07-13,15:30,Test Drive,Completed,Customer Service,Synthetic dealership appointment; authoritative status is stored in this record.,2026-07-10T15:00:00+00:00
APT-000347,LEAD-000526,CUST-002423,VEH-004296,SP-007,2026-09-19,10:30,Test Drive,Confirmed,Voice Agent,Synthetic dealership appointment; authoritative status is stored in this record.,2026-08-13T15:00:00+00:00
APT-000348,LEAD-000521,CUST-003872,VEH-000715,SP-002,2026-06-06,11:30,Test Drive,Cancelled,Salesperson,Synthetic dealership appointment; authoritative status is stored in this record.,2026-05-21T15:00:00+00:00
APT-000349,LEAD-001818,CUST-002153,VEH-008029,SP-007,2026-05-02,12:30,Virtual Consultation,Completed,Customer Service,Synthetic dealership appointment; authoritative status is stored in this record.,2026-04-29T15:00:00+00:00
APT-000350,LEAD-000909,CUST-003500,VEH-002761,SP-005,2026-09-23,12:00,Financing Consultation,Confirmed,Website,Synthetic dealership appointment; authoritative status is stored in this record.,2026-08-18T15:00:00+00:00
APT-000351,LEAD-001133,CUST-004556,VEH-001526,SP-007,2026-08-15,16:30,Test Drive,Completed,Voice Agent,Synthetic dealership appointment; authoritative status is stored in this record.,2026-07-26T15:00:00+00:00
APT-000352,LEAD-003601,CUST-002229,VEH-004492,SP-001,2026-09-18,11:00,Trade-In Appraisal,Requested,Website,Synthetic dealership appointment; authoritative status is stored in this record.,2026-08-24T15:00:00+00:00
APT-000353,LEAD-003233,CUST-003949,VEH-009794,SP-001,2026-09-09,10:30,Trade-In Appraisal,Confirmed,Salesperson,Synthetic dealership appointment; authoritative status is stored in this record.,2026-08-06T15:00:00+00:00
APT-000354,LEAD-000195,CUST-001433,VEH-005853,SP-005,2026-08-01,12:00,Virtual Consultation,Completed,Customer Service,Synthetic dealership appointment; authoritative status is stored in this record.,2026-07-23T15:00:00+00:00
APT-000355,LEAD-002051,CUST-003650,VEH-004048,SP-006,2026-09-23,14:30,Test Drive,Confirmed,Voice Agent,Synthetic dealership appointment; authoritative status is stored in this record.,2026-08-17T15:00:00+00:00
APT-000356,LEAD-003219,CUST-002318,VEH-006010,SP-004,2026-10-04,12:00,Test Drive,Confirmed,Customer Service,Synthetic dealership appointment; authoritative status is stored in this record.,2026-08-24T15:00:00+00:00
APT-000357,LEAD-000141,CUST-001545,VEH-001059,SP-001,2026-06-10,15:30,Virtual Consultation,Cancelled,Website,Synthetic dealership appointment; authoritative status is stored in this record.,2026-05-31T15:00:00+00:00
APT-000358,LEAD-003299,CUST-000910,VEH-003491,SP-001,2026-08-27,10:30,Test Drive,Requested,Customer Service,Synthetic dealership appointment; authoritative status is stored in this record.,2026-08-14T15:00:00+00:00
APT-000359,LEAD-000323,CUST-001229,VEH-006269,SP-004,2026-03-28,16:00,Test Drive,Completed,Customer Service,Synthetic dealership appointment; authoritative status is stored in this record.,2026-03-10T15:00:00+00:00
APT-000360,LEAD-000926,CUST-004549,VEH-003424,SP-006,2026-10-01,18:00,Test Drive,Rescheduled,Salesperson,Synthetic dealership appointment; authoritative status is stored in this record.,2026-08-20T15:00:00+00:00
APT-000361,LEAD-000409,CUST-004932,VEH-003207,SP-006,2026-05-19,11:00,Test Drive,Cancelled,Salesperson,Synthetic dealership appointment; authoritative status is stored in this record.,2026-04-29T15:00:00+00:00
APT-000362,LEAD-002014,CUST-001585,VEH-009471,SP-001,2026-05-01,15:30,Test Drive,Completed,Voice Agent,Synthetic dealership appointment; authoritative status is stored in this record.,2026-04-12T15:00:00+00:00
APT-000363,LEAD-003856,CUST-004650,VEH-009206,SP-005,2026-10-02,14:00,Test Drive,Confirmed,Salesperson,Synthetic dealership appointment; authoritative status is stored in this record.,2026-08-20T15:00:00+00:00
APT-000364,LEAD-000012,CUST-002123,VEH-000960,SP-002,2026-08-29,13:00,Test Drive,Confirmed,Salesperson,Synthetic dealership appointment; authoritative status is stored in this record.,2026-08-24T15:00:00+00:00
APT-000365,LEAD-002789,CUST-001763,VEH-003772,SP-002,2026-09-03,10:00,Test Drive,Rescheduled,Customer Service,Synthetic dealership appointment; authoritative status is stored in this record.,2026-08-23T15:00:00+00:00
APT-000366,LEAD-003786,CUST-001746,VEH-001623,SP-006,2026-05-19,12:30,Test Drive,Completed,Voice Agent,Synthetic dealership appointment; authoritative status is stored in this record.,2026-05-09T15:00:00+00:00
APT-000367,LEAD-002406,CUST-003124,VEH-009153,SP-007,2026-06-27,17:00,Financing Consultation,No Show,Website,Synthetic dealership appointment; authoritative status is stored in this record.,2026-06-06T15:00:00+00:00
APT-000368,LEAD-001901,CUST-000425,VEH-009995,SP-002,2026-06-17,13:00,Test Drive,Cancelled,Customer Service,Synthetic dealership appointment; authoritative status is stored in this record.,2026-06-12T15:00:00+00:00
APT-000369,LEAD-002819,CUST-004665,VEH-005485,SP-002,2026-06-03,15:00,Test Drive,Cancelled,Voice Agent,Synthetic dealership appointment; authoritative status is stored in this record.,2026-05-31T15:00:00+00:00
APT-000370,LEAD-003417,CUST-002116,VEH-003448,SP-001,2026-04-08,10:00,Trade-In Appraisal,Completed,Salesperson,Synthetic dealership appointment; authoritative status is stored in this record.,2026-04-01T15:00:00+00:00
APT-000371,LEAD-000168,CUST-002448,VEH-006570,SP-005,2026-09-21,16:00,Test Drive,Confirmed,Website,Synthetic dealership appointment; authoritative status is stored in this record.,2026-08-08T15:00:00+00:00
APT-000372,LEAD-000404,CUST-002945,VEH-002412,SP-005,2026-04-11,11:30,Virtual Consultation,No Show,Website,Synthetic dealership appointment; authoritative status is stored in this record.,2026-03-21T15:00:00+00:00
APT-000373,LEAD-001711,CUST-002403,VEH-004567,SP-001,2026-10-02,11:30,Test Drive,Requested,Website,Synthetic dealership appointment; authoritative status is stored in this record.,2026-08-24T15:00:00+00:00
APT-000374,LEAD-000575,CUST-003585,VEH-003537,SP-006,2026-09-12,13:00,Test Drive,Confirmed,Customer Service,Synthetic dealership appointment; authoritative status is stored in this record.,2026-08-04T15:00:00+00:00
APT-000375,LEAD-002090,CUST-003803,VEH-009166,SP-006,2026-05-15,14:00,Test Drive,Cancelled,Salesperson,Synthetic dealership appointment; authoritative status is stored in this record.,2026-04-29T15:00:00+00:00
APT-000376,LEAD-000835,CUST-003652,VEH-004507,SP-001,2026-06-05,12:00,Test Drive,Completed,Website,Synthetic dealership appointment; authoritative status is stored in this record.,2026-06-01T15:00:00+00:00
APT-000377,LEAD-003418,CUST-002355,VEH-009317,SP-010,2026-05-19,16:30,Trade-In Appraisal,Completed,Website,Synthetic dealership appointment; authoritative status is stored in this record.,2026-05-03T15:00:00+00:00
APT-000378,LEAD-000035,CUST-003573,VEH-008199,SP-007,2026-04-05,17:30,Test Drive,Completed,Customer Service,Synthetic dealership appointment; authoritative status is stored in this record.,2026-03-15T15:00:00+00:00
APT-000379,LEAD-000332,CUST-002561,VEH-003573,SP-006,2026-05-02,12:30,Trade-In Appraisal,Completed,Salesperson,Synthetic dealership appointment; authoritative status is stored in this record.,2026-04-12T15:00:00+00:00
APT-000380,LEAD-001260,CUST-002215,VEH-008566,SP-001,2026-07-08,16:30,Test Drive,Cancelled,Voice Agent,Synthetic dealership appointment; authoritative status is stored in this record.,2026-07-04T15:00:00+00:00
APT-000381,LEAD-002403,CUST-002650,VEH-006104,SP-007,2026-07-18,14:30,Financing Consultation,Completed,Website,Synthetic dealership appointment; authoritative status is stored in this record.,2026-06-30T15:00:00+00:00
APT-000382,LEAD-002644,CUST-004207,VEH-002038,SP-001,2026-10-09,15:30,Test Drive,Rescheduled,Voice Agent,Synthetic dealership appointment; authoritative status is stored in this record.,2026-08-17T15:00:00+00:00
APT-000383,LEAD-000225,CUST-001661,VEH-004899,SP-001,2026-06-24,11:30,Test Drive,Completed,Customer Service,Synthetic dealership appointment; authoritative status is stored in this record.,2026-06-21T15:00:00+00:00
APT-000384,LEAD-000734,CUST-003906,VEH-004864,SP-004,2026-08-09,10:00,Test Drive,Cancelled,Voice Agent,Synthetic dealership appointment; authoritative status is stored in this record.,2026-07-21T15:00:00+00:00
APT-000385,LEAD-002799,CUST-000985,VEH-000547,SP-001,2026-09-30,14:00,Test Drive,Confirmed,Voice Agent,Synthetic dealership appointment; authoritative status is stored in this record.,2026-08-12T15:00:00+00:00
APT-000386,LEAD-000759,CUST-000780,VEH-003328,SP-006,2026-08-22,17:00,Test Drive,Cancelled,Voice Agent,Synthetic dealership appointment; authoritative status is stored in this record.,2026-08-14T15:00:00+00:00
APT-000387,LEAD-001892,CUST-000087,VEH-003936,SP-005,2026-04-27,16:30,Trade-In Appraisal,No Show,Website,Synthetic dealership appointment; authoritative status is stored in this record.,2026-04-18T15:00:00+00:00
APT-000388,LEAD-002662,CUST-001267,VEH-003573,SP-006,2026-09-30,14:00,Trade-In Appraisal,Rescheduled,Website,Synthetic dealership appointment; authoritative status is stored in this record.,2026-08-10T15:00:00+00:00
APT-000389,LEAD-002560,CUST-001359,VEH-008873,SP-007,2026-08-22,15:30,Financing Consultation,Cancelled,Website,Synthetic dealership appointment; authoritative status is stored in this record.,2026-08-14T15:00:00+00:00
APT-000390,LEAD-002648,CUST-001255,VEH-001607,SP-001,2026-07-09,11:00,Test Drive,Completed,Website,Synthetic dealership appointment; authoritative status is stored in this record.,2026-06-20T15:00:00+00:00
APT-000391,LEAD-003934,CUST-002550,VEH-007511,SP-004,2026-08-05,14:30,Financing Consultation,Completed,Voice Agent,Synthetic dealership appointment; authoritative status is stored in this record.,2026-07-26T15:00:00+00:00
APT-000392,LEAD-001780,CUST-003612,VEH-002723,SP-007,2026-08-23,12:30,Test Drive,Completed,Voice Agent,Synthetic dealership appointment; authoritative status is stored in this record.,2026-08-21T15:00:00+00:00
APT-000393,LEAD-002253,CUST-003530,VEH-006436,SP-007,2026-09-26,09:30,Virtual Consultation,Confirmed,Website,Synthetic dealership appointment; authoritative status is stored in this record.,2026-08-19T15:00:00+00:00
APT-000394,LEAD-003426,CUST-001098,VEH-005547,SP-003,2026-06-04,16:30,Financing Consultation,No Show,Website,Synthetic dealership appointment; authoritative status is stored in this record.,2026-05-28T15:00:00+00:00
APT-000395,LEAD-001310,CUST-001317,VEH-008453,SP-002,2026-05-06,14:30,Test Drive,No Show,Voice Agent,Synthetic dealership appointment; authoritative status is stored in this record.,2026-04-19T15:00:00+00:00
APT-000396,LEAD-002074,CUST-003903,VEH-004089,SP-001,2026-09-16,14:30,Test Drive,Requested,Voice Agent,Synthetic dealership appointment; authoritative status is stored in this record.,2026-08-13T15:00:00+00:00
APT-000397,LEAD-003139,CUST-000671,VEH-005457,SP-006,2026-09-01,12:30,Test Drive,Confirmed,Website,Synthetic dealership appointment; authoritative status is stored in this record.,2026-08-25T15:00:00+00:00
APT-000398,LEAD-001053,CUST-003776,VEH-002264,SP-002,2026-09-24,11:30,Test Drive,Requested,Customer Service,Synthetic dealership appointment; authoritative status is stored in this record.,2026-08-16T15:00:00+00:00
APT-000399,LEAD-001936,CUST-003055,VEH-007440,SP-001,2026-04-21,09:30,Test Drive,Completed,Customer Service,Synthetic dealership appointment; authoritative status is stored in this record.,2026-04-07T15:00:00+00:00
APT-000400,LEAD-000223,CUST-004730,VEH-002149,SP-008,2026-09-06,17:30,Test Drive,Confirmed,Voice Agent,Synthetic dealership appointment; authoritative status is stored in this record.,2026-08-21T15:00:00+00:00
APT-000401,LEAD-000667,CUST-003597,VEH-005902,SP-005,2026-05-06,11:00,Test Drive,Completed,Website,Synthetic dealership appointment; authoritative status is stored in this record.,2026-04-21T15:00:00+00:00
APT-000402,LEAD-003872,CUST-001810,VEH-009657,SP-002,2026-06-04,11:00,Test Drive,Completed,Website,Synthetic dealership appointment; authoritative status is stored in this record.,2026-05-17T15:00:00+00:00
APT-000403,LEAD-003157,CUST-002332,VEH-001889,SP-001,2026-09-03,12:30,Test Drive,Confirmed,Salesperson,Synthetic dealership appointment; authoritative status is stored in this record.,2026-08-19T15:00:00+00:00
APT-000404,LEAD-000062,CUST-002535,VEH-009956,SP-005,2026-06-27,11:00,Virtual Consultation,Completed,Website,Synthetic dealership appointment; authoritative status is stored in this record.,2026-06-20T15:00:00+00:00
APT-000405,LEAD-003317,CUST-002547,VEH-000138,SP-007,2026-03-28,11:00,Test Drive,Completed,Voice Agent,Synthetic dealership appointment; authoritative status is stored in this record.,2026-03-12T15:00:00+00:00
APT-000406,LEAD-003008,CUST-002007,VEH-008920,SP-008,2026-04-19,13:00,Test Drive,Completed,Voice Agent,Synthetic dealership appointment; authoritative status is stored in this record.,2026-04-18T15:00:00+00:00
APT-000407,LEAD-002861,CUST-004236,VEH-007337,SP-005,2026-05-12,15:30,Test Drive,Completed,Salesperson,Synthetic dealership appointment; authoritative status is stored in this record.,2026-04-25T15:00:00+00:00
APT-000408,LEAD-002593,CUST-000971,VEH-003095,SP-001,2026-05-13,14:00,Test Drive,Completed,Website,Synthetic dealership appointment; authoritative status is stored in this record.,2026-04-23T15:00:00+00:00
APT-000409,LEAD-000914,CUST-001606,VEH-007983,SP-005,2026-06-19,12:30,Test Drive,Cancelled,Website,Synthetic dealership appointment; authoritative status is stored in this record.,2026-06-17T15:00:00+00:00
APT-000410,LEAD-003835,CUST-001413,VEH-001953,SP-005,2026-09-08,12:00,Test Drive,Requested,Website,Synthetic dealership appointment; authoritative status is stored in this record.,2026-08-04T15:00:00+00:00
APT-000411,LEAD-003107,CUST-004008,VEH-009874,SP-003,2026-09-10,11:00,Trade-In Appraisal,Confirmed,Voice Agent,Synthetic dealership appointment; authoritative status is stored in this record.,2026-08-19T15:00:00+00:00
APT-000412,LEAD-002887,CUST-001458,VEH-005650,SP-002,2026-10-08,11:00,Test Drive,Confirmed,Customer Service,Synthetic dealership appointment; authoritative status is stored in this record.,2026-08-20T15:00:00+00:00
APT-000413,LEAD-000436,CUST-001583,VEH-005253,SP-002,2026-04-03,11:30,Test Drive,Completed,Voice Agent,Synthetic dealership appointment; authoritative status is stored in this record.,2026-03-28T15:00:00+00:00
APT-000414,LEAD-002752,CUST-003804,VEH-000847,SP-006,2026-05-02,18:00,Test Drive,Completed,Customer Service,Synthetic dealership appointment; authoritative status is stored in this record.,2026-04-12T15:00:00+00:00
APT-000415,LEAD-003870,CUST-001601,VEH-002684,SP-002,2026-09-08,09:30,Virtual Consultation,Confirmed,Website,Synthetic dealership appointment; authoritative status is stored in this record.,2026-08-24T15:00:00+00:00
APT-000416,LEAD-000430,CUST-000304,VEH-006930,SP-006,2026-08-27,12:00,Test Drive,Confirmed,Customer Service,Synthetic dealership appointment; authoritative status is stored in this record.,2026-08-14T15:00:00+00:00
APT-000417,LEAD-002570,CUST-002599,VEH-002907,SP-006,2026-05-12,14:30,Financing Consultation,No Show,Salesperson,Synthetic dealership appointment; authoritative status is stored in this record.,2026-04-21T15:00:00+00:00
APT-000418,LEAD-000787,CUST-000751,VEH-008097,SP-001,2026-04-28,12:00,Virtual Consultation,Completed,Customer Service,Synthetic dealership appointment; authoritative status is stored in this record.,2026-04-12T15:00:00+00:00
APT-000419,LEAD-000845,CUST-001011,VEH-001309,SP-002,2026-08-19,14:00,Test Drive,Completed,Customer Service,Synthetic dealership appointment; authoritative status is stored in this record.,2026-08-09T15:00:00+00:00
APT-000420,LEAD-001521,CUST-003782,VEH-007605,SP-006,2026-10-02,12:00,Trade-In Appraisal,Rescheduled,Voice Agent,Synthetic dealership appointment; authoritative status is stored in this record.,2026-08-23T15:00:00+00:00
APT-000421,LEAD-002139,CUST-001811,VEH-003395,SP-007,2026-08-30,12:30,Test Drive,Rescheduled,Website,Synthetic dealership appointment; authoritative status is stored in this record.,2026-08-22T15:00:00+00:00
APT-000422,LEAD-002116,CUST-004672,VEH-000324,SP-001,2026-10-08,09:30,Test Drive,Rescheduled,Voice Agent,Synthetic dealership appointment; authoritative status is stored in this record.,2026-08-16T15:00:00+00:00
APT-000423,LEAD-000821,CUST-003554,VEH-001388,SP-005,2026-07-13,10:30,Trade-In Appraisal,Completed,Website,Synthetic dealership appointment; authoritative status is stored in this record.,2026-06-24T15:00:00+00:00
APT-000424,LEAD-002645,CUST-000424,VEH-001029,SP-006,2026-04-01,12:30,Test Drive,Completed,Voice Agent,Synthetic dealership appointment; authoritative status is stored in this record.,2026-03-21T15:00:00+00:00
APT-000425,LEAD-003764,CUST-000181,VEH-005438,SP-006,2026-08-29,18:30,Test Drive,Confirmed,Voice Agent,Synthetic dealership appointment; authoritative status is stored in this record.,2026-08-14T15:00:00+00:00
APT-000426,LEAD-001159,CUST-000015,VEH-009732,SP-008,2026-08-09,14:00,Virtual Consultation,Cancelled,Customer Service,Synthetic dealership appointment; authoritative status is stored in this record.,2026-07-25T15:00:00+00:00
APT-000427,LEAD-003006,CUST-003734,VEH-006764,SP-007,2026-07-05,14:30,Virtual Consultation,Cancelled,Website,Synthetic dealership appointment; authoritative status is stored in this record.,2026-06-21T15:00:00+00:00
APT-000428,LEAD-000750,CUST-002062,VEH-003000,SP-001,2026-04-15,11:00,Test Drive,Cancelled,Website,Synthetic dealership appointment; authoritative status is stored in this record.,2026-03-30T15:00:00+00:00
APT-000429,LEAD-002772,CUST-003379,VEH-007314,SP-004,2026-04-26,16:00,Test Drive,Completed,Voice Agent,Synthetic dealership appointment; authoritative status is stored in this record.,2026-04-22T15:00:00+00:00
APT-000430,LEAD-003727,CUST-000215,VEH-002164,SP-006,2026-05-19,10:00,Test Drive,Completed,Salesperson,Synthetic dealership appointment; authoritative status is stored in this record.,2026-05-09T15:00:00+00:00
APT-000431,LEAD-001406,CUST-000933,VEH-001837,SP-002,2026-10-01,10:30,Virtual Consultation,Confirmed,Salesperson,Synthetic dealership appointment; authoritative status is stored in this record.,2026-08-11T15:00:00+00:00
APT-000432,LEAD-001685,CUST-002365,VEH-005295,SP-002,2026-09-02,16:00,Financing Consultation,Confirmed,Voice Agent,Synthetic dealership appointment; authoritative status is stored in this record.,2026-08-22T15:00:00+00:00
APT-000433,LEAD-000348,CUST-003871,VEH-004706,SP-002,2026-06-26,11:00,Test Drive,No Show,Customer Service,Synthetic dealership appointment; authoritative status is stored in this record.,2026-06-14T15:00:00+00:00
APT-000434,LEAD-002977,CUST-004427,VEH-000047,SP-007,2026-08-16,13:30,Financing Consultation,Completed,Salesperson,Synthetic dealership appointment; authoritative status is stored in this record.,2026-08-06T15:00:00+00:00
APT-000435,LEAD-000156,CUST-000273,VEH-005005,SP-003,2026-05-01,18:00,Financing Consultation,No Show,Salesperson,Synthetic dealership appointment; authoritative status is stored in this record.,2026-04-12T15:00:00+00:00
APT-000436,LEAD-001821,CUST-003412,VEH-007882,SP-001,2026-09-17,16:30,Test Drive,Rescheduled,Voice Agent,Synthetic dealership appointment; authoritative status is stored in this record.,2026-08-09T15:00:00+00:00
APT-000437,LEAD-000098,CUST-001909,VEH-001425,SP-006,2026-09-08,14:30,Test Drive,Confirmed,Voice Agent,Synthetic dealership appointment; authoritative status is stored in this record.,2026-08-16T15:00:00+00:00
APT-000438,LEAD-001915,CUST-001455,VEH-005454,SP-006,2026-09-18,11:00,Test Drive,Confirmed,Customer Service,Synthetic dealership appointment; authoritative status is stored in this record.,2026-08-07T15:00:00+00:00
APT-000439,LEAD-000972,CUST-000404,VEH-002496,SP-002,2026-05-16,15:00,Virtual Consultation,Completed,Salesperson,Synthetic dealership appointment; authoritative status is stored in this record.,2026-05-14T15:00:00+00:00
APT-000440,LEAD-003425,CUST-000914,VEH-006622,SP-008,2026-04-30,13:00,Test Drive,No Show,Voice Agent,Synthetic dealership appointment; authoritative status is stored in this record.,2026-04-24T15:00:00+00:00
APT-000441,LEAD-002212,CUST-001743,VEH-005547,SP-004,2026-08-09,13:00,Test Drive,Completed,Customer Service,Synthetic dealership appointment; authoritative status is stored in this record.,2026-07-20T15:00:00+00:00
APT-000442,LEAD-002550,CUST-004852,VEH-003302,SP-002,2026-05-22,11:30,Test Drive,Completed,Salesperson,Synthetic dealership appointment; authoritative status is stored in this record.,2026-05-02T15:00:00+00:00
APT-000443,LEAD-003385,CUST-003095,VEH-008512,SP-001,2026-09-16,16:30,Virtual Consultation,Confirmed,Voice Agent,Synthetic dealership appointment; authoritative status is stored in this record.,2026-08-04T15:00:00+00:00
APT-000444,LEAD-000277,CUST-004348,VEH-004404,SP-001,2026-09-10,09:00,Test Drive,Requested,Salesperson,Synthetic dealership appointment; authoritative status is stored in this record.,2026-08-24T15:00:00+00:00
APT-000445,LEAD-002601,CUST-000377,VEH-003980,SP-006,2026-07-08,12:30,Financing Consultation,Completed,Voice Agent,Synthetic dealership appointment; authoritative status is stored in this record.,2026-06-21T15:00:00+00:00
APT-000446,LEAD-002813,CUST-004425,VEH-005311,SP-001,2026-07-09,14:00,Test Drive,Completed,Voice Agent,Synthetic dealership appointment; authoritative status is stored in this record.,2026-06-30T15:00:00+00:00
APT-000447,LEAD-003815,CUST-003320,VEH-004923,SP-005,2026-06-20,17:30,Financing Consultation,Completed,Voice Agent,Synthetic dealership appointment; authoritative status is stored in this record.,2026-05-31T15:00:00+00:00
APT-000448,LEAD-002976,CUST-004172,VEH-004109,SP-008,2026-10-09,18:30,Test Drive,Requested,Salesperson,Synthetic dealership appointment; authoritative status is stored in this record.,2026-08-07T15:00:00+00:00
APT-000449,LEAD-000761,CUST-003689,VEH-008605,SP-001,2026-04-20,12:30,Test Drive,Completed,Salesperson,Synthetic dealership appointment; authoritative status is stored in this record.,2026-04-14T15:00:00+00:00
APT-000450,LEAD-002863,CUST-003801,VEH-007307,SP-001,2026-05-11,09:00,Test Drive,Completed,Voice Agent,Synthetic dealership appointment; authoritative status is stored in this record.,2026-04-27T15:00:00+00:00
APT-000451,LEAD-002885,CUST-004844,VEH-009993,SP-005,2026-07-30,13:00,Test Drive,Cancelled,Customer Service,Synthetic dealership appointment; authoritative status is stored in this record.,2026-07-09T15:00:00+00:00
APT-000452,LEAD-003011,CUST-001919,VEH-006299,SP-008,2026-09-11,16:30,Test Drive,Confirmed,Voice Agent,Synthetic dealership appointment; authoritative status is stored in this record.,2026-08-23T15:00:00+00:00
APT-000453,LEAD-002948,CUST-002896,VEH-004947,SP-005,2026-07-28,17:30,Test Drive,No Show,Voice Agent,Synthetic dealership appointment; authoritative status is stored in this record.,2026-07-15T15:00:00+00:00
APT-000454,LEAD-000995,CUST-001061,VEH-007874,SP-006,2026-04-01,17:00,Trade-In Appraisal,Completed,Salesperson,Synthetic dealership appointment; authoritative status is stored in this record.,2026-03-19T15:00:00+00:00
APT-000455,LEAD-002728,CUST-000600,VEH-000742,SP-005,2026-09-29,17:30,Test Drive,Requested,Voice Agent,Synthetic dealership appointment; authoritative status is stored in this record.,2026-08-23T15:00:00+00:00
APT-000456,LEAD-000751,CUST-004688,VEH-007992,SP-006,2026-08-28,10:30,Test Drive,Confirmed,Salesperson,Synthetic dealership appointment; authoritative status is stored in this record.,2026-08-21T15:00:00+00:00
APT-000457,LEAD-003371,CUST-002426,VEH-000338,SP-005,2026-08-14,13:00,Trade-In Appraisal,Completed,Voice Agent,Synthetic dealership appointment; authoritative status is stored in this record.,2026-08-12T15:00:00+00:00
APT-000458,LEAD-001841,CUST-000862,VEH-005985,SP-006,2026-09-22,10:00,Virtual Consultation,Confirmed,Salesperson,Synthetic dealership appointment; authoritative status is stored in this record.,2026-08-13T15:00:00+00:00
APT-000459,LEAD-003512,CUST-003861,VEH-003730,SP-003,2026-09-04,09:30,Test Drive,Requested,Voice Agent,Synthetic dealership appointment; authoritative status is stored in this record.,2026-08-18T15:00:00+00:00
APT-000460,LEAD-003238,CUST-003812,VEH-007606,SP-001,2026-09-25,16:00,Test Drive,Requested,Salesperson,Synthetic dealership appointment; authoritative status is stored in this record.,2026-08-24T15:00:00+00:00
APT-000461,LEAD-002215,CUST-000446,VEH-006721,SP-001,2026-09-29,13:00,Test Drive,Confirmed,Voice Agent,Synthetic dealership appointment; authoritative status is stored in this record.,2026-08-08T15:00:00+00:00
APT-000462,LEAD-002744,CUST-004719,VEH-005289,SP-002,2026-09-04,14:00,Test Drive,Confirmed,Voice Agent,Synthetic dealership appointment; authoritative status is stored in this record.,2026-08-18T15:00:00+00:00
APT-000463,LEAD-000839,CUST-002296,VEH-007140,SP-002,2026-08-14,10:00,Test Drive,Cancelled,Customer Service,Synthetic dealership appointment; authoritative status is stored in this record.,2026-08-06T15:00:00+00:00
APT-000464,LEAD-003333,CUST-003074,VEH-004697,SP-005,2026-06-06,16:30,Test Drive,No Show,Website,Synthetic dealership appointment; authoritative status is stored in this record.,2026-05-29T15:00:00+00:00
APT-000465,LEAD-000518,CUST-001296,VEH-002025,SP-007,2026-07-04,17:00,Test Drive,Completed,Voice Agent,Synthetic dealership appointment; authoritative status is stored in this record.,2026-06-16T15:00:00+00:00
APT-000466,LEAD-002124,CUST-000165,VEH-004860,SP-005,2026-09-30,13:30,Test Drive,Confirmed,Customer Service,Synthetic dealership appointment; authoritative status is stored in this record.,2026-08-18T15:00:00+00:00
APT-000467,LEAD-001674,CUST-003568,VEH-006731,SP-008,2026-10-04,13:30,Trade-In Appraisal,Rescheduled,Voice Agent,Synthetic dealership appointment; authoritative status is stored in this record.,2026-08-14T15:00:00+00:00
APT-000468,LEAD-000233,CUST-003605,VEH-008772,SP-007,2026-09-20,13:00,Test Drive,Requested,Voice Agent,Synthetic dealership appointment; authoritative status is stored in this record.,2026-08-08T15:00:00+00:00
APT-000469,LEAD-000236,CUST-002454,VEH-003980,SP-010,2026-09-23,16:00,Test Drive,Confirmed,Salesperson,Synthetic dealership appointment; authoritative status is stored in this record.,2026-08-13T15:00:00+00:00
APT-000470,LEAD-001141,CUST-003408,VEH-000831,SP-005,2026-09-08,10:00,Test Drive,Confirmed,Voice Agent,Synthetic dealership appointment; authoritative status is stored in this record.,2026-08-07T15:00:00+00:00
APT-000471,LEAD-001681,CUST-004537,VEH-006878,SP-002,2026-06-16,15:30,Test Drive,Completed,Voice Agent,Synthetic dealership appointment; authoritative status is stored in this record.,2026-06-03T15:00:00+00:00
APT-000472,LEAD-002340,CUST-001565,VEH-000408,SP-006,2026-09-15,16:00,Test Drive,Rescheduled,Customer Service,Synthetic dealership appointment; authoritative status is stored in this record.,2026-08-20T15:00:00+00:00
APT-000473,LEAD-002682,CUST-001933,VEH-003425,SP-006,2026-05-21,18:00,Test Drive,Completed,Voice Agent,Synthetic dealership appointment; authoritative status is stored in this record.,2026-05-06T15:00:00+00:00
APT-000474,LEAD-000238,CUST-004127,VEH-001788,SP-001,2026-07-15,12:30,Test Drive,Completed,Salesperson,Synthetic dealership appointment; authoritative status is stored in this record.,2026-06-25T15:00:00+00:00
APT-000475,LEAD-000957,CUST-004076,VEH-004912,SP-008,2026-06-26,13:00,Test Drive,Completed,Voice Agent,Synthetic dealership appointment; authoritative status is stored in this record.,2026-06-05T15:00:00+00:00
APT-000476,LEAD-000061,CUST-003777,VEH-007924,SP-008,2026-06-08,13:00,Test Drive,No Show,Salesperson,Synthetic dealership appointment; authoritative status is stored in this record.,2026-05-21T15:00:00+00:00
APT-000477,LEAD-002562,CUST-004240,VEH-004255,SP-001,2026-06-15,14:30,Virtual Consultation,Completed,Website,Synthetic dealership appointment; authoritative status is stored in this record.,2026-05-29T15:00:00+00:00
APT-000478,LEAD-000087,CUST-000294,VEH-002732,SP-003,2026-04-22,12:00,Test Drive,Completed,Salesperson,Synthetic dealership appointment; authoritative status is stored in this record.,2026-04-20T15:00:00+00:00
APT-000479,LEAD-001345,CUST-003304,VEH-004316,SP-001,2026-09-10,13:30,Virtual Consultation,Confirmed,Salesperson,Synthetic dealership appointment; authoritative status is stored in this record.,2026-08-22T15:00:00+00:00
APT-000480,LEAD-000608,CUST-003123,VEH-008663,SP-004,2026-08-15,12:30,Test Drive,Completed,Salesperson,Synthetic dealership appointment; authoritative status is stored in this record.,2026-08-09T15:00:00+00:00
APT-000481,LEAD-001281,CUST-001618,VEH-002062,SP-001,2026-05-07,13:00,Test Drive,Completed,Salesperson,Synthetic dealership appointment; authoritative status is stored in this record.,2026-04-23T15:00:00+00:00
APT-000482,LEAD-002641,CUST-000823,VEH-003330,SP-001,2026-09-30,11:30,Test Drive,Requested,Salesperson,Synthetic dealership appointment; authoritative status is stored in this record.,2026-08-20T15:00:00+00:00
APT-000483,LEAD-002281,CUST-002324,VEH-009848,SP-005,2026-08-03,16:00,Test Drive,Completed,Salesperson,Synthetic dealership appointment; authoritative status is stored in this record.,2026-07-28T15:00:00+00:00
APT-000484,LEAD-003972,CUST-000554,VEH-006152,SP-007,2026-05-02,14:00,Test Drive,Completed,Voice Agent,Synthetic dealership appointment; authoritative status is stored in this record.,2026-04-17T15:00:00+00:00
APT-000485,LEAD-000107,CUST-002798,VEH-005073,SP-001,2026-09-30,12:00,Test Drive,Confirmed,Website,Synthetic dealership appointment; authoritative status is stored in this record.,2026-08-10T15:00:00+00:00
APT-000486,LEAD-003377,CUST-004461,VEH-001627,SP-006,2026-10-07,15:00,Test Drive,Requested,Customer Service,Synthetic dealership appointment; authoritative status is stored in this record.,2026-08-19T15:00:00+00:00
APT-000487,LEAD-000126,CUST-001698,VEH-008218,SP-002,2026-09-30,15:00,Virtual Consultation,Confirmed,Salesperson,Synthetic dealership appointment; authoritative status is stored in this record.,2026-08-18T15:00:00+00:00
APT-000488,LEAD-001530,CUST-001858,VEH-004022,SP-007,2026-08-29,13:30,Virtual Consultation,Confirmed,Salesperson,Synthetic dealership appointment; authoritative status is stored in this record.,2026-08-17T15:00:00+00:00
APT-000489,LEAD-003063,CUST-004815,VEH-003423,SP-002,2026-09-22,15:00,Financing Consultation,Confirmed,Customer Service,Synthetic dealership appointment; authoritative status is stored in this record.,2026-08-20T15:00:00+00:00
APT-000490,LEAD-000481,CUST-001424,VEH-009971,SP-001,2026-09-15,10:30,Virtual Consultation,Confirmed,Voice Agent,Synthetic dealership appointment; authoritative status is stored in this record.,2026-08-17T15:00:00+00:00
APT-000491,LEAD-002481,CUST-004223,VEH-005063,SP-001,2026-06-12,10:30,Test Drive,Completed,Voice Agent,Synthetic dealership appointment; authoritative status is stored in this record.,2026-05-31T15:00:00+00:00
APT-000492,LEAD-002683,CUST-000341,VEH-009398,SP-010,2026-07-08,10:00,Test Drive,No Show,Website,Synthetic dealership appointment; authoritative status is stored in this record.,2026-06-22T15:00:00+00:00
APT-000493,LEAD-001680,CUST-002013,VEH-007695,SP-004,2026-08-30,15:30,Test Drive,Confirmed,Customer Service,Synthetic dealership appointment; authoritative status is stored in this record.,2026-08-12T15:00:00+00:00
APT-000494,LEAD-003658,CUST-002647,VEH-000004,SP-006,2026-10-06,12:00,Test Drive,Confirmed,Website,Synthetic dealership appointment; authoritative status is stored in this record.,2026-08-20T15:00:00+00:00
APT-000495,LEAD-002324,CUST-003534,VEH-004951,SP-007,2026-05-23,10:00,Test Drive,Completed,Voice Agent,Synthetic dealership appointment; authoritative status is stored in this record.,2026-05-21T15:00:00+00:00
APT-000496,LEAD-000447,CUST-004232,VEH-004907,SP-008,2026-08-28,17:00,Test Drive,Confirmed,Salesperson,Synthetic dealership appointment; authoritative status is stored in this record.,2026-08-23T15:00:00+00:00
APT-000497,LEAD-002246,CUST-003363,VEH-003447,SP-005,2026-07-01,11:00,Test Drive,Completed,Voice Agent,Synthetic dealership appointment; authoritative status is stored in this record.,2026-06-20T15:00:00+00:00
APT-000498,LEAD-000635,CUST-004405,VEH-001459,SP-008,2026-09-10,16:00,Financing Consultation,Confirmed,Voice Agent,Synthetic dealership appointment; authoritative status is stored in this record.,2026-08-11T15:00:00+00:00
APT-000499,LEAD-002629,CUST-004482,VEH-008450,SP-001,2026-09-02,10:30,Financing Consultation,Confirmed,Salesperson,Synthetic dealership appointment; authoritative status is stored in this record.,2026-08-07T15:00:00+00:00
APT-000500,LEAD-000415,CUST-002002,VEH-003598,SP-001,2026-09-10,13:00,Test Drive,Rescheduled,Website,Synthetic dealership appointment; authoritative status is stored in this record.,2026-08-16T15:00:00+00:00
APT-000501,LEAD-000292,CUST-003365,VEH-007013,SP-005,2026-08-10,14:00,Trade-In Appraisal,Completed,Salesperson,Synthetic dealership appointment; authoritative status is stored in this record.,2026-08-09T15:00:00+00:00
APT-000502,LEAD-003892,CUST-000261,VEH-007896,SP-001,2026-04-02,09:00,Test Drive,Completed,Voice Agent,Synthetic dealership appointment; authoritative status is stored in this record.,2026-03-24T15:00:00+00:00
APT-000503,LEAD-001445,CUST-002258,VEH-006317,SP-010,2026-10-06,12:00,Test Drive,Confirmed,Salesperson,Synthetic dealership appointment; authoritative status is stored in this record.,2026-08-12T15:00:00+00:00
APT-000504,LEAD-001005,CUST-002814,VEH-004851,SP-002,2026-08-06,15:00,Financing Consultation,No Show,Customer Service,Synthetic dealership appointment; authoritative status is stored in this record.,2026-07-20T15:00:00+00:00
APT-000505,LEAD-002940,CUST-003478,VEH-004715,SP-005,2026-09-08,13:00,Test Drive,Rescheduled,Customer Service,Synthetic dealership appointment; authoritative status is stored in this record.,2026-08-10T15:00:00+00:00
APT-000506,LEAD-001242,CUST-004642,VEH-003044,SP-008,2026-10-03,16:00,Test Drive,Confirmed,Salesperson,Synthetic dealership appointment; authoritative status is stored in this record.,2026-08-04T15:00:00+00:00
APT-000507,LEAD-001197,CUST-001266,VEH-006331,SP-006,2026-09-25,10:30,Test Drive,Requested,Voice Agent,Synthetic dealership appointment; authoritative status is stored in this record.,2026-08-23T15:00:00+00:00
APT-000508,LEAD-002362,CUST-001411,VEH-000183,SP-006,2026-08-28,12:30,Financing Consultation,Requested,Voice Agent,Synthetic dealership appointment; authoritative status is stored in this record.,2026-08-19T15:00:00+00:00
APT-000509,LEAD-003497,CUST-002228,VEH-004174,SP-001,2026-09-18,13:30,Virtual Consultation,Confirmed,Salesperson,Synthetic dealership appointment; authoritative status is stored in this record.,2026-08-11T15:00:00+00:00
APT-000510,LEAD-000145,CUST-003790,VEH-006063,SP-002,2026-06-16,12:30,Test Drive,Completed,Salesperson,Synthetic dealership appointment; authoritative status is stored in this record.,2026-05-31T15:00:00+00:00
APT-000511,LEAD-001988,CUST-001785,VEH-005171,SP-006,2026-06-02,18:30,Virtual Consultation,No Show,Salesperson,Synthetic dealership appointment; authoritative status is stored in this record.,2026-05-13T15:00:00+00:00
APT-000512,LEAD-003365,CUST-000589,VEH-005317,SP-005,2026-10-05,09:00,Test Drive,Confirmed,Website,Synthetic dealership appointment; authoritative status is stored in this record.,2026-08-19T15:00:00+00:00
APT-000513,LEAD-000894,CUST-000061,VEH-008610,SP-001,2026-05-28,08:30,Test Drive,Completed,Voice Agent,Synthetic dealership appointment; authoritative status is stored in this record.,2026-05-17T15:00:00+00:00
APT-000514,LEAD-003594,CUST-002306,VEH-005566,SP-006,2026-10-03,15:30,Test Drive,Confirmed,Customer Service,Synthetic dealership appointment; authoritative status is stored in this record.,2026-08-15T15:00:00+00:00
APT-000515,LEAD-002874,CUST-004188,VEH-008433,SP-002,2026-06-30,16:00,Test Drive,Completed,Customer Service,Synthetic dealership appointment; authoritative status is stored in this record.,2026-06-16T15:00:00+00:00
APT-000516,LEAD-001105,CUST-004753,VEH-001730,SP-005,2026-04-15,16:00,Financing Consultation,Cancelled,Salesperson,Synthetic dealership appointment; authoritative status is stored in this record.,2026-03-25T15:00:00+00:00
APT-000517,LEAD-003390,CUST-001195,VEH-006355,SP-006,2026-04-16,16:30,Test Drive,Completed,Customer Service,Synthetic dealership appointment; authoritative status is stored in this record.,2026-03-30T15:00:00+00:00
APT-000518,LEAD-000214,CUST-001481,VEH-004004,SP-007,2026-09-26,16:00,Virtual Consultation,Confirmed,Voice Agent,Synthetic dealership appointment; authoritative status is stored in this record.,2026-08-07T15:00:00+00:00
APT-000519,LEAD-002557,CUST-001445,VEH-006731,SP-005,2026-03-28,15:00,Test Drive,Cancelled,Voice Agent,Synthetic dealership appointment; authoritative status is stored in this record.,2026-03-21T15:00:00+00:00
APT-000520,LEAD-003187,CUST-000381,VEH-005460,SP-002,2026-08-08,12:30,Test Drive,Completed,Website,Synthetic dealership appointment; authoritative status is stored in this record.,2026-07-26T15:00:00+00:00
APT-000521,LEAD-002226,CUST-000878,VEH-002716,SP-007,2026-09-19,15:30,Test Drive,Requested,Voice Agent,Synthetic dealership appointment; authoritative status is stored in this record.,2026-08-14T15:00:00+00:00
APT-000522,LEAD-003029,CUST-000817,VEH-000202,SP-001,2026-06-15,11:00,Financing Consultation,Completed,Voice Agent,Synthetic dealership appointment; authoritative status is stored in this record.,2026-05-27T15:00:00+00:00
APT-000523,LEAD-000930,CUST-001323,VEH-001138,SP-002,2026-05-07,14:00,Test Drive,Completed,Website,Synthetic dealership appointment; authoritative status is stored in this record.,2026-04-29T15:00:00+00:00
APT-000524,LEAD-002814,CUST-004065,VEH-009806,SP-006,2026-07-29,16:00,Test Drive,Completed,Website,Synthetic dealership appointment; authoritative status is stored in this record.,2026-07-23T15:00:00+00:00
APT-000525,LEAD-000124,CUST-004890,VEH-005840,SP-001,2026-10-09,13:30,Test Drive,Requested,Website,Synthetic dealership appointment; authoritative status is stored in this record.,2026-08-21T15:00:00+00:00
APT-000526,LEAD-002877,CUST-003292,VEH-006412,SP-005,2026-09-04,11:30,Test Drive,Requested,Voice Agent,Synthetic dealership appointment; authoritative status is stored in this record.,2026-08-23T15:00:00+00:00
APT-000527,LEAD-000269,CUST-002949,VEH-000801,SP-001,2026-09-21,16:30,Test Drive,Confirmed,Voice Agent,Synthetic dealership appointment; authoritative status is stored in this record.,2026-08-04T15:00:00+00:00
APT-000528,LEAD-001480,CUST-000486,VEH-001290,SP-001,2026-09-25,08:30,Trade-In Appraisal,Confirmed,Website,Synthetic dealership appointment; authoritative status is stored in this record.,2026-08-19T15:00:00+00:00
APT-000529,LEAD-000105,CUST-004493,VEH-004839,SP-007,2026-09-12,12:00,Test Drive,Requested,Voice Agent,Synthetic dealership appointment; authoritative status is stored in this record.,2026-08-20T15:00:00+00:00
APT-000530,LEAD-003939,CUST-004372,VEH-000188,SP-007,2026-05-10,15:00,Trade-In Appraisal,Completed,Voice Agent,Synthetic dealership appointment; authoritative status is stored in this record.,2026-05-04T15:00:00+00:00
APT-000531,LEAD-000479,CUST-002724,VEH-003951,SP-002,2026-05-09,16:00,Virtual Consultation,No Show,Voice Agent,Synthetic dealership appointment; authoritative status is stored in this record.,2026-04-23T15:00:00+00:00
APT-000532,LEAD-003126,CUST-003846,VEH-002684,SP-007,2026-06-14,16:30,Trade-In Appraisal,Cancelled,Voice Agent,Synthetic dealership appointment; authoritative status is stored in this record.,2026-06-08T15:00:00+00:00
APT-000533,LEAD-002405,CUST-002245,VEH-005655,SP-006,2026-07-24,13:30,Financing Consultation,Completed,Customer Service,Synthetic dealership appointment; authoritative status is stored in this record.,2026-07-19T15:00:00+00:00
APT-000534,LEAD-002347,CUST-002757,VEH-005625,SP-001,2026-06-02,12:30,Financing Consultation,Cancelled,Website,Synthetic dealership appointment; authoritative status is stored in this record.,2026-05-29T15:00:00+00:00
APT-000535,LEAD-003513,CUST-001798,VEH-006878,SP-002,2026-09-11,10:30,Test Drive,Rescheduled,Voice Agent,Synthetic dealership appointment; authoritative status is stored in this record.,2026-08-19T15:00:00+00:00
APT-000536,LEAD-000111,CUST-004074,VEH-005582,SP-006,2026-07-31,13:30,Test Drive,Completed,Website,Synthetic dealership appointment; authoritative status is stored in this record.,2026-07-23T15:00:00+00:00
APT-000537,LEAD-000480,CUST-002310,VEH-007767,SP-008,2026-05-01,10:00,Test Drive,Cancelled,Voice Agent,Synthetic dealership appointment; authoritative status is stored in this record.,2026-04-22T15:00:00+00:00
APT-000538,LEAD-002798,CUST-001478,VEH-001003,SP-001,2026-05-08,16:30,Test Drive,Completed,Voice Agent,Synthetic dealership appointment; authoritative status is stored in this record.,2026-04-22T15:00:00+00:00
APT-000539,LEAD-001100,CUST-003686,VEH-001801,SP-001,2026-10-05,16:30,Test Drive,Confirmed,Salesperson,Synthetic dealership appointment; authoritative status is stored in this record.,2026-08-21T15:00:00+00:00
APT-000540,LEAD-001621,CUST-003791,VEH-005404,SP-002,2026-07-01,12:00,Test Drive,Completed,Voice Agent,Synthetic dealership appointment; authoritative status is stored in this record.,2026-06-29T15:00:00+00:00
APT-000541,LEAD-002955,CUST-004501,VEH-001085,SP-006,2026-09-11,14:00,Test Drive,Confirmed,Salesperson,Synthetic dealership appointment; authoritative status is stored in this record.,2026-08-16T15:00:00+00:00
APT-000542,LEAD-000210,CUST-003498,VEH-003375,SP-001,2026-04-13,09:00,Test Drive,Completed,Website,Synthetic dealership appointment; authoritative status is stored in this record.,2026-03-24T15:00:00+00:00
APT-000543,LEAD-003560,CUST-000358,VEH-002675,SP-001,2026-09-23,14:30,Test Drive,Rescheduled,Salesperson,Synthetic dealership appointment; authoritative status is stored in this record.,2026-08-05T15:00:00+00:00
APT-000544,LEAD-001393,CUST-001665,VEH-001572,SP-005,2026-09-19,10:30,Test Drive,Confirmed,Customer Service,Synthetic dealership appointment; authoritative status is stored in this record.,2026-08-25T15:00:00+00:00
APT-000545,LEAD-002833,CUST-004945,VEH-007696,SP-005,2026-03-28,09:00,Test Drive,Cancelled,Voice Agent,Synthetic dealership appointment; authoritative status is stored in this record.,2026-03-08T15:00:00+00:00
APT-000546,LEAD-000744,CUST-000336,VEH-006262,SP-006,2026-06-19,10:30,Financing Consultation,Completed,Voice Agent,Synthetic dealership appointment; authoritative status is stored in this record.,2026-06-10T15:00:00+00:00
APT-000547,LEAD-002475,CUST-004365,VEH-007313,SP-002,2026-09-19,13:30,Test Drive,Requested,Customer Service,Synthetic dealership appointment; authoritative status is stored in this record.,2026-08-08T15:00:00+00:00
APT-000548,LEAD-000678,CUST-004887,VEH-004478,SP-001,2026-09-01,11:00,Test Drive,Requested,Voice Agent,Synthetic dealership appointment; authoritative status is stored in this record.,2026-08-24T15:00:00+00:00
APT-000549,LEAD-000314,CUST-003158,VEH-007517,SP-005,2026-06-06,11:00,Test Drive,Cancelled,Website,Synthetic dealership appointment; authoritative status is stored in this record.,2026-05-19T15:00:00+00:00
APT-000550,LEAD-003096,CUST-000193,VEH-007105,SP-005,2026-09-02,15:30,Test Drive,Requested,Customer Service,Synthetic dealership appointment; authoritative status is stored in this record.,2026-08-20T15:00:00+00:00
APT-000551,LEAD-002677,CUST-000365,VEH-003394,SP-001,2026-08-13,09:00,Virtual Consultation,Completed,Salesperson,Synthetic dealership appointment; authoritative status is stored in this record.,2026-07-30T15:00:00+00:00
APT-000552,LEAD-002982,CUST-000289,VEH-005711,SP-001,2026-09-23,08:30,Financing Consultation,Requested,Website,Synthetic dealership appointment; authoritative status is stored in this record.,2026-08-10T15:00:00+00:00
APT-000553,LEAD-003599,CUST-003767,VEH-004199,SP-005,2026-06-05,14:30,Test Drive,Completed,Customer Service,Synthetic dealership appointment; authoritative status is stored in this record.,2026-05-16T15:00:00+00:00
APT-000554,LEAD-001032,CUST-004708,VEH-006063,SP-002,2026-09-15,09:30,Test Drive,Requested,Website,Synthetic dealership appointment; authoritative status is stored in this record.,2026-08-04T15:00:00+00:00
APT-000555,LEAD-000603,CUST-001590,VEH-000222,SP-004,2026-06-25,17:30,Test Drive,Completed,Salesperson,Synthetic dealership appointment; authoritative status is stored in this record.,2026-06-07T15:00:00+00:00
APT-000556,LEAD-001184,CUST-002407,VEH-008493,SP-001,2026-08-07,13:00,Virtual Consultation,Completed,Website,Synthetic dealership appointment; authoritative status is stored in this record.,2026-07-21T15:00:00+00:00
APT-000557,LEAD-002062,CUST-003904,VEH-009359,SP-002,2026-09-24,15:00,Test Drive,Rescheduled,Customer Service,Synthetic dealership appointment; authoritative status is stored in this record.,2026-08-22T15:00:00+00:00
APT-000558,LEAD-000980,CUST-000346,VEH-004228,SP-005,2026-09-25,14:00,Test Drive,Confirmed,Salesperson,Synthetic dealership appointment; authoritative status is stored in this record.,2026-08-16T15:00:00+00:00
APT-000559,LEAD-003836,CUST-004155,VEH-007849,SP-002,2026-07-03,17:00,Virtual Consultation,Completed,Customer Service,Synthetic dealership appointment; authoritative status is stored in this record.,2026-06-24T15:00:00+00:00
APT-000560,LEAD-000063,CUST-004623,VEH-007860,SP-003,2026-07-14,12:30,Test Drive,Completed,Customer Service,Synthetic dealership appointment; authoritative status is stored in this record.,2026-06-23T15:00:00+00:00
APT-000561,LEAD-001689,CUST-001527,VEH-008287,SP-006,2026-10-01,18:30,Test Drive,Confirmed,Customer Service,Synthetic dealership appointment; authoritative status is stored in this record.,2026-08-10T15:00:00+00:00
APT-000562,LEAD-003915,CUST-002750,VEH-009174,SP-006,2026-09-08,16:00,Test Drive,Confirmed,Website,Synthetic dealership appointment; authoritative status is stored in this record.,2026-08-16T15:00:00+00:00
APT-000563,LEAD-003485,CUST-000157,VEH-009010,SP-001,2026-07-09,12:30,Virtual Consultation,Completed,Voice Agent,Synthetic dealership appointment; authoritative status is stored in this record.,2026-06-21T15:00:00+00:00
APT-000564,LEAD-002827,CUST-002807,VEH-008856,SP-006,2026-04-07,17:30,Virtual Consultation,Completed,Customer Service,Synthetic dealership appointment; authoritative status is stored in this record.,2026-04-06T15:00:00+00:00
APT-000565,LEAD-002360,CUST-004353,VEH-008899,SP-006,2026-09-23,13:30,Test Drive,Confirmed,Website,Synthetic dealership appointment; authoritative status is stored in this record.,2026-08-04T15:00:00+00:00
APT-000566,LEAD-001198,CUST-003699,VEH-001499,SP-006,2026-09-02,14:00,Test Drive,Confirmed,Salesperson,Synthetic dealership appointment; authoritative status is stored in this record.,2026-08-19T15:00:00+00:00
APT-000567,LEAD-000971,CUST-002660,VEH-009828,SP-004,2026-07-11,14:00,Test Drive,No Show,Voice Agent,Synthetic dealership appointment; authoritative status is stored in this record.,2026-07-06T15:00:00+00:00
APT-000568,LEAD-003275,CUST-002189,VEH-006640,SP-005,2026-08-05,11:00,Virtual Consultation,Completed,Customer Service,Synthetic dealership appointment; authoritative status is stored in this record.,2026-07-23T15:00:00+00:00
APT-000569,LEAD-003642,CUST-002587,VEH-000457,SP-001,2026-06-24,16:00,Test Drive,Completed,Voice Agent,Synthetic dealership appointment; authoritative status is stored in this record.,2026-06-21T15:00:00+00:00
APT-000570,LEAD-001291,CUST-002506,VEH-005119,SP-001,2026-03-31,11:00,Trade-In Appraisal,Completed,Website,Synthetic dealership appointment; authoritative status is stored in this record.,2026-03-17T15:00:00+00:00
APT-000571,LEAD-001926,CUST-004510,VEH-006372,SP-002,2026-06-19,12:00,Test Drive,Completed,Website,Synthetic dealership appointment; authoritative status is stored in this record.,2026-06-16T15:00:00+00:00
APT-000572,LEAD-001916,CUST-004019,VEH-009392,SP-006,2026-06-19,18:30,Test Drive,Cancelled,Voice Agent,Synthetic dealership appointment; authoritative status is stored in this record.,2026-06-05T15:00:00+00:00
APT-000573,LEAD-003392,CUST-003468,VEH-007105,SP-002,2026-05-05,09:30,Virtual Consultation,Completed,Voice Agent,Synthetic dealership appointment; authoritative status is stored in this record.,2026-05-04T15:00:00+00:00
APT-000574,LEAD-003175,CUST-001238,VEH-006960,SP-006,2026-09-08,14:00,Test Drive,Confirmed,Salesperson,Synthetic dealership appointment; authoritative status is stored in this record.,2026-08-23T15:00:00+00:00
APT-000575,LEAD-001972,CUST-004913,VEH-007346,SP-006,2026-07-02,17:00,Test Drive,Completed,Customer Service,Synthetic dealership appointment; authoritative status is stored in this record.,2026-06-24T15:00:00+00:00
APT-000576,LEAD-002735,CUST-000112,VEH-005013,SP-002,2026-05-06,12:30,Test Drive,Cancelled,Salesperson,Synthetic dealership appointment; authoritative status is stored in this record.,2026-04-30T15:00:00+00:00
APT-000577,LEAD-000072,CUST-004022,VEH-006176,SP-001,2026-09-18,09:30,Trade-In Appraisal,Confirmed,Website,Synthetic dealership appointment; authoritative status is stored in this record.,2026-08-08T15:00:00+00:00
APT-000578,LEAD-003591,CUST-004502,VEH-008816,SP-004,2026-04-12,16:00,Test Drive,Completed,Salesperson,Synthetic dealership appointment; authoritative status is stored in this record.,2026-03-26T15:00:00+00:00
APT-000579,LEAD-002947,CUST-004354,VEH-001097,SP-002,2026-09-16,09:00,Financing Consultation,Confirmed,Website,Synthetic dealership appointment; authoritative status is stored in this record.,2026-08-11T15:00:00+00:00
APT-000580,LEAD-002620,CUST-004317,VEH-006936,SP-006,2026-09-03,11:30,Test Drive,Rescheduled,Customer Service,Synthetic dealership appointment; authoritative status is stored in this record.,2026-08-21T15:00:00+00:00
APT-000581,LEAD-002381,CUST-003897,VEH-002152,SP-005,2026-05-07,14:00,Trade-In Appraisal,Completed,Customer Service,Synthetic dealership appointment; authoritative status is stored in this record.,2026-04-23T15:00:00+00:00
APT-000582,LEAD-001322,CUST-001491,VEH-009657,SP-005,2026-08-10,15:30,Trade-In Appraisal,Completed,Voice Agent,Synthetic dealership appointment; authoritative status is stored in this record.,2026-07-30T15:00:00+00:00
APT-000583,LEAD-003064,CUST-001252,VEH-006261,SP-004,2026-06-06,12:30,Financing Consultation,Completed,Voice Agent,Synthetic dealership appointment; authoritative status is stored in this record.,2026-05-23T15:00:00+00:00
APT-000584,LEAD-000772,CUST-002036,VEH-009573,SP-007,2026-08-02,14:30,Test Drive,Completed,Salesperson,Synthetic dealership appointment; authoritative status is stored in this record.,2026-07-26T15:00:00+00:00
APT-000585,LEAD-001789,CUST-004104,VEH-005840,SP-001,2026-09-08,10:30,Test Drive,Confirmed,Salesperson,Synthetic dealership appointment; authoritative status is stored in this record.,2026-08-06T15:00:00+00:00
APT-000586,LEAD-002082,CUST-004532,VEH-000520,SP-006,2026-10-09,14:30,Test Drive,Confirmed,Voice Agent,Synthetic dealership appointment; authoritative status is stored in this record.,2026-08-23T15:00:00+00:00
APT-000587,LEAD-001690,CUST-000935,VEH-005438,SP-002,2026-04-14,10:30,Test Drive,No Show,Customer Service,Synthetic dealership appointment; authoritative status is stored in this record.,2026-04-04T15:00:00+00:00
APT-000588,LEAD-003346,CUST-001182,VEH-006640,SP-010,2026-05-01,16:00,Test Drive,No Show,Customer Service,Synthetic dealership appointment; authoritative status is stored in this record.,2026-04-17T15:00:00+00:00
APT-000589,LEAD-001547,CUST-001499,VEH-005896,SP-005,2026-09-02,09:00,Test Drive,Confirmed,Voice Agent,Synthetic dealership appointment; authoritative status is stored in this record.,2026-08-10T15:00:00+00:00
APT-000590,LEAD-002297,CUST-000645,VEH-001097,SP-002,2026-03-28,13:30,Test Drive,Completed,Salesperson,Synthetic dealership appointment; authoritative status is stored in this record.,2026-03-21T15:00:00+00:00
APT-000591,LEAD-002305,CUST-001183,VEH-001898,SP-010,2026-09-08,15:00,Test Drive,Rescheduled,Website,Synthetic dealership appointment; authoritative status is stored in this record.,2026-08-22T15:00:00+00:00
APT-000592,LEAD-002396,CUST-000732,VEH-004388,SP-006,2026-05-22,11:30,Test Drive,Completed,Customer Service,Synthetic dealership appointment; authoritative status is stored in this record.,2026-05-02T15:00:00+00:00
APT-000593,LEAD-000651,CUST-001212,VEH-009558,SP-001,2026-06-02,10:30,Test Drive,Completed,Voice Agent,Synthetic dealership appointment; authoritative status is stored in this record.,2026-05-12T15:00:00+00:00
APT-000594,LEAD-000857,CUST-003712,VEH-004550,SP-002,2026-09-08,14:30,Financing Consultation,Rescheduled,Voice Agent,Synthetic dealership appointment; authoritative status is stored in this record.,2026-08-09T15:00:00+00:00
APT-000595,LEAD-001982,CUST-004049,VEH-002332,SP-006,2026-04-29,10:30,Financing Consultation,Completed,Salesperson,Synthetic dealership appointment; authoritative status is stored in this record.,2026-04-13T15:00:00+00:00
APT-000596,LEAD-001092,CUST-001502,VEH-007540,SP-004,2026-04-29,11:30,Financing Consultation,Completed,Website,Synthetic dealership appointment; authoritative status is stored in this record.,2026-04-09T15:00:00+00:00
APT-000597,LEAD-001353,CUST-004143,VEH-000188,SP-005,2026-09-29,11:30,Financing Consultation,Confirmed,Customer Service,Synthetic dealership appointment; authoritative status is stored in this record.,2026-08-09T15:00:00+00:00
APT-000598,LEAD-001763,CUST-002719,VEH-009768,SP-002,2026-09-10,13:30,Virtual Consultation,Rescheduled,Salesperson,Synthetic dealership appointment; authoritative status is stored in this record.,2026-08-23T15:00:00+00:00
APT-000599,LEAD-003137,CUST-002665,VEH-002437,SP-001,2026-06-11,09:30,Test Drive,Completed,Salesperson,Synthetic dealership appointment; authoritative status is stored in this record.,2026-05-27T15:00:00+00:00
APT-000600,LEAD-001798,CUST-001473,VEH-000825,SP-006,2026-05-02,16:30,Virtual Consultation,Completed,Website,Synthetic dealership appointment; authoritative status is stored in this record.,2026-04-20T15:00:00+00:00
APT-000601,LEAD-000119,CUST-002606,VEH-006050,SP-002,2026-08-21,16:30,Test Drive,Completed,Voice Agent,Synthetic dealership appointment; authoritative status is stored in this record.,2026-08-18T15:00:00+00:00
APT-000602,LEAD-000001,CUST-004306,VEH-009710,SP-006,2026-10-02,10:00,Virtual Consultation,Rescheduled,Voice Agent,Synthetic dealership appointment; authoritative status is stored in this record.,2026-08-19T15:00:00+00:00
APT-000603,LEAD-003576,CUST-003342,VEH-002802,SP-001,2026-10-05,08:30,Test Drive,Rescheduled,Voice Agent,Synthetic dealership appointment; authoritative status is stored in this record.,2026-08-11T15:00:00+00:00
APT-000604,LEAD-001494,CUST-004406,VEH-009260,SP-007,2026-05-16,14:00,Financing Consultation,No Show,Customer Service,Synthetic dealership appointment; authoritative status is stored in this record.,2026-05-04T15:00:00+00:00
APT-000605,LEAD-000698,CUST-002962,VEH-007624,SP-002,2026-05-12,16:30,Test Drive,Cancelled,Customer Service,Synthetic dealership appointment; authoritative status is stored in this record.,2026-05-02T15:00:00+00:00
APT-000606,LEAD-001471,CUST-003545,VEH-005389,SP-006,2026-08-05,12:00,Financing Consultation,Completed,Website,Synthetic dealership appointment; authoritative status is stored in this record.,2026-07-20T15:00:00+00:00
APT-000607,LEAD-000387,CUST-000983,VEH-003785,SP-001,2026-04-03,10:30,Financing Consultation,No Show,Voice Agent,Synthetic dealership appointment; authoritative status is stored in this record.,2026-03-27T15:00:00+00:00
APT-000608,LEAD-000825,CUST-003362,VEH-003694,SP-006,2026-10-01,11:00,Test Drive,Rescheduled,Salesperson,Synthetic dealership appointment; authoritative status is stored in this record.,2026-08-17T15:00:00+00:00
APT-000609,LEAD-001174,CUST-001181,VEH-008277,SP-006,2026-06-17,14:30,Test Drive,No Show,Website,Synthetic dealership appointment; authoritative status is stored in this record.,2026-06-13T15:00:00+00:00
APT-000610,LEAD-001882,CUST-002918,VEH-007017,SP-001,2026-08-19,14:30,Test Drive,Completed,Website,Synthetic dealership appointment; authoritative status is stored in this record.,2026-08-04T15:00:00+00:00
APT-000611,LEAD-003209,CUST-003539,VEH-000136,SP-001,2026-09-30,10:30,Test Drive,Requested,Website,Synthetic dealership appointment; authoritative status is stored in this record.,2026-08-19T15:00:00+00:00
APT-000612,LEAD-002615,CUST-001204,VEH-008622,SP-005,2026-05-08,13:00,Virtual Consultation,Cancelled,Salesperson,Synthetic dealership appointment; authoritative status is stored in this record.,2026-05-03T15:00:00+00:00
APT-000613,LEAD-002715,CUST-001008,VEH-004016,SP-003,2026-09-11,18:00,Test Drive,Confirmed,Website,Synthetic dealership appointment; authoritative status is stored in this record.,2026-08-17T15:00:00+00:00
APT-000614,LEAD-002135,CUST-002739,VEH-002615,SP-006,2026-09-29,15:30,Test Drive,Requested,Salesperson,Synthetic dealership appointment; authoritative status is stored in this record.,2026-08-13T15:00:00+00:00
APT-000615,LEAD-001153,CUST-000712,VEH-000133,SP-005,2026-08-19,17:30,Test Drive,No Show,Customer Service,Synthetic dealership appointment; authoritative status is stored in this record.,2026-07-29T15:00:00+00:00
APT-000616,LEAD-000365,CUST-002611,VEH-008356,SP-005,2026-06-24,16:30,Test Drive,No Show,Voice Agent,Synthetic dealership appointment; authoritative status is stored in this record.,2026-06-04T15:00:00+00:00
APT-000617,LEAD-000836,CUST-003454,VEH-009449,SP-005,2026-09-23,14:00,Trade-In Appraisal,Requested,Website,Synthetic dealership appointment; authoritative status is stored in this record.,2026-08-13T15:00:00+00:00
APT-000618,LEAD-002394,CUST-003107,VEH-005756,SP-006,2026-10-02,16:30,Test Drive,Requested,Salesperson,Synthetic dealership appointment; authoritative status is stored in this record.,2026-08-07T15:00:00+00:00
APT-000619,LEAD-003145,CUST-003733,VEH-005653,SP-005,2026-04-22,10:30,Test Drive,Cancelled,Voice Agent,Synthetic dealership appointment; authoritative status is stored in this record.,2026-04-12T15:00:00+00:00
APT-000620,LEAD-000271,CUST-004402,VEH-004698,SP-006,2026-06-05,13:00,Test Drive,Completed,Voice Agent,Synthetic dealership appointment; authoritative status is stored in this record.,2026-05-16T15:00:00+00:00
APT-000621,LEAD-001633,CUST-003279,VEH-000378,SP-007,2026-09-05,14:30,Test Drive,Requested,Voice Agent,Synthetic dealership appointment; authoritative status is stored in this record.,2026-08-08T15:00:00+00:00
APT-000622,LEAD-003379,CUST-000808,VEH-009396,SP-001,2026-05-22,10:00,Financing Consultation,Completed,Website,Synthetic dealership appointment; authoritative status is stored in this record.,2026-05-15T15:00:00+00:00
APT-000623,LEAD-000702,CUST-002967,VEH-009372,SP-002,2026-04-24,16:30,Test Drive,Completed,Salesperson,Synthetic dealership appointment; authoritative status is stored in this record.,2026-04-22T15:00:00+00:00
APT-000624,LEAD-000059,CUST-002127,VEH-004073,SP-007,2026-09-12,14:30,Test Drive,Confirmed,Voice Agent,Synthetic dealership appointment; authoritative status is stored in this record.,2026-08-10T15:00:00+00:00
APT-000625,LEAD-003186,CUST-003212,VEH-002537,SP-007,2026-05-09,15:00,Test Drive,Completed,Website,Synthetic dealership appointment; authoritative status is stored in this record.,2026-05-05T15:00:00+00:00
APT-000626,LEAD-002856,CUST-000727,VEH-008968,SP-005,2026-08-01,14:00,Test Drive,Completed,Voice Agent,Synthetic dealership appointment; authoritative status is stored in this record.,2026-07-21T15:00:00+00:00
APT-000627,LEAD-003940,CUST-003434,VEH-002312,SP-007,2026-05-24,15:30,Test Drive,Completed,Voice Agent,Synthetic dealership appointment; authoritative status is stored in this record.,2026-05-07T15:00:00+00:00
APT-000628,LEAD-000172,CUST-001982,VEH-009930,SP-005,2026-06-05,17:30,Test Drive,Cancelled,Website,Synthetic dealership appointment; authoritative status is stored in this record.,2026-06-01T15:00:00+00:00
APT-000629,LEAD-001288,CUST-002099,VEH-001546,SP-006,2026-08-07,13:00,Test Drive,Completed,Voice Agent,Synthetic dealership appointment; authoritative status is stored in this record.,2026-07-30T15:00:00+00:00
APT-000630,LEAD-002335,CUST-004108,VEH-004507,SP-001,2026-04-16,16:00,Virtual Consultation,No Show,Voice Agent,Synthetic dealership appointment; authoritative status is stored in this record.,2026-04-13T15:00:00+00:00
APT-000631,LEAD-002756,CUST-002281,VEH-000442,SP-006,2026-07-29,10:30,Test Drive,Cancelled,Voice Agent,Synthetic dealership appointment; authoritative status is stored in this record.,2026-07-18T15:00:00+00:00
APT-000632,LEAD-001751,CUST-002295,VEH-003785,SP-006,2026-05-16,14:00,Test Drive,Completed,Website,Synthetic dealership appointment; authoritative status is stored in this record.,2026-05-13T15:00:00+00:00
APT-000633,LEAD-001887,CUST-004783,VEH-008391,SP-006,2026-06-16,11:30,Virtual Consultation,No Show,Voice Agent,Synthetic dealership appointment; authoritative status is stored in this record.,2026-06-09T15:00:00+00:00
APT-000634,LEAD-003566,CUST-000497,VEH-004985,SP-005,2026-07-18,16:00,Test Drive,Completed,Voice Agent,Synthetic dealership appointment; authoritative status is stored in this record.,2026-07-06T15:00:00+00:00
APT-000635,LEAD-000272,CUST-000905,VEH-005683,SP-007,2026-09-27,09:30,Test Drive,Rescheduled,Website,Synthetic dealership appointment; authoritative status is stored in this record.,2026-08-24T15:00:00+00:00
APT-000636,LEAD-002496,CUST-002259,VEH-006013,SP-007,2026-05-10,14:30,Test Drive,Completed,Salesperson,Synthetic dealership appointment; authoritative status is stored in this record.,2026-04-25T15:00:00+00:00
APT-000637,LEAD-001000,CUST-003813,VEH-006279,SP-001,2026-09-16,13:30,Test Drive,Confirmed,Salesperson,Synthetic dealership appointment; authoritative status is stored in this record.,2026-08-17T15:00:00+00:00
APT-000638,LEAD-001603,CUST-002409,VEH-003412,SP-003,2026-10-07,10:00,Test Drive,Confirmed,Salesperson,Synthetic dealership appointment; authoritative status is stored in this record.,2026-08-23T15:00:00+00:00
APT-000639,LEAD-003754,CUST-003286,VEH-007748,SP-006,2026-06-25,15:30,Virtual Consultation,Cancelled,Salesperson,Synthetic dealership appointment; authoritative status is stored in this record.,2026-06-09T15:00:00+00:00
APT-000640,LEAD-000599,CUST-000100,VEH-005686,SP-007,2026-06-07,09:00,Test Drive,No Show,Customer Service,Synthetic dealership appointment; authoritative status is stored in this record.,2026-05-18T15:00:00+00:00
APT-000641,LEAD-001759,CUST-001117,VEH-009699,SP-007,2026-08-23,13:30,Test Drive,Completed,Customer Service,Synthetic dealership appointment; authoritative status is stored in this record.,2026-08-12T15:00:00+00:00
APT-000642,LEAD-000975,CUST-000499,VEH-004178,SP-010,2026-09-09,12:00,Virtual Consultation,Requested,Voice Agent,Synthetic dealership appointment; authoritative status is stored in this record.,2026-08-20T15:00:00+00:00
APT-000643,LEAD-000602,CUST-003117,VEH-007260,SP-002,2026-06-16,09:00,Test Drive,Cancelled,Voice Agent,Synthetic dealership appointment; authoritative status is stored in this record.,2026-05-26T15:00:00+00:00
APT-000644,LEAD-002195,CUST-002441,VEH-003220,SP-006,2026-09-02,12:30,Test Drive,Confirmed,Website,Synthetic dealership appointment; authoritative status is stored in this record.,2026-08-24T15:00:00+00:00
APT-000645,LEAD-002583,CUST-000705,VEH-004646,SP-008,2026-09-25,14:30,Test Drive,Confirmed,Salesperson,Synthetic dealership appointment; authoritative status is stored in this record.,2026-08-12T15:00:00+00:00
APT-000646,LEAD-002024,CUST-003983,VEH-003114,SP-007,2026-07-05,11:30,Test Drive,Completed,Customer Service,Synthetic dealership appointment; authoritative status is stored in this record.,2026-07-02T15:00:00+00:00
APT-000647,LEAD-002540,CUST-000556,VEH-007628,SP-007,2026-08-01,11:30,Financing Consultation,Completed,Website,Synthetic dealership appointment; authoritative status is stored in this record.,2026-07-13T15:00:00+00:00
APT-000648,LEAD-002718,CUST-002834,VEH-007824,SP-002,2026-09-26,10:00,Financing Consultation,Requested,Website,Synthetic dealership appointment; authoritative status is stored in this record.,2026-08-16T15:00:00+00:00
APT-000649,LEAD-003198,CUST-000039,VEH-000626,SP-006,2026-10-01,17:00,Test Drive,Confirmed,Voice Agent,Synthetic dealership appointment; authoritative status is stored in this record.,2026-08-22T15:00:00+00:00
APT-000650,LEAD-000840,CUST-001429,VEH-000946,SP-006,2026-05-16,10:30,Test Drive,Cancelled,Voice Agent,Synthetic dealership appointment; authoritative status is stored in this record.,2026-05-09T15:00:00+00:00
APT-000651,LEAD-003946,CUST-002181,VEH-001393,SP-005,2026-07-24,09:00,Test Drive,Completed,Salesperson,Synthetic dealership appointment; authoritative status is stored in this record.,2026-07-12T15:00:00+00:00
APT-000652,LEAD-002633,CUST-000417,VEH-001512,SP-005,2026-09-25,16:30,Trade-In Appraisal,Confirmed,Website,Synthetic dealership appointment; authoritative status is stored in this record.,2026-08-05T15:00:00+00:00
APT-000653,LEAD-001287,CUST-000141,VEH-004492,SP-001,2026-05-26,14:30,Virtual Consultation,No Show,Website,Synthetic dealership appointment; authoritative status is stored in this record.,2026-05-08T15:00:00+00:00
APT-000654,LEAD-003153,CUST-004009,VEH-002001,SP-008,2026-08-27,12:30,Financing Consultation,Confirmed,Salesperson,Synthetic dealership appointment; authoritative status is stored in this record.,2026-08-12T15:00:00+00:00
APT-000655,LEAD-002155,CUST-002185,VEH-004194,SP-006,2026-08-22,18:30,Virtual Consultation,Completed,Salesperson,Synthetic dealership appointment; authoritative status is stored in this record.,2026-08-11T15:00:00+00:00
APT-000656,LEAD-000188,CUST-002904,VEH-009318,SP-003,2026-10-09,13:00,Test Drive,Confirmed,Customer Service,Synthetic dealership appointment; authoritative status is stored in this record.,2026-08-09T15:00:00+00:00
APT-000657,LEAD-002721,CUST-000197,VEH-005245,SP-006,2026-08-20,16:00,Test Drive,Completed,Website,Synthetic dealership appointment; authoritative status is stored in this record.,2026-08-04T15:00:00+00:00
APT-000658,LEAD-003511,CUST-000268,VEH-009854,SP-002,2026-05-19,12:00,Financing Consultation,Completed,Voice Agent,Synthetic dealership appointment; authoritative status is stored in this record.,2026-04-29T15:00:00+00:00
APT-000659,LEAD-000360,CUST-000865,VEH-003900,SP-003,2026-05-27,14:00,Test Drive,Completed,Salesperson,Synthetic dealership appointment; authoritative status is stored in this record.,2026-05-25T15:00:00+00:00
APT-000660,LEAD-001364,CUST-002499,VEH-005709,SP-006,2026-05-05,10:00,Test Drive,Cancelled,Salesperson,Synthetic dealership appointment; authoritative status is stored in this record.,2026-04-17T15:00:00+00:00
APT-000661,LEAD-001545,CUST-001187,VEH-003885,SP-007,2026-07-26,16:30,Test Drive,Completed,Voice Agent,Synthetic dealership appointment; authoritative status is stored in this record.,2026-07-07T15:00:00+00:00
APT-000662,LEAD-002643,CUST-004677,VEH-003375,SP-006,2026-08-26,15:30,Trade-In Appraisal,Confirmed,Salesperson,Synthetic dealership appointment; authoritative status is stored in this record.,2026-08-09T15:00:00+00:00
APT-000663,LEAD-002318,CUST-002126,VEH-006984,SP-002,2026-09-17,14:30,Test Drive,Confirmed,Salesperson,Synthetic dealership appointment; authoritative status is stored in this record.,2026-08-15T15:00:00+00:00
APT-000664,LEAD-002800,CUST-000663,VEH-003947,SP-002,2026-07-29,12:30,Test Drive,Completed,Voice Agent,Synthetic dealership appointment; authoritative status is stored in this record.,2026-07-19T15:00:00+00:00
APT-000665,LEAD-001563,CUST-003324,VEH-001528,SP-001,2026-09-08,09:00,Test Drive,Requested,Salesperson,Synthetic dealership appointment; authoritative status is stored in this record.,2026-08-18T15:00:00+00:00
APT-000666,LEAD-002912,CUST-000564,VEH-001421,SP-002,2026-08-29,11:30,Test Drive,Confirmed,Website,Synthetic dealership appointment; authoritative status is stored in this record.,2026-08-22T15:00:00+00:00
APT-000667,LEAD-001794,CUST-001999,VEH-008741,SP-006,2026-06-12,15:30,Test Drive,No Show,Salesperson,Synthetic dealership appointment; authoritative status is stored in this record.,2026-05-31T15:00:00+00:00
APT-000668,LEAD-003693,CUST-001757,VEH-003617,SP-001,2026-06-04,09:00,Test Drive,Cancelled,Salesperson,Synthetic dealership appointment; authoritative status is stored in this record.,2026-05-14T15:00:00+00:00
APT-000669,LEAD-003436,CUST-003480,VEH-002071,SP-006,2026-06-27,17:30,Test Drive,Completed,Customer Service,Synthetic dealership appointment; authoritative status is stored in this record.,2026-06-10T15:00:00+00:00
APT-000670,LEAD-002093,CUST-002068,VEH-004645,SP-001,2026-06-29,09:00,Test Drive,Completed,Voice Agent,Synthetic dealership appointment; authoritative status is stored in this record.,2026-06-18T15:00:00+00:00
APT-000671,LEAD-003906,CUST-004944,VEH-004780,SP-006,2026-09-29,17:30,Test Drive,Requested,Voice Agent,Synthetic dealership appointment; authoritative status is stored in this record.,2026-08-21T15:00:00+00:00
APT-000672,LEAD-003313,CUST-003737,VEH-002061,SP-006,2026-08-20,16:30,Test Drive,Completed,Salesperson,Synthetic dealership appointment; authoritative status is stored in this record.,2026-08-11T15:00:00+00:00
APT-000673,LEAD-003154,CUST-002662,VEH-004550,SP-005,2026-09-21,13:00,Test Drive,Confirmed,Voice Agent,Synthetic dealership appointment; authoritative status is stored in this record.,2026-08-17T15:00:00+00:00
APT-000674,LEAD-001832,CUST-001714,VEH-002429,SP-001,2026-09-03,11:00,Financing Consultation,Rescheduled,Voice Agent,Synthetic dealership appointment; authoritative status is stored in this record.,2026-08-25T15:00:00+00:00
APT-000675,LEAD-002783,CUST-004190,VEH-009261,SP-003,2026-04-27,16:00,Test Drive,Completed,Salesperson,Synthetic dealership appointment; authoritative status is stored in this record.,2026-04-20T15:00:00+00:00
APT-000676,LEAD-003348,CUST-003696,VEH-003667,SP-001,2026-09-03,14:30,Test Drive,Confirmed,Website,Synthetic dealership appointment; authoritative status is stored in this record.,2026-08-19T15:00:00+00:00
APT-000677,LEAD-003660,CUST-002764,VEH-000186,SP-006,2026-05-27,18:00,Test Drive,Completed,Website,Synthetic dealership appointment; authoritative status is stored in this record.,2026-05-23T15:00:00+00:00
APT-000678,LEAD-000091,CUST-001713,VEH-007113,SP-008,2026-05-25,11:30,Test Drive,Completed,Website,Synthetic dealership appointment; authoritative status is stored in this record.,2026-05-15T15:00:00+00:00
APT-000679,LEAD-003406,CUST-003063,VEH-006206,SP-006,2026-09-29,14:30,Financing Consultation,Confirmed,Salesperson,Synthetic dealership appointment; authoritative status is stored in this record.,2026-08-18T15:00:00+00:00
APT-000680,LEAD-000054,CUST-001189,VEH-004592,SP-007,2026-04-05,11:30,Test Drive,Completed,Website,Synthetic dealership appointment; authoritative status is stored in this record.,2026-03-20T15:00:00+00:00
APT-000681,LEAD-001041,CUST-000789,VEH-001561,SP-007,2026-08-16,11:30,Test Drive,Cancelled,Voice Agent,Synthetic dealership appointment; authoritative status is stored in this record.,2026-07-31T15:00:00+00:00
APT-000682,LEAD-001276,CUST-004025,VEH-002740,SP-002,2026-08-11,16:00,Test Drive,Completed,Website,Synthetic dealership appointment; authoritative status is stored in this record.,2026-07-22T15:00:00+00:00
APT-000683,LEAD-001002,CUST-003550,VEH-002115,SP-006,2026-10-08,15:30,Virtual Consultation,Rescheduled,Voice Agent,Synthetic dealership appointment; authoritative status is stored in this record.,2026-08-20T15:00:00+00:00
APT-000684,LEAD-000928,CUST-002580,VEH-003067,SP-005,2026-09-30,11:30,Test Drive,Confirmed,Voice Agent,Synthetic dealership appointment; authoritative status is stored in this record.,2026-08-06T15:00:00+00:00
APT-000685,LEAD-001884,CUST-002337,VEH-001693,SP-006,2026-09-30,17:00,Financing Consultation,Rescheduled,Voice Agent,Synthetic dealership appointment; authoritative status is stored in this record.,2026-08-19T15:00:00+00:00
APT-000686,LEAD-000537,CUST-002357,VEH-003982,SP-005,2026-06-20,09:00,Virtual Consultation,Completed,Voice Agent,Synthetic dealership appointment; authoritative status is stored in this record.,2026-06-02T15:00:00+00:00
APT-000687,LEAD-001269,CUST-002233,VEH-001452,SP-006,2026-03-28,13:00,Test Drive,Completed,Customer Service,Synthetic dealership appointment; authoritative status is stored in this record.,2026-03-26T15:00:00+00:00
APT-000688,LEAD-003459,CUST-003853,VEH-002042,SP-006,2026-09-16,10:30,Financing Consultation,Confirmed,Salesperson,Synthetic dealership appointment; authoritative status is stored in this record.,2026-08-22T15:00:00+00:00
APT-000689,LEAD-001096,CUST-000155,VEH-007775,SP-002,2026-09-30,17:30,Virtual Consultation,Requested,Customer Service,Synthetic dealership appointment; authoritative status is stored in this record.,2026-08-17T15:00:00+00:00
APT-000690,LEAD-003003,CUST-004346,VEH-002302,SP-007,2026-05-31,17:00,Test Drive,Completed,Salesperson,Synthetic dealership appointment; authoritative status is stored in this record.,2026-05-26T15:00:00+00:00
APT-000691,LEAD-003169,CUST-004059,VEH-006465,SP-005,2026-06-09,12:00,Test Drive,Cancelled,Voice Agent,Synthetic dealership appointment; authoritative status is stored in this record.,2026-06-08T15:00:00+00:00
APT-000692,LEAD-000203,CUST-001295,VEH-006701,SP-006,2026-05-20,12:30,Test Drive,Completed,Voice Agent,Synthetic dealership appointment; authoritative status is stored in this record.,2026-05-13T15:00:00+00:00
APT-000693,LEAD-002674,CUST-000090,VEH-009267,SP-006,2026-10-07,14:30,Test Drive,Confirmed,Website,Synthetic dealership appointment; authoritative status is stored in this record.,2026-08-10T15:00:00+00:00
APT-000694,LEAD-002022,CUST-003941,VEH-005878,SP-005,2026-08-08,10:00,Test Drive,No Show,Customer Service,Synthetic dealership appointment; authoritative status is stored in this record.,2026-07-27T15:00:00+00:00
APT-000695,LEAD-001369,CUST-003347,VEH-007618,SP-005,2026-04-06,14:30,Test Drive,Completed,Voice Agent,Synthetic dealership appointment; authoritative status is stored in this record.,2026-03-30T15:00:00+00:00
APT-000696,LEAD-003879,CUST-001945,VEH-005560,SP-006,2026-05-28,15:30,Virtual Consultation,No Show,Website,Synthetic dealership appointment; authoritative status is stored in this record.,2026-05-18T15:00:00+00:00
APT-000697,LEAD-003881,CUST-004381,VEH-002373,SP-007,2026-08-08,15:30,Test Drive,Completed,Voice Agent,Synthetic dealership appointment; authoritative status is stored in this record.,2026-07-19T15:00:00+00:00
APT-000698,LEAD-001027,CUST-001990,VEH-003547,SP-006,2026-07-17,16:00,Test Drive,Completed,Customer Service,Synthetic dealership appointment; authoritative status is stored in this record.,2026-06-26T15:00:00+00:00
APT-000699,LEAD-001442,CUST-004278,VEH-006200,SP-006,2026-09-24,18:30,Test Drive,Confirmed,Voice Agent,Synthetic dealership appointment; authoritative status is stored in this record.,2026-08-18T15:00:00+00:00
APT-000700,LEAD-000977,CUST-001626,VEH-004667,SP-001,2026-04-20,16:30,Financing Consultation,Completed,Customer Service,Synthetic dealership appointment; authoritative status is stored in this record.,2026-04-18T15:00:00+00:00
APT-000701,LEAD-002467,CUST-003963,VEH-000110,SP-001,2026-06-18,16:30,Test Drive,Cancelled,Website,Synthetic dealership appointment; authoritative status is stored in this record.,2026-06-15T15:00:00+00:00
APT-000702,LEAD-002694,CUST-001607,VEH-003295,SP-001,2026-08-06,15:30,Test Drive,Cancelled,Website,Synthetic dealership appointment; authoritative status is stored in this record.,2026-07-16T15:00:00+00:00
APT-000703,LEAD-000304,CUST-003615,VEH-004115,SP-004,2026-10-01,16:00,Trade-In Appraisal,Confirmed,Website,Synthetic dealership appointment; authoritative status is stored in this record.,2026-08-21T15:00:00+00:00
APT-000704,LEAD-003213,CUST-001245,VEH-002215,SP-003,2026-09-18,12:00,Trade-In Appraisal,Requested,Voice Agent,Synthetic dealership appointment; authoritative status is stored in this record.,2026-08-17T15:00:00+00:00
APT-000705,LEAD-003533,CUST-000737,VEH-007947,SP-005,2026-06-13,10:30,Financing Consultation,Completed,Salesperson,Synthetic dealership appointment; authoritative status is stored in this record.,2026-06-06T15:00:00+00:00
APT-000706,LEAD-000543,CUST-000567,VEH-005842,SP-006,2026-06-26,15:30,Test Drive,Cancelled,Customer Service,Synthetic dealership appointment; authoritative status is stored in this record.,2026-06-08T15:00:00+00:00
APT-000707,LEAD-001435,CUST-002537,VEH-001508,SP-005,2026-03-31,17:00,Test Drive,Completed,Customer Service,Synthetic dealership appointment; authoritative status is stored in this record.,2026-03-19T15:00:00+00:00
APT-000708,LEAD-000833,CUST-002433,VEH-009372,SP-002,2026-10-01,09:30,Test Drive,Confirmed,Website,Synthetic dealership appointment; authoritative status is stored in this record.,2026-08-09T15:00:00+00:00
APT-000709,LEAD-001367,CUST-002725,VEH-001918,SP-005,2026-09-11,15:30,Test Drive,Rescheduled,Website,Synthetic dealership appointment; authoritative status is stored in this record.,2026-08-25T15:00:00+00:00
APT-000710,LEAD-000708,CUST-002331,VEH-008437,SP-006,2026-08-28,18:30,Test Drive,Confirmed,Voice Agent,Synthetic dealership appointment; authoritative status is stored in this record.,2026-08-16T15:00:00+00:00
APT-000711,LEAD-000783,CUST-002442,VEH-006169,SP-007,2026-09-27,11:00,Financing Consultation,Confirmed,Website,Synthetic dealership appointment; authoritative status is stored in this record.,2026-08-14T15:00:00+00:00
APT-000712,LEAD-003898,CUST-000579,VEH-006055,SP-001,2026-09-28,13:00,Test Drive,Rescheduled,Customer Service,Synthetic dealership appointment; authoritative status is stored in this record.,2026-08-17T15:00:00+00:00
APT-000713,LEAD-001764,CUST-001586,VEH-000378,SP-005,2026-06-20,17:00,Test Drive,Cancelled,Website,Synthetic dealership appointment; authoritative status is stored in this record.,2026-06-11T15:00:00+00:00
APT-000714,LEAD-001839,CUST-003564,VEH-006688,SP-007,2026-06-07,13:00,Test Drive,Cancelled,Website,Synthetic dealership appointment; authoritative status is stored in this record.,2026-05-23T15:00:00+00:00
APT-000715,LEAD-001785,CUST-003729,VEH-002824,SP-007,2026-10-03,13:30,Test Drive,Rescheduled,Voice Agent,Synthetic dealership appointment; authoritative status is stored in this record.,2026-08-11T15:00:00+00:00
APT-000716,LEAD-001599,CUST-000337,VEH-006878,SP-002,2026-09-18,15:00,Virtual Consultation,Rescheduled,Voice Agent,Synthetic dealership appointment; authoritative status is stored in this record.,2026-08-11T15:00:00+00:00
APT-000717,LEAD-000248,CUST-004053,VEH-007956,SP-005,2026-08-18,14:00,Test Drive,Completed,Customer Service,Synthetic dealership appointment; authoritative status is stored in this record.,2026-08-07T15:00:00+00:00
APT-000718,LEAD-002699,CUST-004774,VEH-006601,SP-006,2026-05-30,12:00,Test Drive,No Show,Salesperson,Synthetic dealership appointment; authoritative status is stored in this record.,2026-05-18T15:00:00+00:00
APT-000719,LEAD-002759,CUST-003064,VEH-004777,SP-006,2026-10-08,17:30,Virtual Consultation,Requested,Website,Synthetic dealership appointment; authoritative status is stored in this record.,2026-08-05T15:00:00+00:00
APT-000720,LEAD-000082,CUST-002219,VEH-003295,SP-007,2026-05-24,17:00,Financing Consultation,Completed,Voice Agent,Synthetic dealership appointment; authoritative status is stored in this record.,2026-05-04T15:00:00+00:00
APT-000721,LEAD-000491,CUST-002636,VEH-006741,SP-007,2026-09-13,16:00,Test Drive,Confirmed,Customer Service,Synthetic dealership appointment; authoritative status is stored in this record.,2026-08-10T15:00:00+00:00
APT-000722,LEAD-001504,CUST-001035,VEH-007277,SP-001,2026-06-10,12:30,Test Drive,Completed,Website,Synthetic dealership appointment; authoritative status is stored in this record.,2026-06-09T15:00:00+00:00
APT-000723,LEAD-001306,CUST-004066,VEH-001417,SP-006,2026-08-26,13:00,Financing Consultation,Confirmed,Website,Synthetic dealership appointment; authoritative status is stored in this record.,2026-08-04T15:00:00+00:00
APT-000724,LEAD-001950,CUST-003927,VEH-007394,SP-001,2026-09-09,11:30,Test Drive,Rescheduled,Voice Agent,Synthetic dealership appointment; authoritative status is stored in this record.,2026-08-19T15:00:00+00:00
APT-000725,LEAD-003843,CUST-004530,VEH-006560,SP-010,2026-04-17,15:30,Virtual Consultation,Completed,Voice Agent,Synthetic dealership appointment; authoritative status is stored in this record.,2026-04-11T15:00:00+00:00
APT-000726,LEAD-003980,CUST-003354,VEH-005180,SP-005,2026-08-26,15:30,Test Drive,Confirmed,Voice Agent,Synthetic dealership appointment; authoritative status is stored in this record.,2026-08-09T15:00:00+00:00
APT-000727,LEAD-000470,CUST-002761,VEH-007705,SP-007,2026-09-26,09:00,Test Drive,Confirmed,Voice Agent,Synthetic dealership appointment; authoritative status is stored in this record.,2026-08-16T15:00:00+00:00
APT-000728,LEAD-001263,CUST-000136,VEH-007319,SP-005,2026-05-18,09:00,Test Drive,Completed,Customer Service,Synthetic dealership appointment; authoritative status is stored in this record.,2026-05-15T15:00:00+00:00
APT-000729,LEAD-000114,CUST-003890,VEH-000632,SP-006,2026-09-11,13:30,Test Drive,Confirmed,Voice Agent,Synthetic dealership appointment; authoritative status is stored in this record.,2026-08-25T15:00:00+00:00
APT-000730,LEAD-002205,CUST-004464,VEH-000311,SP-006,2026-07-07,18:00,Test Drive,Completed,Customer Service,Synthetic dealership appointment; authoritative status is stored in this record.,2026-06-29T15:00:00+00:00
APT-000731,LEAD-000437,CUST-003940,VEH-005751,SP-006,2026-06-23,16:30,Test Drive,Completed,Voice Agent,Synthetic dealership appointment; authoritative status is stored in this record.,2026-06-03T15:00:00+00:00
APT-000732,LEAD-002688,CUST-003626,VEH-002914,SP-006,2026-08-13,16:00,Test Drive,Completed,Voice Agent,Synthetic dealership appointment; authoritative status is stored in this record.,2026-08-01T15:00:00+00:00
APT-000733,LEAD-000886,CUST-001594,VEH-001040,SP-006,2026-04-21,13:00,Trade-In Appraisal,Completed,Website,Synthetic dealership appointment; authoritative status is stored in this record.,2026-04-09T15:00:00+00:00
APT-000734,LEAD-002957,CUST-004724,VEH-005962,SP-006,2026-07-30,12:30,Test Drive,Cancelled,Website,Synthetic dealership appointment; authoritative status is stored in this record.,2026-07-20T15:00:00+00:00
APT-000735,LEAD-002483,CUST-001347,VEH-003563,SP-007,2026-05-31,12:00,Virtual Consultation,Completed,Voice Agent,Synthetic dealership appointment; authoritative status is stored in this record.,2026-05-10T15:00:00+00:00
APT-000736,LEAD-001561,CUST-004748,VEH-004176,SP-001,2026-10-01,11:30,Test Drive,Rescheduled,Website,Synthetic dealership appointment; authoritative status is stored in this record.,2026-08-21T15:00:00+00:00
APT-000737,LEAD-000842,CUST-000551,VEH-007827,SP-005,2026-09-24,09:00,Test Drive,Rescheduled,Salesperson,Synthetic dealership appointment; authoritative status is stored in this record.,2026-08-20T15:00:00+00:00
APT-000738,LEAD-000578,CUST-002447,VEH-001447,SP-006,2026-08-27,10:00,Test Drive,Requested,Website,Synthetic dealership appointment; authoritative status is stored in this record.,2026-08-16T15:00:00+00:00
APT-000739,LEAD-003469,CUST-000585,VEH-008131,SP-008,2026-10-04,12:30,Test Drive,Confirmed,Website,Synthetic dealership appointment; authoritative status is stored in this record.,2026-08-15T15:00:00+00:00
APT-000740,LEAD-002781,CUST-004986,VEH-008251,SP-006,2026-05-07,11:30,Financing Consultation,Completed,Website,Synthetic dealership appointment; authoritative status is stored in this record.,2026-04-21T15:00:00+00:00
APT-000741,LEAD-002029,CUST-003576,VEH-009305,SP-006,2026-08-01,16:30,Test Drive,Completed,Customer Service,Synthetic dealership appointment; authoritative status is stored in this record.,2026-07-18T15:00:00+00:00
APT-000742,LEAD-001537,CUST-002094,VEH-007940,SP-004,2026-08-27,18:30,Test Drive,Requested,Salesperson,Synthetic dealership appointment; authoritative status is stored in this record.,2026-08-21T15:00:00+00:00
APT-000743,LEAD-002053,CUST-001211,VEH-000228,SP-007,2026-07-26,12:00,Test Drive,Completed,Website,Synthetic dealership appointment; authoritative status is stored in this record.,2026-07-08T15:00:00+00:00
APT-000744,LEAD-000097,CUST-003544,VEH-008663,SP-002,2026-09-26,13:00,Test Drive,Confirmed,Customer Service,Synthetic dealership appointment; authoritative status is stored in this record.,2026-08-15T15:00:00+00:00
APT-000745,LEAD-002903,CUST-003524,VEH-004903,SP-001,2026-09-09,13:00,Test Drive,Requested,Salesperson,Synthetic dealership appointment; authoritative status is stored in this record.,2026-08-10T15:00:00+00:00
APT-000746,LEAD-000803,CUST-001679,VEH-007929,SP-007,2026-08-30,12:00,Test Drive,Requested,Salesperson,Synthetic dealership appointment; authoritative status is stored in this record.,2026-08-25T15:00:00+00:00
APT-000747,LEAD-001811,CUST-003847,VEH-008663,SP-002,2026-08-15,14:30,Test Drive,Cancelled,Salesperson,Synthetic dealership appointment; authoritative status is stored in this record.,2026-08-06T15:00:00+00:00
APT-000748,LEAD-000605,CUST-004473,VEH-007125,SP-002,2026-06-17,12:30,Virtual Consultation,Completed,Salesperson,Synthetic dealership appointment; authoritative status is stored in this record.,2026-05-28T15:00:00+00:00
APT-000749,LEAD-003885,CUST-002400,VEH-002019,SP-001,2026-04-21,12:00,Financing Consultation,Completed,Salesperson,Synthetic dealership appointment; authoritative status is stored in this record.,2026-04-14T15:00:00+00:00
APT-000750,LEAD-003363,CUST-000711,VEH-003934,SP-004,2026-08-27,17:30,Virtual Consultation,Requested,Website,Synthetic dealership appointment; authoritative status is stored in this record.,2026-08-05T15:00:00+00:00
APT-000751,LEAD-000524,CUST-000836,VEH-007906,SP-001,2026-06-12,16:30,Virtual Consultation,No Show,Voice Agent,Synthetic dealership appointment; authoritative status is stored in this record.,2026-06-09T15:00:00+00:00
APT-000752,LEAD-000275,CUST-000915,VEH-007839,SP-006,2026-09-17,11:00,Test Drive,Rescheduled,Salesperson,Synthetic dealership appointment; authoritative status is stored in this record.,2026-08-13T15:00:00+00:00
APT-000753,LEAD-002280,CUST-001786,VEH-009606,SP-002,2026-04-28,16:00,Test Drive,Completed,Salesperson,Synthetic dealership appointment; authoritative status is stored in this record.,2026-04-09T15:00:00+00:00
APT-000754,LEAD-000038,CUST-001047,VEH-008287,SP-001,2026-07-06,13:00,Test Drive,Completed,Voice Agent,Synthetic dealership appointment; authoritative status is stored in this record.,2026-06-26T15:00:00+00:00
APT-000755,LEAD-003762,CUST-004494,VEH-007776,SP-006,2026-09-25,12:00,Test Drive,Confirmed,Website,Synthetic dealership appointment; authoritative status is stored in this record.,2026-08-07T15:00:00+00:00
APT-000756,LEAD-001792,CUST-001645,VEH-009777,SP-002,2026-10-02,12:30,Test Drive,Confirmed,Salesperson,Synthetic dealership appointment; authoritative status is stored in this record.,2026-08-08T15:00:00+00:00
APT-000757,LEAD-001823,CUST-004456,VEH-009316,SP-006,2026-08-05,10:00,Trade-In Appraisal,Completed,Website,Synthetic dealership appointment; authoritative status is stored in this record.,2026-07-23T15:00:00+00:00
APT-000758,LEAD-003032,CUST-001163,VEH-001845,SP-002,2026-07-28,14:30,Test Drive,No Show,Website,Synthetic dealership appointment; authoritative status is stored in this record.,2026-07-21T15:00:00+00:00
APT-000759,LEAD-000307,CUST-002629,VEH-007606,SP-010,2026-09-02,16:00,Virtual Consultation,Requested,Website,Synthetic dealership appointment; authoritative status is stored in this record.,2026-08-04T15:00:00+00:00
APT-000760,LEAD-001449,CUST-002110,VEH-005945,SP-006,2026-08-26,14:00,Test Drive,Confirmed,Salesperson,Synthetic dealership appointment; authoritative status is stored in this record.,2026-08-07T15:00:00+00:00
APT-000761,LEAD-001843,CUST-001799,VEH-003276,SP-005,2026-07-11,12:00,Test Drive,Cancelled,Website,Synthetic dealership appointment; authoritative status is stored in this record.,2026-07-09T15:00:00+00:00
APT-000762,LEAD-003761,CUST-003508,VEH-001431,SP-007,2026-04-04,13:00,Test Drive,Completed,Salesperson,Synthetic dealership appointment; authoritative status is stored in this record.,2026-03-27T15:00:00+00:00
APT-000763,LEAD-003445,CUST-003096,VEH-001641,SP-001,2026-06-03,10:00,Test Drive,Completed,Website,Synthetic dealership appointment; authoritative status is stored in this record.,2026-05-19T15:00:00+00:00
APT-000764,LEAD-003532,CUST-003639,VEH-004313,SP-006,2026-06-12,13:00,Test Drive,Completed,Salesperson,Synthetic dealership appointment; authoritative status is stored in this record.,2026-05-23T15:00:00+00:00
APT-000765,LEAD-001706,CUST-003178,VEH-007466,SP-004,2026-09-03,11:00,Financing Consultation,Requested,Voice Agent,Synthetic dealership appointment; authoritative status is stored in this record.,2026-08-10T15:00:00+00:00
APT-000766,LEAD-001068,CUST-004352,VEH-006746,SP-008,2026-10-04,15:00,Test Drive,Confirmed,Customer Service,Synthetic dealership appointment; authoritative status is stored in this record.,2026-08-20T15:00:00+00:00
APT-000767,LEAD-002499,CUST-003102,VEH-006640,SP-006,2026-05-02,12:00,Virtual Consultation,Completed,Website,Synthetic dealership appointment; authoritative status is stored in this record.,2026-04-22T15:00:00+00:00
APT-000768,LEAD-001850,CUST-003171,VEH-008376,SP-007,2026-05-03,11:00,Virtual Consultation,Cancelled,Customer Service,Synthetic dealership appointment; authoritative status is stored in this record.,2026-04-24T15:00:00+00:00
APT-000769,LEAD-001067,CUST-000986,VEH-002237,SP-006,2026-08-15,15:30,Test Drive,Completed,Salesperson,Synthetic dealership appointment; authoritative status is stored in this record.,2026-07-27T15:00:00+00:00
APT-000770,LEAD-000967,CUST-001285,VEH-009729,SP-005,2026-07-03,13:30,Test Drive,Cancelled,Salesperson,Synthetic dealership appointment; authoritative status is stored in this record.,2026-06-12T15:00:00+00:00
APT-000771,LEAD-002981,CUST-004397,VEH-006529,SP-001,2026-09-10,16:00,Test Drive,Confirmed,Customer Service,Synthetic dealership appointment; authoritative status is stored in this record.,2026-08-23T15:00:00+00:00
APT-000772,LEAD-003652,CUST-000949,VEH-002417,SP-007,2026-09-27,12:30,Financing Consultation,Confirmed,Voice Agent,Synthetic dealership appointment; authoritative status is stored in this record.,2026-08-04T15:00:00+00:00
APT-000773,LEAD-002673,CUST-003968,VEH-005986,SP-001,2026-10-01,10:00,Test Drive,Requested,Website,Synthetic dealership appointment; authoritative status is stored in this record.,2026-08-15T15:00:00+00:00
APT-000774,LEAD-002634,CUST-000939,VEH-004903,SP-006,2026-04-17,10:00,Test Drive,Completed,Voice Agent,Synthetic dealership appointment; authoritative status is stored in this record.,2026-03-28T15:00:00+00:00
APT-000775,LEAD-002044,CUST-004219,VEH-002118,SP-001,2026-07-07,14:30,Test Drive,Completed,Voice Agent,Synthetic dealership appointment; authoritative status is stored in this record.,2026-07-01T15:00:00+00:00
APT-000776,LEAD-003380,CUST-001157,VEH-009676,SP-001,2026-04-01,10:30,Virtual Consultation,No Show,Voice Agent,Synthetic dealership appointment; authoritative status is stored in this record.,2026-03-29T15:00:00+00:00
APT-000777,LEAD-002337,CUST-003655,VEH-003705,SP-007,2026-05-31,12:30,Test Drive,Completed,Customer Service,Synthetic dealership appointment; authoritative status is stored in this record.,2026-05-29T15:00:00+00:00
APT-000778,LEAD-002043,CUST-003990,VEH-007815,SP-001,2026-03-30,12:30,Test Drive,Cancelled,Voice Agent,Synthetic dealership appointment; authoritative status is stored in this record.,2026-03-22T15:00:00+00:00
APT-000779,LEAD-002423,CUST-003135,VEH-008967,SP-001,2026-05-21,10:30,Test Drive,Cancelled,Voice Agent,Synthetic dealership appointment; authoritative status is stored in this record.,2026-05-07T15:00:00+00:00
APT-000780,LEAD-003108,CUST-003731,VEH-008627,SP-006,2026-09-19,12:30,Test Drive,Requested,Salesperson,Synthetic dealership appointment; authoritative status is stored in this record.,2026-08-21T15:00:00+00:00
APT-000781,LEAD-003758,CUST-002630,VEH-004951,SP-002,2026-09-04,12:30,Test Drive,Rescheduled,Voice Agent,Synthetic dealership appointment; authoritative status is stored in this record.,2026-08-25T15:00:00+00:00
APT-000782,LEAD-003944,CUST-003953,VEH-004671,SP-001,2026-09-30,13:00,Trade-In Appraisal,Confirmed,Salesperson,Synthetic dealership appointment; authoritative status is stored in this record.,2026-08-15T15:00:00+00:00
APT-000783,LEAD-000740,CUST-002148,VEH-007473,SP-002,2026-07-07,11:30,Virtual Consultation,Completed,Customer Service,Synthetic dealership appointment; authoritative status is stored in this record.,2026-06-21T15:00:00+00:00
APT-000784,LEAD-003618,CUST-001003,VEH-002065,SP-008,2026-09-04,15:30,Virtual Consultation,Confirmed,Website,Synthetic dealership appointment; authoritative status is stored in this record.,2026-08-10T15:00:00+00:00
APT-000785,LEAD-002137,CUST-002886,VEH-007313,SP-002,2026-06-27,17:30,Virtual Consultation,Completed,Voice Agent,Synthetic dealership appointment; authoritative status is stored in this record.,2026-06-11T15:00:00+00:00
APT-000786,LEAD-001583,CUST-004048,VEH-004358,SP-007,2026-09-13,15:00,Test Drive,Confirmed,Voice Agent,Synthetic dealership appointment; authoritative status is stored in this record.,2026-08-22T15:00:00+00:00
APT-000787,LEAD-003763,CUST-003359,VEH-003006,SP-001,2026-05-12,13:30,Test Drive,Completed,Customer Service,Synthetic dealership appointment; authoritative status is stored in this record.,2026-04-26T15:00:00+00:00
APT-000788,LEAD-000382,CUST-002988,VEH-009432,SP-001,2026-05-12,09:00,Test Drive,No Show,Salesperson,Synthetic dealership appointment; authoritative status is stored in this record.,2026-04-25T15:00:00+00:00
APT-000789,LEAD-000143,CUST-002544,VEH-005865,SP-001,2026-09-24,15:30,Virtual Consultation,Confirmed,Website,Synthetic dealership appointment; authoritative status is stored in this record.,2026-08-07T15:00:00+00:00
APT-000790,LEAD-000261,CUST-002472,VEH-001686,SP-007,2026-08-29,16:00,Test Drive,Requested,Customer Service,Synthetic dealership appointment; authoritative status is stored in this record.,2026-08-10T15:00:00+00:00
APT-000791,LEAD-000644,CUST-001587,VEH-006250,SP-006,2026-03-28,17:30,Test Drive,No Show,Voice Agent,Synthetic dealership appointment; authoritative status is stored in this record.,2026-03-24T15:00:00+00:00
APT-000792,LEAD-000024,CUST-004385,VEH-004546,SP-005,2026-05-28,16:00,Financing Consultation,Completed,Website,Synthetic dealership appointment; authoritative status is stored in this record.,2026-05-07T15:00:00+00:00
APT-000793,LEAD-001654,CUST-002315,VEH-001399,SP-001,2026-06-12,08:30,Test Drive,Cancelled,Website,Synthetic dealership appointment; authoritative status is stored in this record.,2026-05-22T15:00:00+00:00
APT-000794,LEAD-003696,CUST-002747,VEH-003247,SP-004,2026-09-19,13:30,Test Drive,Confirmed,Customer Service,Synthetic dealership appointment; authoritative status is stored in this record.,2026-08-05T15:00:00+00:00
APT-000795,LEAD-003921,CUST-002869,VEH-007835,SP-001,2026-09-29,08:30,Test Drive,Rescheduled,Voice Agent,Synthetic dealership appointment; authoritative status is stored in this record.,2026-08-21T15:00:00+00:00
APT-000796,LEAD-002292,CUST-001279,VEH-000705,SP-006,2026-04-21,16:00,Test Drive,Completed,Website,Synthetic dealership appointment; authoritative status is stored in this record.,2026-04-03T15:00:00+00:00
APT-000797,LEAD-002729,CUST-002240,VEH-009157,SP-006,2026-05-28,12:00,Test Drive,Completed,Salesperson,Synthetic dealership appointment; authoritative status is stored in this record.,2026-05-20T15:00:00+00:00
APT-000798,LEAD-003080,CUST-002411,VEH-001024,SP-001,2026-09-28,12:00,Test Drive,Requested,Voice Agent,Synthetic dealership appointment; authoritative status is stored in this record.,2026-08-14T15:00:00+00:00
APT-000799,LEAD-003483,CUST-001981,VEH-003870,SP-010,2026-09-30,10:30,Test Drive,Confirmed,Salesperson,Synthetic dealership appointment; authoritative status is stored in this record.,2026-08-22T15:00:00+00:00
APT-000800,LEAD-000201,CUST-003987,VEH-002538,SP-006,2026-05-28,13:30,Test Drive,Completed,Voice Agent,Synthetic dealership appointment; authoritative status is stored in this record.,2026-05-22T15:00:00+00:00
APT-000801,LEAD-001756,CUST-003888,VEH-001812,SP-006,2026-10-03,16:00,Test Drive,Rescheduled,Voice Agent,Synthetic dealership appointment; authoritative status is stored in this record.,2026-08-17T15:00:00+00:00
APT-000802,LEAD-001499,CUST-002213,VEH-004866,SP-001,2026-09-22,13:00,Test Drive,Requested,Website,Synthetic dealership appointment; authoritative status is stored in this record.,2026-08-08T15:00:00+00:00
APT-000803,LEAD-000175,CUST-001164,VEH-006165,SP-001,2026-06-04,14:30,Financing Consultation,Completed,Website,Synthetic dealership appointment; authoritative status is stored in this record.,2026-05-25T15:00:00+00:00
APT-000804,LEAD-002168,CUST-003594,VEH-009260,SP-001,2026-04-15,13:00,Test Drive,Completed,Salesperson,Synthetic dealership appointment; authoritative status is stored in this record.,2026-04-03T15:00:00+00:00
APT-000805,LEAD-003823,CUST-002191,VEH-008824,SP-006,2026-04-07,13:30,Test Drive,Cancelled,Website,Synthetic dealership appointment; authoritative status is stored in this record.,2026-03-31T15:00:00+00:00
APT-000806,LEAD-002133,CUST-002830,VEH-007395,SP-002,2026-09-30,16:00,Test Drive,Requested,Website,Synthetic dealership appointment; authoritative status is stored in this record.,2026-08-15T15:00:00+00:00
APT-000807,LEAD-003799,CUST-003260,VEH-009372,SP-002,2026-07-23,15:30,Test Drive,Cancelled,Customer Service,Synthetic dealership appointment; authoritative status is stored in this record.,2026-07-20T15:00:00+00:00
APT-000808,LEAD-000798,CUST-004349,VEH-006841,SP-001,2026-06-18,13:30,Trade-In Appraisal,Completed,Voice Agent,Synthetic dealership appointment; authoritative status is stored in this record.,2026-06-04T15:00:00+00:00
APT-000809,LEAD-003860,CUST-000683,VEH-008056,SP-002,2026-08-28,13:30,Test Drive,Confirmed,Voice Agent,Synthetic dealership appointment; authoritative status is stored in this record.,2026-08-09T15:00:00+00:00
APT-000810,LEAD-000055,CUST-001938,VEH-006467,SP-007,2026-08-01,15:00,Financing Consultation,Cancelled,Salesperson,Synthetic dealership appointment; authoritative status is stored in this record.,2026-07-16T15:00:00+00:00
APT-000811,LEAD-000121,CUST-002085,VEH-000347,SP-001,2026-07-22,10:30,Financing Consultation,No Show,Voice Agent,Synthetic dealership appointment; authoritative status is stored in this record.,2026-07-01T15:00:00+00:00
APT-000812,LEAD-002672,CUST-002731,VEH-009557,SP-005,2026-09-19,14:00,Test Drive,Requested,Voice Agent,Synthetic dealership appointment; authoritative status is stored in this record.,2026-08-13T15:00:00+00:00
APT-000813,LEAD-000071,CUST-004593,VEH-005148,SP-007,2026-05-10,17:30,Test Drive,Cancelled,Salesperson,Synthetic dealership appointment; authoritative status is stored in this record.,2026-05-01T15:00:00+00:00
APT-000814,LEAD-000073,CUST-004432,VEH-003992,SP-002,2026-04-15,09:00,Financing Consultation,No Show,Salesperson,Synthetic dealership appointment; authoritative status is stored in this record.,2026-04-08T15:00:00+00:00
APT-000815,LEAD-002966,CUST-003676,VEH-009971,SP-007,2026-10-03,11:30,Test Drive,Confirmed,Website,Synthetic dealership appointment; authoritative status is stored in this record.,2026-08-15T15:00:00+00:00
APT-000816,LEAD-001044,CUST-004035,VEH-008620,SP-007,2026-05-31,13:30,Test Drive,Completed,Salesperson,Synthetic dealership appointment; authoritative status is stored in this record.,2026-05-24T15:00:00+00:00
APT-000817,LEAD-000090,CUST-001219,VEH-004034,SP-001,2026-05-21,14:00,Virtual Consultation,Completed,Salesperson,Synthetic dealership appointment; authoritative status is stored in this record.,2026-05-14T15:00:00+00:00
APT-000818,LEAD-003569,CUST-002857,VEH-000696,SP-005,2026-07-24,11:30,Test Drive,Completed,Customer Service,Synthetic dealership appointment; authoritative status is stored in this record.,2026-07-19T15:00:00+00:00
APT-000819,LEAD-003663,CUST-001970,VEH-009895,SP-005,2026-09-10,17:00,Test Drive,Confirmed,Salesperson,Synthetic dealership appointment; authoritative status is stored in this record.,2026-08-10T15:00:00+00:00
APT-000820,LEAD-003951,CUST-000201,VEH-005907,SP-001,2026-04-13,12:00,Test Drive,Cancelled,Salesperson,Synthetic dealership appointment; authoritative status is stored in this record.,2026-03-28T15:00:00+00:00
APT-000821,LEAD-003922,CUST-001994,VEH-009372,SP-002,2026-10-08,12:00,Test Drive,Confirmed,Voice Agent,Synthetic dealership appointment; authoritative status is stored in this record.,2026-08-14T15:00:00+00:00
APT-000822,LEAD-001933,CUST-001271,VEH-003246,SP-001,2026-08-27,13:00,Test Drive,Requested,Salesperson,Synthetic dealership appointment; authoritative status is stored in this record.,2026-08-21T15:00:00+00:00
APT-000823,LEAD-000263,CUST-002468,VEH-001812,SP-005,2026-06-01,15:30,Financing Consultation,Completed,Salesperson,Synthetic dealership appointment; authoritative status is stored in this record.,2026-05-15T15:00:00+00:00
APT-000824,LEAD-001008,CUST-004465,VEH-000321,SP-006,2026-09-22,10:30,Test Drive,Confirmed,Salesperson,Synthetic dealership appointment; authoritative status is stored in this record.,2026-08-08T15:00:00+00:00
APT-000825,LEAD-003504,CUST-002793,VEH-006087,SP-005,2026-04-09,17:00,Test Drive,Cancelled,Salesperson,Synthetic dealership appointment; authoritative status is stored in this record.,2026-03-23T15:00:00+00:00
APT-000826,LEAD-001833,CUST-000077,VEH-009340,SP-004,2026-05-09,10:30,Financing Consultation,Completed,Customer Service,Synthetic dealership appointment; authoritative status is stored in this record.,2026-04-20T15:00:00+00:00
APT-000827,LEAD-001399,CUST-000763,VEH-009040,SP-007,2026-07-18,15:00,Test Drive,Completed,Website,Synthetic dealership appointment; authoritative status is stored in this record.,2026-07-04T15:00:00+00:00
APT-000828,LEAD-003383,CUST-004002,VEH-000747,SP-005,2026-06-12,12:30,Test Drive,Cancelled,Voice Agent,Synthetic dealership appointment; authoritative status is stored in this record.,2026-05-31T15:00:00+00:00
APT-000829,LEAD-002764,CUST-000640,VEH-004910,SP-006,2026-05-16,15:30,Trade-In Appraisal,No Show,Website,Synthetic dealership appointment; authoritative status is stored in this record.,2026-04-30T15:00:00+00:00
APT-000830,LEAD-000890,CUST-004091,VEH-000162,SP-001,2026-09-30,09:00,Financing Consultation,Requested,Website,Synthetic dealership appointment; authoritative status is stored in this record.,2026-08-22T15:00:00+00:00
APT-000831,LEAD-003360,CUST-002193,VEH-004096,SP-006,2026-08-22,14:00,Test Drive,Completed,Voice Agent,Synthetic dealership appointment; authoritative status is stored in this record.,2026-08-15T15:00:00+00:00
APT-000832,LEAD-003449,CUST-001029,VEH-004339,SP-006,2026-09-05,12:30,Test Drive,Confirmed,Voice Agent,Synthetic dealership appointment; authoritative status is stored in this record.,2026-08-21T15:00:00+00:00
APT-000833,LEAD-000490,CUST-000057,VEH-000011,SP-005,2026-09-22,14:00,Test Drive,Requested,Website,Synthetic dealership appointment; authoritative status is stored in this record.,2026-08-12T15:00:00+00:00
APT-000834,LEAD-000216,CUST-004749,VEH-009802,SP-006,2026-08-11,13:30,Virtual Consultation,Completed,Voice Agent,Synthetic dealership appointment; authoritative status is stored in this record.,2026-08-07T15:00:00+00:00
APT-000835,LEAD-002828,CUST-002554,VEH-004599,SP-006,2026-08-27,13:00,Test Drive,Confirmed,Website,Synthetic dealership appointment; authoritative status is stored in this record.,2026-08-07T15:00:00+00:00
APT-000836,LEAD-001048,CUST-004070,VEH-000272,SP-007,2026-09-12,13:30,Test Drive,Confirmed,Customer Service,Synthetic dealership appointment; authoritative status is stored in this record.,2026-08-05T15:00:00+00:00
APT-000837,LEAD-002375,CUST-003289,VEH-006579,SP-001,2026-09-29,14:00,Test Drive,Rescheduled,Website,Synthetic dealership appointment; authoritative status is stored in this record.,2026-08-10T15:00:00+00:00
APT-000838,LEAD-001057,CUST-002027,VEH-005338,SP-001,2026-09-21,13:30,Financing Consultation,Confirmed,Voice Agent,Synthetic dealership appointment; authoritative status is stored in this record.,2026-08-09T15:00:00+00:00
APT-000839,LEAD-003345,CUST-002066,VEH-005539,SP-002,2026-09-05,11:30,Trade-In Appraisal,Confirmed,Voice Agent,Synthetic dealership appointment; authoritative status is stored in this record.,2026-08-04T15:00:00+00:00
APT-000840,LEAD-001186,CUST-001253,VEH-001569,SP-008,2026-09-03,14:30,Test Drive,Requested,Voice Agent,Synthetic dealership appointment; authoritative status is stored in this record.,2026-08-14T15:00:00+00:00
APT-000841,LEAD-000016,CUST-000267,VEH-000101,SP-007,2026-07-18,15:30,Test Drive,Completed,Salesperson,Synthetic dealership appointment; authoritative status is stored in this record.,2026-07-08T15:00:00+00:00
APT-000842,LEAD-003389,CUST-003090,VEH-004003,SP-001,2026-08-28,09:30,Trade-In Appraisal,Requested,Website,Synthetic dealership appointment; authoritative status is stored in this record.,2026-08-12T15:00:00+00:00
APT-000843,LEAD-000014,CUST-002001,VEH-002443,SP-001,2026-08-14,13:00,Financing Consultation,Completed,Customer Service,Synthetic dealership appointment; authoritative status is stored in this record.,2026-08-13T15:00:00+00:00
APT-000844,LEAD-001873,CUST-000996,VEH-007724,SP-001,2026-04-28,16:00,Test Drive,Completed,Customer Service,Synthetic dealership appointment; authoritative status is stored in this record.,2026-04-20T15:00:00+00:00
APT-000845,LEAD-000482,CUST-001483,VEH-006030,SP-005,2026-09-14,11:30,Test Drive,Requested,Website,Synthetic dealership appointment; authoritative status is stored in this record.,2026-08-19T15:00:00+00:00
APT-000846,LEAD-000763,CUST-004911,VEH-000969,SP-002,2026-04-10,14:00,Test Drive,Cancelled,Customer Service,Synthetic dealership appointment; authoritative status is stored in this record.,2026-04-03T15:00:00+00:00
APT-000847,LEAD-002104,CUST-003662,VEH-002699,SP-002,2026-05-26,09:30,Test Drive,Cancelled,Website,Synthetic dealership appointment; authoritative status is stored in this record.,2026-05-11T15:00:00+00:00
APT-000848,LEAD-002287,CUST-002922,VEH-005181,SP-004,2026-05-08,16:00,Trade-In Appraisal,Completed,Voice Agent,Synthetic dealership appointment; authoritative status is stored in this record.,2026-04-19T15:00:00+00:00
APT-000849,LEAD-002368,CUST-002438,VEH-008091,SP-006,2026-05-20,10:30,Virtual Consultation,Cancelled,Voice Agent,Synthetic dealership appointment; authoritative status is stored in this record.,2026-05-16T15:00:00+00:00
APT-000850,LEAD-000659,CUST-000578,VEH-003904,SP-004,2026-09-23,18:30,Financing Consultation,Rescheduled,Website,Synthetic dealership appointment; authoritative status is stored in this record.,2026-08-17T15:00:00+00:00
APT-000851,LEAD-002313,CUST-001141,VEH-001304,SP-005,2026-04-30,17:00,Test Drive,Completed,Website,Synthetic dealership appointment; authoritative status is stored in this record.,2026-04-09T15:00:00+00:00
APT-000852,LEAD-000226,CUST-001693,VEH-008539,SP-006,2026-04-16,13:30,Financing Consultation,Completed,Website,Synthetic dealership appointment; authoritative status is stored in this record.,2026-04-01T15:00:00+00:00
APT-000853,LEAD-000258,CUST-002467,VEH-002847,SP-005,2026-09-18,14:00,Test Drive,Requested,Website,Synthetic dealership appointment; authoritative status is stored in this record.,2026-08-06T15:00:00+00:00
APT-000854,LEAD-002228,CUST-003054,VEH-007550,SP-005,2026-10-02,13:30,Financing Consultation,Confirmed,Voice Agent,Synthetic dealership appointment; authoritative status is stored in this record.,2026-08-24T15:00:00+00:00
APT-000855,LEAD-000076,CUST-001624,VEH-004487,SP-007,2026-05-03,13:00,Test Drive,Completed,Salesperson,Synthetic dealership appointment; authoritative status is stored in this record.,2026-04-20T15:00:00+00:00
APT-000856,LEAD-001086,CUST-001476,VEH-000915,SP-001,2026-07-31,14:30,Test Drive,Completed,Voice Agent,Synthetic dealership appointment; authoritative status is stored in this record.,2026-07-24T15:00:00+00:00
APT-000857,LEAD-003854,CUST-002923,VEH-004213,SP-007,2026-08-23,16:00,Financing Consultation,Completed,Voice Agent,Synthetic dealership appointment; authoritative status is stored in this record.,2026-08-10T15:00:00+00:00
APT-000858,LEAD-003231,CUST-004832,VEH-006807,SP-006,2026-08-27,11:30,Test Drive,Rescheduled,Voice Agent,Synthetic dealership appointment; authoritative status is stored in this record.,2026-08-22T15:00:00+00:00
APT-000859,LEAD-001239,CUST-002584,VEH-002481,SP-001,2026-09-09,12:30,Test Drive,Confirmed,Salesperson,Synthetic dealership appointment; authoritative status is stored in this record.,2026-08-19T15:00:00+00:00
APT-000860,LEAD-000051,CUST-003205,VEH-003953,SP-001,2026-09-22,12:30,Test Drive,Confirmed,Customer Service,Synthetic dealership appointment; authoritative status is stored in this record.,2026-08-05T15:00:00+00:00
APT-000861,LEAD-000962,CUST-003711,VEH-005823,SP-005,2026-10-09,10:30,Test Drive,Confirmed,Website,Synthetic dealership appointment; authoritative status is stored in this record.,2026-08-15T15:00:00+00:00
APT-000862,LEAD-002968,CUST-002966,VEH-009236,SP-006,2026-04-22,10:30,Test Drive,No Show,Customer Service,Synthetic dealership appointment; authoritative status is stored in this record.,2026-04-12T15:00:00+00:00
APT-000863,LEAD-000303,CUST-003989,VEH-005287,SP-001,2026-04-20,08:30,Virtual Consultation,Completed,Salesperson,Synthetic dealership appointment; authoritative status is stored in this record.,2026-04-13T15:00:00+00:00
APT-000864,LEAD-003246,CUST-000219,VEH-005169,SP-005,2026-09-07,17:30,Test Drive,Requested,Voice Agent,Synthetic dealership appointment; authoritative status is stored in this record.,2026-08-07T15:00:00+00:00
APT-000865,LEAD-001426,CUST-000523,VEH-007910,SP-010,2026-10-06,09:00,Test Drive,Confirmed,Website,Synthetic dealership appointment; authoritative status is stored in this record.,2026-08-05T15:00:00+00:00
APT-000866,LEAD-003296,CUST-004064,VEH-008527,SP-006,2026-09-11,17:30,Test Drive,Confirmed,Salesperson,Synthetic dealership appointment; authoritative status is stored in this record.,2026-08-14T15:00:00+00:00
APT-000867,LEAD-001046,CUST-003339,VEH-005074,SP-007,2026-08-22,09:30,Financing Consultation,No Show,Voice Agent,Synthetic dealership appointment; authoritative status is stored in this record.,2026-08-05T15:00:00+00:00
APT-000868,LEAD-000064,CUST-001560,VEH-003966,SP-001,2026-06-15,09:30,Virtual Consultation,Completed,Website,Synthetic dealership appointment; authoritative status is stored in this record.,2026-06-01T15:00:00+00:00
APT-000869,LEAD-002007,CUST-003182,VEH-000327,SP-007,2026-06-21,09:00,Test Drive,Completed,Customer Service,Synthetic dealership appointment; authoritative status is stored in this record.,2026-06-08T15:00:00+00:00
APT-000870,LEAD-002808,CUST-003755,VEH-009960,SP-010,2026-05-12,16:30,Test Drive,Completed,Customer Service,Synthetic dealership appointment; authoritative status is stored in this record.,2026-05-07T15:00:00+00:00
APT-000871,LEAD-001324,CUST-001155,VEH-006079,SP-010,2026-08-31,09:30,Test Drive,Confirmed,Customer Service,Synthetic dealership appointment; authoritative status is stored in this record.,2026-08-24T15:00:00+00:00
APT-000872,LEAD-002100,CUST-000004,VEH-009768,SP-002,2026-09-26,10:30,Financing Consultation,Requested,Salesperson,Synthetic dealership appointment; authoritative status is stored in this record.,2026-08-19T15:00:00+00:00
APT-000873,LEAD-000542,CUST-000692,VEH-006512,SP-002,2026-09-24,11:00,Test Drive,Requested,Customer Service,Synthetic dealership appointment; authoritative status is stored in this record.,2026-08-14T15:00:00+00:00
APT-000874,LEAD-000940,CUST-003838,VEH-004768,SP-006,2026-08-26,12:00,Test Drive,Requested,Salesperson,Synthetic dealership appointment; authoritative status is stored in this record.,2026-08-09T15:00:00+00:00
APT-000875,LEAD-002646,CUST-004826,VEH-000295,SP-002,2026-07-30,17:30,Test Drive,Completed,Website,Synthetic dealership appointment; authoritative status is stored in this record.,2026-07-20T15:00:00+00:00
APT-000876,LEAD-001481,CUST-002384,VEH-008416,SP-004,2026-10-08,14:30,Test Drive,Requested,Salesperson,Synthetic dealership appointment; authoritative status is stored in this record.,2026-08-09T15:00:00+00:00
APT-000877,LEAD-001742,CUST-000042,VEH-002525,SP-008,2026-04-03,12:00,Test Drive,Completed,Voice Agent,Synthetic dealership appointment; authoritative status is stored in this record.,2026-04-02T15:00:00+00:00
APT-000878,LEAD-000913,CUST-003640,VEH-008486,SP-001,2026-04-13,14:30,Test Drive,Cancelled,Voice Agent,Synthetic dealership appointment; authoritative status is stored in this record.,2026-04-08T15:00:00+00:00
APT-000879,LEAD-000912,CUST-000447,VEH-009157,SP-003,2026-10-06,10:30,Test Drive,Rescheduled,Website,Synthetic dealership appointment; authoritative status is stored in this record.,2026-08-16T15:00:00+00:00
APT-000880,LEAD-001381,CUST-004336,VEH-000309,SP-007,2026-06-21,15:30,Test Drive,No Show,Voice Agent,Synthetic dealership appointment; authoritative status is stored in this record.,2026-06-13T15:00:00+00:00
APT-000881,LEAD-002486,CUST-004893,VEH-005675,SP-005,2026-04-01,13:00,Test Drive,Completed,Voice Agent,Synthetic dealership appointment; authoritative status is stored in this record.,2026-03-19T15:00:00+00:00
APT-000882,LEAD-001473,CUST-004888,VEH-002698,SP-008,2026-05-09,13:00,Test Drive,Cancelled,Voice Agent,Synthetic dealership appointment; authoritative status is stored in this record.,2026-05-07T15:00:00+00:00
APT-000883,LEAD-000900,CUST-002979,VEH-001523,SP-001,2026-05-22,12:00,Test Drive,Completed,Website,Synthetic dealership appointment; authoritative status is stored in this record.,2026-05-18T15:00:00+00:00
APT-000884,LEAD-001649,CUST-003426,VEH-004461,SP-001,2026-04-29,13:00,Test Drive,Cancelled,Website,Synthetic dealership appointment; authoritative status is stored in this record.,2026-04-19T15:00:00+00:00
APT-000885,LEAD-002864,CUST-004361,VEH-006270,SP-007,2026-08-01,13:30,Financing Consultation,No Show,Customer Service,Synthetic dealership appointment; authoritative status is stored in this record.,2026-07-24T15:00:00+00:00
APT-000886,LEAD-003271,CUST-003747,VEH-003897,SP-001,2026-07-28,12:00,Financing Consultation,Completed,Website,Synthetic dealership appointment; authoritative status is stored in this record.,2026-07-20T15:00:00+00:00
APT-000887,LEAD-003382,CUST-000866,VEH-002813,SP-006,2026-05-23,16:30,Test Drive,Completed,Salesperson,Synthetic dealership appointment; authoritative status is stored in this record.,2026-05-18T15:00:00+00:00
APT-000888,LEAD-003789,CUST-003868,VEH-007501,SP-006,2026-08-04,17:30,Test Drive,No Show,Salesperson,Synthetic dealership appointment; authoritative status is stored in this record.,2026-07-15T15:00:00+00:00
APT-000889,LEAD-002084,CUST-002586,VEH-008468,SP-006,2026-08-15,17:00,Test Drive,Completed,Salesperson,Synthetic dealership appointment; authoritative status is stored in this record.,2026-08-02T15:00:00+00:00
APT-000890,LEAD-003248,CUST-003608,VEH-006291,SP-001,2026-04-29,15:30,Test Drive,Cancelled,Salesperson,Synthetic dealership appointment; authoritative status is stored in this record.,2026-04-25T15:00:00+00:00
APT-000891,LEAD-002163,CUST-001906,VEH-000152,SP-005,2026-10-09,14:00,Financing Consultation,Requested,Website,Synthetic dealership appointment; authoritative status is stored in this record.,2026-08-23T15:00:00+00:00
APT-000892,LEAD-001199,CUST-000029,VEH-007767,SP-008,2026-07-27,15:00,Test Drive,Completed,Website,Synthetic dealership appointment; authoritative status is stored in this record.,2026-07-25T15:00:00+00:00
APT-000893,LEAD-003711,CUST-004314,VEH-009309,SP-005,2026-03-28,09:30,Test Drive,Completed,Customer Service,Synthetic dealership appointment; authoritative status is stored in this record.,2026-03-24T15:00:00+00:00
APT-000894,LEAD-001979,CUST-001139,VEH-007955,SP-002,2026-06-23,15:00,Test Drive,Completed,Voice Agent,Synthetic dealership appointment; authoritative status is stored in this record.,2026-06-12T15:00:00+00:00
APT-000895,LEAD-002416,CUST-000916,VEH-000077,SP-007,2026-09-27,13:00,Test Drive,Confirmed,Voice Agent,Synthetic dealership appointment; authoritative status is stored in this record.,2026-08-23T15:00:00+00:00
APT-000896,LEAD-001104,CUST-003901,VEH-004862,SP-008,2026-04-23,12:30,Virtual Consultation,Cancelled,Voice Agent,Synthetic dealership appointment; authoritative status is stored in this record.,2026-04-22T15:00:00+00:00
APT-000897,LEAD-003062,CUST-000748,VEH-008626,SP-006,2026-06-11,15:00,Test Drive,No Show,Customer Service,Synthetic dealership appointment; authoritative status is stored in this record.,2026-06-06T15:00:00+00:00
APT-000898,LEAD-000746,CUST-000419,VEH-001354,SP-005,2026-06-26,13:00,Test Drive,No Show,Website,Synthetic dealership appointment; authoritative status is stored in this record.,2026-06-08T15:00:00+00:00
APT-000899,LEAD-003284,CUST-000642,VEH-004177,SP-002,2026-07-29,17:00,Test Drive,Completed,Voice Agent,Synthetic dealership appointment; authoritative status is stored in this record.,2026-07-14T15:00:00+00:00
APT-000900,LEAD-002790,CUST-003684,VEH-001845,SP-001,2026-08-26,11:30,Virtual Consultation,Confirmed,Customer Service,Synthetic dealership appointment; authoritative status is stored in this record.,2026-08-08T15:00:00+00:00
APT-000901,LEAD-000550,CUST-000891,VEH-002723,SP-004,2026-08-27,10:00,Test Drive,Confirmed,Voice Agent,Synthetic dealership appointment; authoritative status is stored in this record.,2026-08-22T15:00:00+00:00
APT-000902,LEAD-001090,CUST-002520,VEH-007089,SP-006,2026-08-04,12:30,Test Drive,Completed,Voice Agent,Synthetic dealership appointment; authoritative status is stored in this record.,2026-07-29T15:00:00+00:00
APT-000903,LEAD-001400,CUST-003666,VEH-009718,SP-006,2026-09-05,16:00,Test Drive,Confirmed,Website,Synthetic dealership appointment; authoritative status is stored in this record.,2026-08-23T15:00:00+00:00
APT-000904,LEAD-001095,CUST-004523,VEH-001285,SP-001,2026-09-30,09:30,Test Drive,Confirmed,Voice Agent,Synthetic dealership appointment; authoritative status is stored in this record.,2026-08-04T15:00:00+00:00
APT-000905,LEAD-001227,CUST-000525,VEH-009955,SP-001,2026-09-21,13:00,Trade-In Appraisal,Confirmed,Customer Service,Synthetic dealership appointment; authoritative status is stored in this record.,2026-08-21T15:00:00+00:00
APT-000906,LEAD-002829,CUST-002000,VEH-005539,SP-002,2026-06-03,17:30,Trade-In Appraisal,Cancelled,Website,Synthetic dealership appointment; authoritative status is stored in this record.,2026-05-21T15:00:00+00:00
APT-000907,LEAD-003541,CUST-003613,VEH-007127,SP-001,2026-06-03,09:30,Test Drive,Cancelled,Voice Agent,Synthetic dealership appointment; authoritative status is stored in this record.,2026-05-24T15:00:00+00:00
APT-000908,LEAD-003115,CUST-000033,VEH-002208,SP-005,2026-09-17,14:00,Test Drive,Confirmed,Website,Synthetic dealership appointment; authoritative status is stored in this record.,2026-08-09T15:00:00+00:00
APT-000909,LEAD-001389,CUST-002363,VEH-006091,SP-005,2026-07-25,17:30,Financing Consultation,Completed,Salesperson,Synthetic dealership appointment; authoritative status is stored in this record.,2026-07-23T15:00:00+00:00
APT-000910,LEAD-002995,CUST-002225,VEH-009493,SP-001,2026-08-26,13:30,Test Drive,Requested,Voice Agent,Synthetic dealership appointment; authoritative status is stored in this record.,2026-08-13T15:00:00+00:00
APT-000911,LEAD-001337,CUST-004594,VEH-009376,SP-005,2026-07-23,10:30,Test Drive,Completed,Voice Agent,Synthetic dealership appointment; authoritative status is stored in this record.,2026-07-16T15:00:00+00:00
APT-000912,LEAD-003746,CUST-004729,VEH-000900,SP-007,2026-08-30,16:30,Test Drive,Confirmed,Website,Synthetic dealership appointment; authoritative status is stored in this record.,2026-08-11T15:00:00+00:00
APT-000913,LEAD-000766,CUST-004861,VEH-004440,SP-002,2026-10-09,17:30,Test Drive,Rescheduled,Voice Agent,Synthetic dealership appointment; authoritative status is stored in this record.,2026-08-09T15:00:00+00:00
APT-000914,LEAD-001255,CUST-003723,VEH-006969,SP-006,2026-08-18,16:00,Virtual Consultation,No Show,Voice Agent,Synthetic dealership appointment; authoritative status is stored in this record.,2026-08-10T15:00:00+00:00
APT-000915,LEAD-001820,CUST-003188,VEH-001825,SP-006,2026-06-06,16:30,Financing Consultation,Completed,Website,Synthetic dealership appointment; authoritative status is stored in this record.,2026-05-18T15:00:00+00:00
APT-000916,LEAD-001160,CUST-003772,VEH-008323,SP-006,2026-09-01,17:30,Test Drive,Rescheduled,Salesperson,Synthetic dealership appointment; authoritative status is stored in this record.,2026-08-13T15:00:00+00:00
APT-000917,LEAD-001422,CUST-000770,VEH-009394,SP-005,2026-06-26,09:30,Virtual Consultation,No Show,Salesperson,Synthetic dealership appointment; authoritative status is stored in this record.,2026-06-13T15:00:00+00:00
APT-000918,LEAD-000932,CUST-004781,VEH-007246,SP-005,2026-06-27,16:00,Financing Consultation,Completed,Website,Synthetic dealership appointment; authoritative status is stored in this record.,2026-06-11T15:00:00+00:00
APT-000919,LEAD-001183,CUST-004435,VEH-003572,SP-007,2026-09-19,09:30,Test Drive,Requested,Salesperson,Synthetic dealership appointment; authoritative status is stored in this record.,2026-08-04T15:00:00+00:00
APT-000920,LEAD-001682,CUST-004859,VEH-001947,SP-001,2026-05-20,10:00,Test Drive,Cancelled,Voice Agent,Synthetic dealership appointment; authoritative status is stored in this record.,2026-04-30T15:00:00+00:00
APT-000921,LEAD-002495,CUST-001188,VEH-003435,SP-001,2026-04-15,15:30,Financing Consultation,Completed,Voice Agent,Synthetic dealership appointment; authoritative status is stored in this record.,2026-04-08T15:00:00+00:00
APT-000922,LEAD-002871,CUST-001330,VEH-003105,SP-005,2026-06-30,17:30,Test Drive,Completed,Customer Service,Synthetic dealership appointment; authoritative status is stored in this record.,2026-06-20T15:00:00+00:00
APT-000923,LEAD-000569,CUST-000110,VEH-001948,SP-007,2026-08-09,15:30,Test Drive,Completed,Website,Synthetic dealership appointment; authoritative status is stored in this record.,2026-07-31T15:00:00+00:00
APT-000924,LEAD-003245,CUST-000168,VEH-008576,SP-001,2026-09-15,11:30,Financing Consultation,Confirmed,Voice Agent,Synthetic dealership appointment; authoritative status is stored in this record.,2026-08-06T15:00:00+00:00
APT-000925,LEAD-003015,CUST-003035,VEH-003116,SP-006,2026-09-12,13:30,Test Drive,Requested,Voice Agent,Synthetic dealership appointment; authoritative status is stored in this record.,2026-08-14T15:00:00+00:00
APT-000926,LEAD-003713,CUST-000598,VEH-008802,SP-002,2026-09-03,14:30,Test Drive,Requested,Customer Service,Synthetic dealership appointment; authoritative status is stored in this record.,2026-08-05T15:00:00+00:00
APT-000927,LEAD-001977,CUST-001619,VEH-007246,SP-005,2026-05-09,09:00,Test Drive,Cancelled,Customer Service,Synthetic dealership appointment; authoritative status is stored in this record.,2026-05-06T15:00:00+00:00
APT-000928,LEAD-002296,CUST-002462,VEH-000454,SP-004,2026-08-29,16:00,Virtual Consultation,Requested,Salesperson,Synthetic dealership appointment; authoritative status is stored in this record.,2026-08-22T15:00:00+00:00
APT-000929,LEAD-002476,CUST-000187,VEH-000042,SP-004,2026-08-05,10:00,Test Drive,Completed,Voice Agent,Synthetic dealership appointment; authoritative status is stored in this record.,2026-07-25T15:00:00+00:00
APT-000930,LEAD-001285,CUST-003521,VEH-000233,SP-001,2026-09-29,16:30,Test Drive,Requested,Salesperson,Synthetic dealership appointment; authoritative status is stored in this record.,2026-08-21T15:00:00+00:00
APT-000931,LEAD-001775,CUST-001408,VEH-002731,SP-004,2026-05-13,15:00,Test Drive,Completed,Voice Agent,Synthetic dealership appointment; authoritative status is stored in this record.,2026-05-09T15:00:00+00:00
APT-000932,LEAD-003036,CUST-004366,VEH-004795,SP-001,2026-10-01,09:00,Test Drive,Confirmed,Website,Synthetic dealership appointment; authoritative status is stored in this record.,2026-08-10T15:00:00+00:00
APT-000933,LEAD-001684,CUST-003243,VEH-005265,SP-004,2026-09-02,16:00,Test Drive,Requested,Website,Synthetic dealership appointment; authoritative status is stored in this record.,2026-08-13T15:00:00+00:00
APT-000934,LEAD-003826,CUST-000283,VEH-008712,SP-005,2026-05-22,16:00,Test Drive,Completed,Salesperson,Synthetic dealership appointment; authoritative status is stored in this record.,2026-05-12T15:00:00+00:00
APT-000935,LEAD-001087,CUST-004607,VEH-004667,SP-010,2026-09-09,11:30,Test Drive,Confirmed,Salesperson,Synthetic dealership appointment; authoritative status is stored in this record.,2026-08-25T15:00:00+00:00
APT-000936,LEAD-003672,CUST-000258,VEH-004946,SP-007,2026-07-26,17:00,Test Drive,No Show,Voice Agent,Synthetic dealership appointment; authoritative status is stored in this record.,2026-07-10T15:00:00+00:00
APT-000937,LEAD-001380,CUST-003293,VEH-009214,SP-006,2026-07-09,12:00,Test Drive,No Show,Voice Agent,Synthetic dealership appointment; authoritative status is stored in this record.,2026-07-06T15:00:00+00:00
APT-000938,LEAD-000965,CUST-003118,VEH-004636,SP-007,2026-05-03,10:00,Test Drive,Completed,Customer Service,Synthetic dealership appointment; authoritative status is stored in this record.,2026-04-28T15:00:00+00:00
APT-000939,LEAD-003878,CUST-004407,VEH-008828,SP-006,2026-03-28,11:30,Test Drive,No Show,Salesperson,Synthetic dealership appointment; authoritative status is stored in this record.,2026-03-11T15:00:00+00:00
APT-000940,LEAD-001876,CUST-004198,VEH-002063,SP-002,2026-05-14,15:30,Virtual Consultation,Cancelled,Voice Agent,Synthetic dealership appointment; authoritative status is stored in this record.,2026-04-27T15:00:00+00:00
APT-000941,LEAD-000497,CUST-003742,VEH-003147,SP-006,2026-06-25,10:30,Test Drive,Completed,Website,Synthetic dealership appointment; authoritative status is stored in this record.,2026-06-09T15:00:00+00:00
APT-000942,LEAD-003637,CUST-001118,VEH-007105,SP-002,2026-07-24,17:30,Test Drive,Completed,Voice Agent,Synthetic dealership appointment; authoritative status is stored in this record.,2026-07-09T15:00:00+00:00
APT-000943,LEAD-003927,CUST-000909,VEH-003816,SP-006,2026-04-09,18:30,Test Drive,Cancelled,Voice Agent,Synthetic dealership appointment; authoritative status is stored in this record.,2026-04-01T15:00:00+00:00
APT-000944,LEAD-002585,CUST-004740,VEH-003838,SP-005,2026-05-27,15:30,Test Drive,No Show,Website,Synthetic dealership appointment; authoritative status is stored in this record.,2026-05-12T15:00:00+00:00
APT-000945,LEAD-002845,CUST-003497,VEH-002762,SP-008,2026-07-04,15:00,Test Drive,Completed,Website,Synthetic dealership appointment; authoritative status is stored in this record.,2026-07-03T15:00:00+00:00
APT-000946,LEAD-003986,CUST-004849,VEH-004060,SP-001,2026-09-18,16:00,Test Drive,Confirmed,Salesperson,Synthetic dealership appointment; authoritative status is stored in this record.,2026-08-04T15:00:00+00:00
APT-000947,LEAD-001973,CUST-000399,VEH-000582,SP-010,2026-08-31,14:30,Virtual Consultation,Confirmed,Salesperson,Synthetic dealership appointment; authoritative status is stored in this record.,2026-08-09T15:00:00+00:00
APT-000948,LEAD-001609,CUST-000184,VEH-000068,SP-001,2026-10-08,12:30,Virtual Consultation,Confirmed,Voice Agent,Synthetic dealership appointment; authoritative status is stored in this record.,2026-08-22T15:00:00+00:00
APT-000949,LEAD-001919,CUST-000288,VEH-002406,SP-005,2026-05-16,12:00,Test Drive,Completed,Website,Synthetic dealership appointment; authoritative status is stored in this record.,2026-05-08T15:00:00+00:00
APT-000950,LEAD-000768,CUST-004343,VEH-006004,SP-005,2026-04-09,16:30,Virtual Consultation,Completed,Website,Synthetic dealership appointment; authoritative status is stored in this record.,2026-03-28T15:00:00+00:00
APT-000951,LEAD-000875,CUST-000735,VEH-000109,SP-002,2026-06-02,11:30,Test Drive,No Show,Website,Synthetic dealership appointment; authoritative status is stored in this record.,2026-05-28T15:00:00+00:00
APT-000952,LEAD-002974,CUST-003924,VEH-001845,SP-005,2026-08-06,09:00,Test Drive,Completed,Customer Service,Synthetic dealership appointment; authoritative status is stored in this record.,2026-07-21T15:00:00+00:00
APT-000953,LEAD-002889,CUST-002174,VEH-000832,SP-002,2026-07-04,11:30,Test Drive,Completed,Voice Agent,Synthetic dealership appointment; authoritative status is stored in this record.,2026-07-02T15:00:00+00:00
APT-000954,LEAD-003005,CUST-000879,VEH-008036,SP-006,2026-09-29,13:00,Test Drive,Requested,Salesperson,Synthetic dealership appointment; authoritative status is stored in this record.,2026-08-22T15:00:00+00:00
APT-000955,LEAD-002238,CUST-001111,VEH-008236,SP-003,2026-09-21,16:30,Test Drive,Confirmed,Customer Service,Synthetic dealership appointment; authoritative status is stored in this record.,2026-08-16T15:00:00+00:00
APT-000956,LEAD-003394,CUST-001286,VEH-009449,SP-002,2026-04-22,15:30,Test Drive,Cancelled,Salesperson,Synthetic dealership appointment; authoritative status is stored in this record.,2026-04-01T15:00:00+00:00
APT-000957,LEAD-003239,CUST-000988,VEH-007843,SP-008,2026-08-28,18:30,Test Drive,Confirmed,Salesperson,Synthetic dealership appointment; authoritative status is stored in this record.,2026-08-06T15:00:00+00:00
APT-000958,LEAD-002298,CUST-001109,VEH-001127,SP-007,2026-04-12,09:00,Test Drive,Completed,Salesperson,Synthetic dealership appointment; authoritative status is stored in this record.,2026-04-10T15:00:00+00:00
APT-000959,LEAD-001083,CUST-003029,VEH-009046,SP-005,2026-07-27,13:30,Financing Consultation,Cancelled,Voice Agent,Synthetic dealership appointment; authoritative status is stored in this record.,2026-07-14T15:00:00+00:00
APT-000960,LEAD-003869,CUST-001792,VEH-000136,SP-006,2026-06-11,16:30,Test Drive,Completed,Salesperson,Synthetic dealership appointment; authoritative status is stored in this record.,2026-06-03T15:00:00+00:00
APT-000961,LEAD-002846,CUST-003126,VEH-002098,SP-005,2026-09-07,16:00,Test Drive,Confirmed,Customer Service,Synthetic dealership appointment; authoritative status is stored in this record.,2026-08-06T15:00:00+00:00
APT-000962,LEAD-001325,CUST-003358,VEH-008677,SP-007,2026-06-14,12:00,Test Drive,Completed,Website,Synthetic dealership appointment; authoritative status is stored in this record.,2026-06-02T15:00:00+00:00
APT-000963,LEAD-000405,CUST-003357,VEH-003838,SP-002,2026-08-26,12:30,Test Drive,Rescheduled,Salesperson,Synthetic dealership appointment; authoritative status is stored in this record.,2026-08-25T15:00:00+00:00
APT-000964,LEAD-000106,CUST-000182,VEH-004426,SP-003,2026-06-02,16:30,Test Drive,Completed,Website,Synthetic dealership appointment; authoritative status is stored in this record.,2026-05-16T15:00:00+00:00
APT-000965,LEAD-001568,CUST-004050,VEH-005423,SP-006,2026-09-26,12:30,Financing Consultation,Confirmed,Salesperson,Synthetic dealership appointment; authoritative status is stored in this record.,2026-08-13T15:00:00+00:00
APT-000966,LEAD-001783,CUST-001974,VEH-009834,SP-007,2026-08-16,14:00,Virtual Consultation,Completed,Voice Agent,Synthetic dealership appointment; authoritative status is stored in this record.,2026-08-11T15:00:00+00:00
APT-000967,LEAD-000705,CUST-004160,VEH-004231,SP-001,2026-05-04,12:00,Test Drive,No Show,Salesperson,Synthetic dealership appointment; authoritative status is stored in this record.,2026-04-23T15:00:00+00:00
APT-000968,LEAD-000416,CUST-000208,VEH-003790,SP-007,2026-07-11,17:00,Test Drive,Completed,Voice Agent,Synthetic dealership appointment; authoritative status is stored in this record.,2026-07-02T15:00:00+00:00
APT-000969,LEAD-001650,CUST-002839,VEH-007748,SP-004,2026-05-29,14:30,Financing Consultation,Cancelled,Voice Agent,Synthetic dealership appointment; authoritative status is stored in this record.,2026-05-23T15:00:00+00:00
APT-000970,LEAD-003073,CUST-004543,VEH-004912,SP-006,2026-08-26,16:30,Test Drive,Confirmed,Salesperson,Synthetic dealership appointment; authoritative status is stored in this record.,2026-08-08T15:00:00+00:00
APT-000971,LEAD-002092,CUST-001761,VEH-002544,SP-001,2026-08-06,09:30,Test Drive,Completed,Customer Service,Synthetic dealership appointment; authoritative status is stored in this record.,2026-07-26T15:00:00+00:00
APT-000972,LEAD-003039,CUST-003848,VEH-005082,SP-006,2026-04-23,15:00,Test Drive,No Show,Voice Agent,Synthetic dealership appointment; authoritative status is stored in this record.,2026-04-11T15:00:00+00:00
APT-000973,LEAD-002776,CUST-000234,VEH-000537,SP-005,2026-08-06,12:30,Test Drive,Completed,Salesperson,Synthetic dealership appointment; authoritative status is stored in this record.,2026-07-17T15:00:00+00:00
APT-000974,LEAD-002538,CUST-001687,VEH-002504,SP-006,2026-10-09,10:30,Test Drive,Rescheduled,Website,Synthetic dealership appointment; authoritative status is stored in this record.,2026-08-04T15:00:00+00:00
APT-000975,LEAD-002251,CUST-003088,VEH-007053,SP-006,2026-04-28,16:30,Test Drive,Cancelled,Voice Agent,Synthetic dealership appointment; authoritative status is stored in this record.,2026-04-25T15:00:00+00:00
APT-000976,LEAD-001438,CUST-002286,VEH-001892,SP-001,2026-09-10,10:00,Trade-In Appraisal,Confirmed,Customer Service,Synthetic dealership appointment; authoritative status is stored in this record.,2026-08-25T15:00:00+00:00
APT-000977,LEAD-000946,CUST-001881,VEH-002427,SP-001,2026-10-01,11:00,Financing Consultation,Rescheduled,Website,Synthetic dealership appointment; authoritative status is stored in this record.,2026-08-22T15:00:00+00:00
APT-000978,LEAD-002869,CUST-002486,VEH-007813,SP-010,2026-07-14,12:00,Test Drive,Completed,Salesperson,Synthetic dealership appointment; authoritative status is stored in this record.,2026-06-29T15:00:00+00:00
APT-000979,LEAD-002489,CUST-000516,VEH-007304,SP-001,2026-09-03,16:00,Financing Consultation,Confirmed,Salesperson,Synthetic dealership appointment; authoritative status is stored in this record.,2026-08-08T15:00:00+00:00
APT-000980,LEAD-001622,CUST-003921,VEH-001487,SP-001,2026-05-21,14:30,Test Drive,Completed,Website,Synthetic dealership appointment; authoritative status is stored in this record.,2026-04-30T15:00:00+00:00
APT-000981,LEAD-002766,CUST-003091,VEH-002059,SP-001,2026-09-29,14:30,Financing Consultation,Rescheduled,Customer Service,Synthetic dealership appointment; authoritative status is stored in this record.,2026-08-17T15:00:00+00:00
APT-000982,LEAD-002437,CUST-000761,VEH-006661,SP-007,2026-08-30,17:00,Test Drive,Requested,Salesperson,Synthetic dealership appointment; authoritative status is stored in this record.,2026-08-11T15:00:00+00:00
APT-000983,LEAD-003824,CUST-001639,VEH-008893,SP-007,2026-07-19,09:30,Test Drive,Cancelled,Salesperson,Synthetic dealership appointment; authoritative status is stored in this record.,2026-07-05T15:00:00+00:00
APT-000984,LEAD-000305,CUST-001334,VEH-000546,SP-008,2026-08-08,15:30,Test Drive,Completed,Customer Service,Synthetic dealership appointment; authoritative status is stored in this record.,2026-07-25T15:00:00+00:00
APT-000985,LEAD-002582,CUST-000384,VEH-007440,SP-006,2026-04-03,17:00,Test Drive,Completed,Voice Agent,Synthetic dealership appointment; authoritative status is stored in this record.,2026-03-21T15:00:00+00:00
APT-000986,LEAD-000572,CUST-004714,VEH-008634,SP-006,2026-05-09,14:00,Test Drive,Completed,Salesperson,Synthetic dealership appointment; authoritative status is stored in this record.,2026-05-02T15:00:00+00:00
APT-000987,LEAD-003093,CUST-003236,VEH-003496,SP-006,2026-04-08,13:00,Trade-In Appraisal,Completed,Salesperson,Synthetic dealership appointment; authoritative status is stored in this record.,2026-03-22T15:00:00+00:00
APT-000988,LEAD-003419,CUST-003148,VEH-003766,SP-008,2026-08-06,11:00,Trade-In Appraisal,Completed,Salesperson,Synthetic dealership appointment; authoritative status is stored in this record.,2026-07-27T15:00:00+00:00
APT-000989,LEAD-000342,CUST-004574,VEH-000715,SP-006,2026-09-22,16:00,Trade-In Appraisal,Requested,Voice Agent,Synthetic dealership appointment; authoritative status is stored in this record.,2026-08-05T15:00:00+00:00
APT-000990,LEAD-001477,CUST-004075,VEH-005216,SP-006,2026-09-05,17:30,Trade-In Appraisal,Confirmed,Salesperson,Synthetic dealership appointment; authoritative status is stored in this record.,2026-08-22T15:00:00+00:00
APT-000991,LEAD-003501,CUST-004285,VEH-004424,SP-001,2026-08-18,10:00,Trade-In Appraisal,Cancelled,Customer Service,Synthetic dealership appointment; authoritative status is stored in this record.,2026-08-11T15:00:00+00:00
APT-000992,LEAD-002207,CUST-001412,VEH-009956,SP-001,2026-07-16,11:00,Test Drive,Completed,Website,Synthetic dealership appointment; authoritative status is stored in this record.,2026-06-25T15:00:00+00:00
APT-000993,LEAD-003113,CUST-003259,VEH-002060,SP-002,2026-04-11,11:00,Test Drive,Completed,Voice Agent,Synthetic dealership appointment; authoritative status is stored in this record.,2026-03-23T15:00:00+00:00
APT-000994,LEAD-002009,CUST-002888,VEH-009080,SP-004,2026-06-11,12:30,Virtual Consultation,Completed,Customer Service,Synthetic dealership appointment; authoritative status is stored in this record.,2026-06-05T15:00:00+00:00
APT-000995,LEAD-003182,CUST-002251,VEH-004358,SP-005,2026-04-20,09:00,Test Drive,No Show,Voice Agent,Synthetic dealership appointment; authoritative status is stored in this record.,2026-04-10T15:00:00+00:00
APT-000996,LEAD-000530,CUST-002262,VEH-008292,SP-001,2026-09-14,12:30,Test Drive,Rescheduled,Salesperson,Synthetic dealership appointment; authoritative status is stored in this record.,2026-08-05T15:00:00+00:00
APT-000997,LEAD-002802,CUST-002956,VEH-004102,SP-004,2026-07-25,13:00,Test Drive,Completed,Website,Synthetic dealership appointment; authoritative status is stored in this record.,2026-07-15T15:00:00+00:00
APT-000998,LEAD-003222,CUST-003633,VEH-007399,SP-010,2026-07-23,12:30,Test Drive,Cancelled,Customer Service,Synthetic dealership appointment; authoritative status is stored in this record.,2026-07-22T15:00:00+00:00
APT-000999,LEAD-001115,CUST-002170,VEH-000306,SP-005,2026-09-02,14:00,Virtual Consultation,Requested,Voice Agent,Synthetic dealership appointment; authoritative status is stored in this record.,2026-08-21T15:00:00+00:00
APT-001000,LEAD-003048,CUST-001708,VEH-009564,SP-006,2026-09-10,11:30,Test Drive,Requested,Website,Synthetic dealership appointment; authoritative status is stored in this record.,2026-08-22T15:00:00+00:00
APT-001001,LEAD-001667,CUST-001643,VEH-009205,SP-006,2026-05-06,17:30,Test Drive,No Show,Website,Synthetic dealership appointment; authoritative status is stored in this record.,2026-04-20T15:00:00+00:00
APT-001002,LEAD-001980,CUST-001818,VEH-004391,SP-005,2026-04-21,16:00,Test Drive,Completed,Website,Synthetic dealership appointment; authoritative status is stored in this record.,2026-04-06T15:00:00+00:00
APT-001003,LEAD-001348,CUST-004902,VEH-003536,SP-007,2026-08-15,17:30,Virtual Consultation,Cancelled,Salesperson,Synthetic dealership appointment; authoritative status is stored in this record.,2026-08-07T15:00:00+00:00
APT-001004,LEAD-002291,CUST-000441,VEH-001845,SP-003,2026-10-09,17:00,Test Drive,Confirmed,Salesperson,Synthetic dealership appointment; authoritative status is stored in this record.,2026-08-19T15:00:00+00:00
APT-001005,LEAD-002530,CUST-000680,VEH-004714,SP-006,2026-06-11,10:30,Test Drive,Completed,Voice Agent,Synthetic dealership appointment; authoritative status is stored in this record.,2026-06-04T15:00:00+00:00
APT-001006,LEAD-000053,CUST-003393,VEH-002845,SP-001,2026-04-23,12:00,Test Drive,Completed,Website,Synthetic dealership appointment; authoritative status is stored in this record.,2026-04-17T15:00:00+00:00
APT-001007,LEAD-001729,CUST-003726,VEH-007524,SP-006,2026-07-08,18:30,Financing Consultation,Completed,Salesperson,Synthetic dealership appointment; authoritative status is stored in this record.,2026-07-06T15:00:00+00:00
APT-001008,LEAD-000657,CUST-003248,VEH-005190,SP-001,2026-07-03,16:00,Trade-In Appraisal,Completed,Voice Agent,Synthetic dealership appointment; authoritative status is stored in this record.,2026-06-28T15:00:00+00:00
APT-001009,LEAD-002872,CUST-003284,VEH-007741,SP-005,2026-09-05,16:00,Test Drive,Confirmed,Salesperson,Synthetic dealership appointment; authoritative status is stored in this record.,2026-08-12T15:00:00+00:00
APT-001010,LEAD-000389,CUST-004884,VEH-002720,SP-007,2026-09-20,14:30,Test Drive,Requested,Website,Synthetic dealership appointment; authoritative status is stored in this record.,2026-08-16T15:00:00+00:00
APT-001011,LEAD-002091,CUST-003013,VEH-002582,SP-001,2026-10-02,16:30,Virtual Consultation,Confirmed,Website,Synthetic dealership appointment; authoritative status is stored in this record.,2026-08-10T15:00:00+00:00
APT-001012,LEAD-002888,CUST-003081,VEH-008657,SP-005,2026-09-24,11:00,Test Drive,Rescheduled,Salesperson,Synthetic dealership appointment; authoritative status is stored in this record.,2026-08-11T15:00:00+00:00
APT-001013,LEAD-002902,CUST-001115,VEH-002098,SP-005,2026-08-28,10:30,Test Drive,Requested,Voice Agent,Synthetic dealership appointment; authoritative status is stored in this record.,2026-08-24T15:00:00+00:00
APT-001014,LEAD-001574,CUST-003855,VEH-006135,SP-003,2026-06-04,10:30,Test Drive,Completed,Website,Synthetic dealership appointment; authoritative status is stored in this record.,2026-05-27T15:00:00+00:00
APT-001015,LEAD-003840,CUST-000722,VEH-004942,SP-006,2026-09-30,13:30,Test Drive,Requested,Customer Service,Synthetic dealership appointment; authoritative status is stored in this record.,2026-08-23T15:00:00+00:00
APT-001016,LEAD-001112,CUST-004394,VEH-000565,SP-001,2026-09-28,16:30,Test Drive,Confirmed,Voice Agent,Synthetic dealership appointment; authoritative status is stored in this record.,2026-08-23T15:00:00+00:00
APT-001017,LEAD-002154,CUST-004657,VEH-004833,SP-005,2026-09-07,14:00,Test Drive,Requested,Voice Agent,Synthetic dealership appointment; authoritative status is stored in this record.,2026-08-23T15:00:00+00:00
APT-001018,LEAD-001732,CUST-003946,VEH-008440,SP-005,2026-10-03,17:00,Test Drive,Confirmed,Voice Agent,Synthetic dealership appointment; authoritative status is stored in this record.,2026-08-04T15:00:00+00:00
APT-001019,LEAD-003916,CUST-004471,VEH-000101,SP-002,2026-05-19,17:00,Test Drive,Completed,Website,Synthetic dealership appointment; authoritative status is stored in this record.,2026-05-12T15:00:00+00:00
APT-001020,LEAD-003941,CUST-004857,VEH-003329,SP-006,2026-09-03,17:00,Test Drive,Requested,Website,Synthetic dealership appointment; authoritative status is stored in this record.,2026-08-09T15:00:00+00:00
APT-001021,LEAD-003862,CUST-004993,VEH-002718,SP-006,2026-06-23,12:00,Test Drive,Completed,Voice Agent,Synthetic dealership appointment; authoritative status is stored in this record.,2026-06-16T15:00:00+00:00
APT-001022,LEAD-003631,CUST-000860,VEH-003996,SP-006,2026-07-07,15:30,Financing Consultation,Cancelled,Website,Synthetic dealership appointment; authoritative status is stored in this record.,2026-07-04T15:00:00+00:00
APT-001023,LEAD-002103,CUST-003938,VEH-003816,SP-006,2026-09-10,16:30,Financing Consultation,Confirmed,Voice Agent,Synthetic dealership appointment; authoritative status is stored in this record.,2026-08-23T15:00:00+00:00
APT-001024,LEAD-001047,CUST-003214,VEH-008247,SP-001,2026-09-09,11:00,Test Drive,Confirmed,Voice Agent,Synthetic dealership appointment; authoritative status is stored in this record.,2026-08-12T15:00:00+00:00
APT-001025,LEAD-002085,CUST-001793,VEH-000339,SP-001,2026-09-25,09:30,Test Drive,Confirmed,Salesperson,Synthetic dealership appointment; authoritative status is stored in this record.,2026-08-05T15:00:00+00:00
APT-001026,LEAD-003507,CUST-002005,VEH-009710,SP-001,2026-09-25,09:00,Test Drive,Confirmed,Website,Synthetic dealership appointment; authoritative status is stored in this record.,2026-08-10T15:00:00+00:00
APT-001027,LEAD-003430,CUST-000382,VEH-009157,SP-005,2026-06-20,14:30,Test Drive,No Show,Website,Synthetic dealership appointment; authoritative status is stored in this record.,2026-06-02T15:00:00+00:00
APT-001028,LEAD-001709,CUST-004956,VEH-004022,SP-001,2026-09-08,11:30,Test Drive,Confirmed,Customer Service,Synthetic dealership appointment; authoritative status is stored in this record.,2026-08-20T15:00:00+00:00
APT-001029,LEAD-003548,CUST-003992,VEH-005311,SP-001,2026-09-14,10:00,Trade-In Appraisal,Requested,Website,Synthetic dealership appointment; authoritative status is stored in this record.,2026-08-24T15:00:00+00:00
APT-001030,LEAD-003756,CUST-000444,VEH-000705,SP-005,2026-09-30,17:00,Test Drive,Requested,Website,Synthetic dealership appointment; authoritative status is stored in this record.,2026-08-18T15:00:00+00:00
APT-001031,LEAD-000712,CUST-004998,VEH-009246,SP-004,2026-05-09,13:00,Test Drive,Cancelled,Website,Synthetic dealership appointment; authoritative status is stored in this record.,2026-04-28T15:00:00+00:00
APT-001032,LEAD-001955,CUST-004518,VEH-002541,SP-002,2026-09-08,16:30,Financing Consultation,Rescheduled,Voice Agent,Synthetic dealership appointment; authoritative status is stored in this record.,2026-08-21T15:00:00+00:00
APT-001033,LEAD-000154,CUST-001450,VEH-009857,SP-001,2026-05-25,15:00,Test Drive,Cancelled,Website,Synthetic dealership appointment; authoritative status is stored in this record.,2026-05-17T15:00:00+00:00
APT-001034,LEAD-001902,CUST-002632,VEH-005082,SP-006,2026-07-22,17:00,Test Drive,Completed,Customer Service,Synthetic dealership appointment; authoritative status is stored in this record.,2026-07-09T15:00:00+00:00
APT-001035,LEAD-001187,CUST-003034,VEH-000411,SP-006,2026-07-31,17:00,Financing Consultation,No Show,Voice Agent,Synthetic dealership appointment; authoritative status is stored in this record.,2026-07-15T15:00:00+00:00
APT-001036,LEAD-003709,CUST-004309,VEH-001007,SP-005,2026-09-07,13:00,Financing Consultation,Requested,Customer Service,Synthetic dealership appointment; authoritative status is stored in this record.,2026-08-09T15:00:00+00:00
APT-001037,LEAD-001849,CUST-001087,VEH-008869,SP-002,2026-06-06,09:30,Financing Consultation,Cancelled,Website,Synthetic dealership appointment; authoritative status is stored in this record.,2026-06-04T15:00:00+00:00
APT-001038,LEAD-000208,CUST-003303,VEH-003270,SP-002,2026-08-20,14:00,Test Drive,Completed,Customer Service,Synthetic dealership appointment; authoritative status is stored in this record.,2026-08-13T15:00:00+00:00
APT-001039,LEAD-003118,CUST-004974,VEH-005915,SP-001,2026-09-29,12:00,Test Drive,Confirmed,Website,Synthetic dealership appointment; authoritative status is stored in this record.,2026-08-05T15:00:00+00:00
APT-001040,LEAD-002649,CUST-001992,VEH-004132,SP-006,2026-08-14,18:30,Virtual Consultation,Completed,Salesperson,Synthetic dealership appointment; authoritative status is stored in this record.,2026-07-28T15:00:00+00:00
APT-001041,LEAD-002453,CUST-001764,VEH-001801,SP-005,2026-05-22,10:30,Financing Consultation,Completed,Voice Agent,Synthetic dealership appointment; authoritative status is stored in this record.,2026-05-14T15:00:00+00:00
APT-001042,LEAD-001877,CUST-003409,VEH-001893,SP-006,2026-08-21,10:00,Test Drive,No Show,Customer Service,Synthetic dealership appointment; authoritative status is stored in this record.,2026-08-02T15:00:00+00:00
APT-001043,LEAD-001928,CUST-004822,VEH-001647,SP-002,2026-07-24,15:00,Test Drive,Completed,Voice Agent,Synthetic dealership appointment; authoritative status is stored in this record.,2026-07-20T15:00:00+00:00
APT-001044,LEAD-001371,CUST-002525,VEH-000744,SP-007,2026-07-19,10:00,Test Drive,No Show,Voice Agent,Synthetic dealership appointment; authoritative status is stored in this record.,2026-07-08T15:00:00+00:00
APT-001045,LEAD-003211,CUST-001324,VEH-002002,SP-007,2026-09-19,13:00,Test Drive,Confirmed,Salesperson,Synthetic dealership appointment; authoritative status is stored in this record.,2026-08-09T15:00:00+00:00
APT-001046,LEAD-000626,CUST-002322,VEH-005380,SP-001,2026-08-14,11:30,Test Drive,Completed,Voice Agent,Synthetic dealership appointment; authoritative status is stored in this record.,2026-08-06T15:00:00+00:00
APT-001047,LEAD-002432,CUST-004262,VEH-002870,SP-005,2026-08-14,10:30,Test Drive,Completed,Salesperson,Synthetic dealership appointment; authoritative status is stored in this record.,2026-08-11T15:00:00+00:00
APT-001048,LEAD-001949,CUST-004085,VEH-006820,SP-007,2026-04-25,15:00,Virtual Consultation,Completed,Customer Service,Synthetic dealership appointment; authoritative status is stored in this record.,2026-04-12T15:00:00+00:00
APT-001049,LEAD-001960,CUST-003589,VEH-001710,SP-006,2026-09-29,13:30,Virtual Consultation,Confirmed,Customer Service,Synthetic dealership appointment; authoritative status is stored in this record.,2026-08-23T15:00:00+00:00
APT-001050,LEAD-003320,CUST-004462,VEH-008689,SP-002,2026-07-04,12:30,Virtual Consultation,Completed,Salesperson,Synthetic dealership appointment; authoritative status is stored in this record.,2026-07-01T15:00:00+00:00
APT-001051,LEAD-000706,CUST-000638,VEH-003553,SP-001,2026-04-21,16:30,Test Drive,Completed,Salesperson,Synthetic dealership appointment; authoritative status is stored in this record.,2026-04-02T15:00:00+00:00
APT-001052,LEAD-001985,CUST-002572,VEH-005882,SP-005,2026-07-31,09:00,Virtual Consultation,Cancelled,Voice Agent,Synthetic dealership appointment; authoritative status is stored in this record.,2026-07-12T15:00:00+00:00
APT-001053,LEAD-003767,CUST-002131,VEH-007843,SP-007,2026-06-21,13:30,Test Drive,Completed,Voice Agent,Synthetic dealership appointment; authoritative status is stored in this record.,2026-06-17T15:00:00+00:00
APT-001054,LEAD-001847,CUST-002749,VEH-008985,SP-006,2026-08-20,18:30,Test Drive,No Show,Customer Service,Synthetic dealership appointment; authoritative status is stored in this record.,2026-08-18T15:00:00+00:00
APT-001055,LEAD-002983,CUST-004909,VEH-009008,SP-006,2026-10-09,11:30,Virtual Consultation,Confirmed,Customer Service,Synthetic dealership appointment; authoritative status is stored in this record.,2026-08-21T15:00:00+00:00
APT-001056,LEAD-003194,CUST-003746,VEH-002791,SP-001,2026-09-14,13:00,Test Drive,Rescheduled,Website,Synthetic dealership appointment; authoritative status is stored in this record.,2026-08-06T15:00:00+00:00
APT-001057,LEAD-001560,CUST-001936,VEH-007973,SP-006,2026-07-15,14:00,Trade-In Appraisal,No Show,Customer Service,Synthetic dealership appointment; authoritative status is stored in this record.,2026-07-04T15:00:00+00:00
APT-001058,LEAD-001895,CUST-001386,VEH-009854,SP-002,2026-07-02,17:00,Trade-In Appraisal,Completed,Voice Agent,Synthetic dealership appointment; authoritative status is stored in this record.,2026-06-14T15:00:00+00:00
APT-001059,LEAD-003455,CUST-002488,VEH-005836,SP-005,2026-05-28,10:00,Virtual Consultation,Completed,Website,Synthetic dealership appointment; authoritative status is stored in this record.,2026-05-14T15:00:00+00:00
APT-001060,LEAD-001799,CUST-001674,VEH-001504,SP-002,2026-06-20,14:00,Test Drive,Completed,Voice Agent,Synthetic dealership appointment; authoritative status is stored in this record.,2026-06-04T15:00:00+00:00
APT-001061,LEAD-002671,CUST-002446,VEH-005247,SP-005,2026-04-15,10:30,Test Drive,Completed,Voice Agent,Synthetic dealership appointment; authoritative status is stored in this record.,2026-04-11T15:00:00+00:00
APT-001062,LEAD-001492,CUST-004191,VEH-003790,SP-007,2026-04-04,16:30,Test Drive,No Show,Voice Agent,Synthetic dealership appointment; authoritative status is stored in this record.,2026-03-30T15:00:00+00:00
APT-001063,LEAD-001036,CUST-000635,VEH-003200,SP-007,2026-10-04,10:30,Trade-In Appraisal,Rescheduled,Website,Synthetic dealership appointment; authoritative status is stored in this record.,2026-08-18T15:00:00+00:00
APT-001064,LEAD-001444,CUST-000355,VEH-003882,SP-007,2026-09-19,16:00,Test Drive,Requested,Salesperson,Synthetic dealership appointment; authoritative status is stored in this record.,2026-08-11T15:00:00+00:00
APT-001065,LEAD-002748,CUST-001922,VEH-002876,SP-002,2026-09-22,15:30,Test Drive,Requested,Voice Agent,Synthetic dealership appointment; authoritative status is stored in this record.,2026-08-23T15:00:00+00:00
APT-001066,LEAD-002277,CUST-001942,VEH-001783,SP-007,2026-09-26,15:00,Test Drive,Confirmed,Customer Service,Synthetic dealership appointment; authoritative status is stored in this record.,2026-08-14T15:00:00+00:00
APT-001067,LEAD-001412,CUST-001143,VEH-002576,SP-004,2026-06-12,18:30,Test Drive,Cancelled,Customer Service,Synthetic dealership appointment; authoritative status is stored in this record.,2026-05-28T15:00:00+00:00
APT-001068,LEAD-000120,CUST-002997,VEH-005720,SP-003,2026-09-25,15:00,Test Drive,Confirmed,Customer Service,Synthetic dealership appointment; authoritative status is stored in this record.,2026-08-18T15:00:00+00:00
APT-001069,LEAD-002460,CUST-001199,VEH-001321,SP-001,2026-06-02,11:30,Test Drive,Cancelled,Voice Agent,Synthetic dealership appointment; authoritative status is stored in this record.,2026-05-16T15:00:00+00:00
APT-001070,LEAD-001927,CUST-004754,VEH-003258,SP-005,2026-04-10,12:00,Test Drive,Completed,Salesperson,Synthetic dealership appointment; authoritative status is stored in this record.,2026-03-26T15:00:00+00:00
APT-001071,LEAD-004000,CUST-004376,VEH-004280,SP-001,2026-10-05,13:30,Test Drive,Requested,Customer Service,Synthetic dealership appointment; authoritative status is stored in this record.,2026-08-21T15:00:00+00:00
APT-001072,LEAD-002493,CUST-000586,VEH-003483,SP-001,2026-05-19,15:30,Test Drive,No Show,Website,Synthetic dealership appointment; authoritative status is stored in this record.,2026-05-04T15:00:00+00:00
APT-001073,LEAD-000425,CUST-000311,VEH-002443,SP-007,2026-06-06,16:00,Test Drive,Completed,Website,Synthetic dealership appointment; authoritative status is stored in this record.,2026-06-05T15:00:00+00:00
APT-001074,LEAD-003519,CUST-002012,VEH-003606,SP-010,2026-07-17,14:00,Virtual Consultation,Cancelled,Salesperson,Synthetic dealership appointment; authoritative status is stored in this record.,2026-07-02T15:00:00+00:00
APT-001075,LEAD-001495,CUST-001422,VEH-002076,SP-002,2026-09-10,17:30,Test Drive,Requested,Voice Agent,Synthetic dealership appointment; authoritative status is stored in this record.,2026-08-22T15:00:00+00:00
APT-001076,LEAD-003362,CUST-004818,VEH-009973,SP-006,2026-09-18,13:00,Test Drive,Confirmed,Website,Synthetic dealership appointment; authoritative status is stored in this record.,2026-08-16T15:00:00+00:00
APT-001077,LEAD-003783,CUST-003333,VEH-005618,SP-006,2026-04-23,17:30,Test Drive,Completed,Voice Agent,Synthetic dealership appointment; authoritative status is stored in this record.,2026-04-03T15:00:00+00:00
APT-001078,LEAD-003171,CUST-000160,VEH-001623,SP-002,2026-04-01,17:00,Test Drive,Cancelled,Salesperson,Synthetic dealership appointment; authoritative status is stored in this record.,2026-03-31T15:00:00+00:00
APT-001079,LEAD-001769,CUST-003489,VEH-007944,SP-007,2026-06-28,09:00,Financing Consultation,Completed,Salesperson,Synthetic dealership appointment; authoritative status is stored in this record.,2026-06-27T15:00:00+00:00
APT-001080,LEAD-001464,CUST-003166,VEH-002407,SP-005,2026-06-16,17:00,Test Drive,Completed,Voice Agent,Synthetic dealership appointment; authoritative status is stored in this record.,2026-06-10T15:00:00+00:00
APT-001081,LEAD-003443,CUST-002316,VEH-004440,SP-010,2026-09-07,11:00,Test Drive,Requested,Voice Agent,Synthetic dealership appointment; authoritative status is stored in this record.,2026-08-06T15:00:00+00:00
APT-001082,LEAD-003873,CUST-000420,VEH-009257,SP-005,2026-06-22,11:00,Test Drive,Cancelled,Customer Service,Synthetic dealership appointment; authoritative status is stored in this record.,2026-06-08T15:00:00+00:00
APT-001083,LEAD-002386,CUST-003011,VEH-001299,SP-006,2026-06-13,14:00,Test Drive,Completed,Voice Agent,Synthetic dealership appointment; authoritative status is stored in this record.,2026-06-12T15:00:00+00:00
APT-001084,LEAD-000547,CUST-003567,VEH-005016,SP-001,2026-05-12,15:00,Virtual Consultation,Completed,Customer Service,Synthetic dealership appointment; authoritative status is stored in this record.,2026-04-27T15:00:00+00:00
APT-001085,LEAD-001357,CUST-003743,VEH-009695,SP-006,2026-09-12,17:00,Financing Consultation,Confirmed,Website,Synthetic dealership appointment; authoritative status is stored in this record.,2026-08-07T15:00:00+00:00
APT-001086,LEAD-003543,CUST-001052,VEH-004603,SP-006,2026-04-11,10:30,Financing Consultation,Cancelled,Website,Synthetic dealership appointment; authoritative status is stored in this record.,2026-03-25T15:00:00+00:00
APT-001087,LEAD-002463,CUST-004196,VEH-001660,SP-005,2026-09-10,15:00,Test Drive,Requested,Voice Agent,Synthetic dealership appointment; authoritative status is stored in this record.,2026-08-23T15:00:00+00:00
APT-001088,LEAD-001878,CUST-003858,VEH-006803,SP-001,2026-04-27,08:30,Trade-In Appraisal,Completed,Voice Agent,Synthetic dealership appointment; authoritative status is stored in this record.,2026-04-18T15:00:00+00:00
APT-001089,LEAD-002119,CUST-000244,VEH-008582,SP-006,2026-06-12,18:30,Test Drive,No Show,Customer Service,Synthetic dealership appointment; authoritative status is stored in this record.,2026-06-04T15:00:00+00:00
APT-001090,LEAD-003820,CUST-004166,VEH-008479,SP-001,2026-04-21,11:00,Test Drive,Completed,Voice Agent,Synthetic dealership appointment; authoritative status is stored in this record.,2026-04-06T15:00:00+00:00
APT-001091,LEAD-002450,CUST-000565,VEH-001785,SP-006,2026-10-03,11:00,Test Drive,Confirmed,Salesperson,Synthetic dealership appointment; authoritative status is stored in this record.,2026-08-13T15:00:00+00:00
APT-001092,LEAD-000294,CUST-001228,VEH-007882,SP-004,2026-10-03,13:30,Test Drive,Requested,Customer Service,Synthetic dealership appointment; authoritative status is stored in this record.,2026-08-25T15:00:00+00:00
APT-001093,LEAD-002561,CUST-004824,VEH-008103,SP-005,2026-05-07,15:00,Test Drive,Completed,Website,Synthetic dealership appointment; authoritative status is stored in this record.,2026-04-25T15:00:00+00:00
APT-001094,LEAD-000789,CUST-001318,VEH-007797,SP-005,2026-09-15,12:30,Test Drive,Confirmed,Website,Synthetic dealership appointment; authoritative status is stored in this record.,2026-08-08T15:00:00+00:00
APT-001095,LEAD-001726,CUST-001340,VEH-000731,SP-001,2026-08-31,12:00,Test Drive,Rescheduled,Customer Service,Synthetic dealership appointment; authoritative status is stored in this record.,2026-08-08T15:00:00+00:00
APT-001096,LEAD-000777,CUST-003523,VEH-001801,SP-001,2026-10-09,11:00,Test Drive,Requested,Website,Synthetic dealership appointment; authoritative status is stored in this record.,2026-08-22T15:00:00+00:00
APT-001097,LEAD-003070,CUST-000174,VEH-009657,SP-005,2026-09-16,15:00,Financing Consultation,Confirmed,Voice Agent,Synthetic dealership appointment; authoritative status is stored in this record.,2026-08-13T15:00:00+00:00
APT-001098,LEAD-002566,CUST-003540,VEH-002063,SP-005,2026-04-17,14:30,Test Drive,Completed,Salesperson,Synthetic dealership appointment; authoritative status is stored in this record.,2026-04-14T15:00:00+00:00
APT-001099,LEAD-002854,CUST-003385,VEH-002582,SP-006,2026-10-09,12:30,Test Drive,Confirmed,Salesperson,Synthetic dealership appointment; authoritative status is stored in this record.,2026-08-08T15:00:00+00:00
APT-001100,LEAD-000393,CUST-004925,VEH-003581,SP-006,2026-06-17,17:30,Trade-In Appraisal,No Show,Customer Service,Synthetic dealership appointment; authoritative status is stored in this record.,2026-06-13T15:00:00+00:00
APT-001101,LEAD-002351,CUST-004912,VEH-002744,SP-002,2026-07-01,16:30,Virtual Consultation,Cancelled,Salesperson,Synthetic dealership appointment; authoritative status is stored in this record.,2026-06-13T15:00:00+00:00
APT-001102,LEAD-002847,CUST-004072,VEH-007911,SP-007,2026-08-29,12:00,Virtual Consultation,Requested,Website,Synthetic dealership appointment; authoritative status is stored in this record.,2026-08-14T15:00:00+00:00
APT-001103,LEAD-001791,CUST-004828,VEH-000410,SP-005,2026-09-05,09:00,Test Drive,Confirmed,Voice Agent,Synthetic dealership appointment; authoritative status is stored in this record.,2026-08-12T15:00:00+00:00
APT-001104,LEAD-002107,CUST-002436,VEH-007590,SP-001,2026-05-14,10:30,Financing Consultation,Completed,Voice Agent,Synthetic dealership appointment; authoritative status is stored in this record.,2026-05-02T15:00:00+00:00
APT-001105,LEAD-000189,CUST-000233,VEH-004862,SP-002,2026-09-18,09:30,Trade-In Appraisal,Rescheduled,Salesperson,Synthetic dealership appointment; authoritative status is stored in this record.,2026-08-05T15:00:00+00:00
APT-001106,LEAD-000551,CUST-003531,VEH-002514,SP-001,2026-09-09,12:00,Test Drive,Rescheduled,Salesperson,Synthetic dealership appointment; authoritative status is stored in this record.,2026-08-19T15:00:00+00:00
APT-001107,LEAD-003772,CUST-000456,VEH-006138,SP-006,2026-10-03,18:30,Financing Consultation,Confirmed,Salesperson,Synthetic dealership appointment; authoritative status is stored in this record.,2026-08-22T15:00:00+00:00
APT-001108,LEAD-001773,CUST-000670,VEH-004102,SP-001,2026-09-25,16:30,Trade-In Appraisal,Requested,Website,Synthetic dealership appointment; authoritative status is stored in this record.,2026-08-10T15:00:00+00:00
APT-001109,LEAD-000050,CUST-003937,VEH-004213,SP-005,2026-04-13,11:00,Test Drive,Completed,Voice Agent,Synthetic dealership appointment; authoritative status is stored in this record.,2026-04-10T15:00:00+00:00
APT-001110,LEAD-002969,CUST-001471,VEH-000786,SP-007,2026-04-25,14:00,Financing Consultation,Cancelled,Website,Synthetic dealership appointment; authoritative status is stored in this record.,2026-04-09T15:00:00+00:00
APT-001111,LEAD-001261,CUST-005000,VEH-007580,SP-006,2026-05-07,13:30,Test Drive,Completed,Website,Synthetic dealership appointment; authoritative status is stored in this record.,2026-04-19T15:00:00+00:00
APT-001112,LEAD-002653,CUST-000426,VEH-005814,SP-002,2026-04-22,15:00,Test Drive,Completed,Voice Agent,Synthetic dealership appointment; authoritative status is stored in this record.,2026-04-16T15:00:00+00:00
APT-001113,LEAD-000598,CUST-000713,VEH-006878,SP-002,2026-08-15,15:30,Test Drive,Completed,Voice Agent,Synthetic dealership appointment; authoritative status is stored in this record.,2026-08-14T15:00:00+00:00
APT-001114,LEAD-002822,CUST-002157,VEH-001591,SP-010,2026-07-29,11:30,Test Drive,Cancelled,Website,Synthetic dealership appointment; authoritative status is stored in this record.,2026-07-27T15:00:00+00:00
APT-001115,LEAD-003106,CUST-000242,VEH-002510,SP-006,2026-07-15,16:30,Trade-In Appraisal,Completed,Salesperson,Synthetic dealership appointment; authoritative status is stored in this record.,2026-07-11T15:00:00+00:00
APT-001116,LEAD-003544,CUST-004866,VEH-005189,SP-006,2026-06-02,15:00,Test Drive,Completed,Customer Service,Synthetic dealership appointment; authoritative status is stored in this record.,2026-05-30T15:00:00+00:00
APT-001117,LEAD-002952,CUST-000854,VEH-005311,SP-001,2026-05-28,09:30,Virtual Consultation,No Show,Voice Agent,Synthetic dealership appointment; authoritative status is stored in this record.,2026-05-14T15:00:00+00:00
APT-001118,LEAD-001229,CUST-002481,VEH-007314,SP-005,2026-05-15,09:00,Financing Consultation,Cancelled,Voice Agent,Synthetic dealership appointment; authoritative status is stored in this record.,2026-05-10T15:00:00+00:00
APT-001119,LEAD-002518,CUST-000798,VEH-004206,SP-008,2026-10-04,15:30,Test Drive,Rescheduled,Voice Agent,Synthetic dealership appointment; authoritative status is stored in this record.,2026-08-24T15:00:00+00:00
APT-001120,LEAD-001636,CUST-001366,VEH-007816,SP-001,2026-08-28,11:30,Test Drive,Rescheduled,Voice Agent,Synthetic dealership appointment; authoritative status is stored in this record.,2026-08-11T15:00:00+00:00
APT-001121,LEAD-002256,CUST-003879,VEH-008795,SP-002,2026-09-05,09:00,Test Drive,Rescheduled,Customer Service,Synthetic dealership appointment; authoritative status is stored in this record.,2026-08-14T15:00:00+00:00
APT-001122,LEAD-000453,CUST-000291,VEH-003317,SP-006,2026-10-01,15:30,Test Drive,Requested,Website,Synthetic dealership appointment; authoritative status is stored in this record.,2026-08-24T15:00:00+00:00
APT-001123,LEAD-003716,CUST-001597,VEH-003454,SP-002,2026-05-06,15:30,Test Drive,Completed,Salesperson,Synthetic dealership appointment; authoritative status is stored in this record.,2026-04-25T15:00:00+00:00
APT-001124,LEAD-003451,CUST-001426,VEH-003537,SP-006,2026-08-07,11:00,Test Drive,Completed,Salesperson,Synthetic dealership appointment; authoritative status is stored in this record.,2026-07-21T15:00:00+00:00
APT-001125,LEAD-000674,CUST-000086,VEH-004877,SP-002,2026-08-11,13:30,Test Drive,Completed,Website,Synthetic dealership appointment; authoritative status is stored in this record.,2026-07-28T15:00:00+00:00
APT-001126,LEAD-001113,CUST-001287,VEH-002688,SP-003,2026-05-07,17:30,Financing Consultation,Completed,Customer Service,Synthetic dealership appointment; authoritative status is stored in this record.,2026-05-05T15:00:00+00:00
APT-001127,LEAD-002049,CUST-003375,VEH-000300,SP-001,2026-09-17,14:30,Test Drive,Requested,Customer Service,Synthetic dealership appointment; authoritative status is stored in this record.,2026-08-14T15:00:00+00:00
APT-001128,LEAD-001023,CUST-001593,VEH-002847,SP-001,2026-09-10,11:00,Test Drive,Confirmed,Salesperson,Synthetic dealership appointment; authoritative status is stored in this record.,2026-08-15T15:00:00+00:00
APT-001129,LEAD-000590,CUST-004779,VEH-008857,SP-006,2026-09-09,18:30,Trade-In Appraisal,Requested,Website,Synthetic dealership appointment; authoritative status is stored in this record.,2026-08-10T15:00:00+00:00
APT-001130,LEAD-000809,CUST-001438,VEH-001443,SP-005,2026-05-30,17:00,Trade-In Appraisal,Completed,Salesperson,Synthetic dealership appointment; authoritative status is stored in this record.,2026-05-13T15:00:00+00:00
APT-001131,LEAD-002900,CUST-003505,VEH-002362,SP-001,2026-09-24,09:30,Financing Consultation,Rescheduled,Salesperson,Synthetic dealership appointment; authoritative status is stored in this record.,2026-08-07T15:00:00+00:00
APT-001132,LEAD-001692,CUST-001085,VEH-008925,SP-002,2026-09-22,11:00,Test Drive,Confirmed,Voice Agent,Synthetic dealership appointment; authoritative status is stored in this record.,2026-08-25T15:00:00+00:00
APT-001133,LEAD-002472,CUST-003713,VEH-005438,SP-005,2026-09-26,11:30,Test Drive,Confirmed,Customer Service,Synthetic dealership appointment; authoritative status is stored in this record.,2026-08-07T15:00:00+00:00
APT-001134,LEAD-001429,CUST-000710,VEH-004967,SP-001,2026-09-17,14:00,Test Drive,Confirmed,Voice Agent,Synthetic dealership appointment; authoritative status is stored in this record.,2026-08-08T15:00:00+00:00
APT-001135,LEAD-001596,CUST-000938,VEH-004372,SP-008,2026-08-16,12:00,Test Drive,No Show,Salesperson,Synthetic dealership appointment; authoritative status is stored in this record.,2026-08-12T15:00:00+00:00
APT-001136,LEAD-000662,CUST-003423,VEH-005462,SP-001,2026-09-24,16:30,Test Drive,Confirmed,Voice Agent,Synthetic dealership appointment; authoritative status is stored in this record.,2026-08-24T15:00:00+00:00
APT-001137,LEAD-001795,CUST-002053,VEH-008947,SP-005,2026-09-19,17:00,Test Drive,Requested,Voice Agent,Synthetic dealership appointment; authoritative status is stored in this record.,2026-08-17T15:00:00+00:00
APT-001138,LEAD-001192,CUST-003380,VEH-008877,SP-002,2026-03-28,15:00,Test Drive,Completed,Website,Synthetic dealership appointment; authoritative status is stored in this record.,2026-03-24T15:00:00+00:00
APT-001139,LEAD-002522,CUST-001822,VEH-003124,SP-006,2026-06-04,10:00,Test Drive,Completed,Website,Synthetic dealership appointment; authoritative status is stored in this record.,2026-05-27T15:00:00+00:00
APT-001140,LEAD-001829,CUST-002600,VEH-003198,SP-006,2026-08-28,13:00,Financing Consultation,Requested,Salesperson,Synthetic dealership appointment; authoritative status is stored in this record.,2026-08-16T15:00:00+00:00
APT-001141,LEAD-001443,CUST-002826,VEH-002516,SP-006,2026-08-27,14:00,Virtual Consultation,Confirmed,Voice Agent,Synthetic dealership appointment; authoritative status is stored in this record.,2026-08-13T15:00:00+00:00
APT-001142,LEAD-001463,CUST-000322,VEH-006185,SP-003,2026-04-27,15:30,Test Drive,Completed,Website,Synthetic dealership appointment; authoritative status is stored in this record.,2026-04-23T15:00:00+00:00
APT-001143,LEAD-003863,CUST-000196,VEH-008469,SP-006,2026-06-18,18:00,Virtual Consultation,Completed,Website,Synthetic dealership appointment; authoritative status is stored in this record.,2026-06-04T15:00:00+00:00
APT-001144,LEAD-003534,CUST-004802,VEH-001849,SP-005,2026-10-02,14:30,Test Drive,Confirmed,Website,Synthetic dealership appointment; authoritative status is stored in this record.,2026-08-15T15:00:00+00:00
APT-001145,LEAD-000037,CUST-004726,VEH-003885,SP-006,2026-06-19,11:30,Trade-In Appraisal,Completed,Voice Agent,Synthetic dealership appointment; authoritative status is stored in this record.,2026-06-07T15:00:00+00:00
APT-001146,LEAD-002401,CUST-000675,VEH-004280,SP-001,2026-06-09,12:00,Virtual Consultation,Cancelled,Website,Synthetic dealership appointment; authoritative status is stored in this record.,2026-05-22T15:00:00+00:00
APT-001147,LEAD-000781,CUST-000975,VEH-007732,SP-010,2026-08-07,12:30,Trade-In Appraisal,Completed,Salesperson,Synthetic dealership appointment; authoritative status is stored in this record.,2026-07-21T15:00:00+00:00
APT-001148,LEAD-002784,CUST-002474,VEH-009719,SP-001,2026-09-18,12:30,Test Drive,Rescheduled,Salesperson,Synthetic dealership appointment; authoritative status is stored in this record.,2026-08-17T15:00:00+00:00
APT-001149,LEAD-000916,CUST-003635,VEH-001493,SP-002,2026-09-19,17:00,Test Drive,Confirmed,Customer Service,Synthetic dealership appointment; authoritative status is stored in this record.,2026-08-21T15:00:00+00:00
APT-001150,LEAD-000564,CUST-002803,VEH-001194,SP-006,2026-09-03,18:00,Test Drive,Confirmed,Website,Synthetic dealership appointment; authoritative status is stored in this record.,2026-08-09T15:00:00+00:00
APT-001151,LEAD-001836,CUST-003323,VEH-003258,SP-001,2026-09-09,09:00,Test Drive,Requested,Website,Synthetic dealership appointment; authoritative status is stored in this record.,2026-08-08T15:00:00+00:00
APT-001152,LEAD-000442,CUST-003000,VEH-006202,SP-004,2026-04-04,14:30,Test Drive,Completed,Salesperson,Synthetic dealership appointment; authoritative status is stored in this record.,2026-04-03T15:00:00+00:00
APT-001153,LEAD-003538,CUST-004733,VEH-008031,SP-007,2026-04-18,16:30,Test Drive,Completed,Salesperson,Synthetic dealership appointment; authoritative status is stored in this record.,2026-03-30T15:00:00+00:00
APT-001154,LEAD-003315,CUST-000099,VEH-000589,SP-006,2026-05-15,11:30,Test Drive,No Show,Website,Synthetic dealership appointment; authoritative status is stored in this record.,2026-05-09T15:00:00+00:00
APT-001155,LEAD-002516,CUST-004568,VEH-009765,SP-006,2026-05-02,17:30,Test Drive,No Show,Salesperson,Synthetic dealership appointment; authoritative status is stored in this record.,2026-04-29T15:00:00+00:00
APT-001156,LEAD-002533,CUST-001222,VEH-003573,SP-005,2026-10-09,15:30,Financing Consultation,Rescheduled,Salesperson,Synthetic dealership appointment; authoritative status is stored in this record.,2026-08-22T15:00:00+00:00
APT-001157,LEAD-001064,CUST-002513,VEH-009558,SP-006,2026-09-25,15:00,Test Drive,Confirmed,Voice Agent,Synthetic dealership appointment; authoritative status is stored in this record.,2026-08-12T15:00:00+00:00
APT-001158,LEAD-002290,CUST-004654,VEH-006581,SP-007,2026-08-02,14:00,Virtual Consultation,Cancelled,Voice Agent,Synthetic dealership appointment; authoritative status is stored in this record.,2026-07-24T15:00:00+00:00
APT-001159,LEAD-003757,CUST-003238,VEH-004165,SP-007,2026-10-04,14:00,Financing Consultation,Requested,Customer Service,Synthetic dealership appointment; authoritative status is stored in this record.,2026-08-21T15:00:00+00:00
APT-001160,LEAD-001467,CUST-004395,VEH-002143,SP-001,2026-09-17,12:30,Test Drive,Confirmed,Website,Synthetic dealership appointment; authoritative status is stored in this record.,2026-08-21T15:00:00+00:00
APT-001161,LEAD-002270,CUST-004608,VEH-001001,SP-006,2026-09-24,12:00,Test Drive,Rescheduled,Voice Agent,Synthetic dealership appointment; authoritative status is stored in this record.,2026-08-06T15:00:00+00:00
APT-001162,LEAD-003895,CUST-002993,VEH-009764,SP-001,2026-09-25,12:30,Test Drive,Rescheduled,Website,Synthetic dealership appointment; authoritative status is stored in this record.,2026-08-23T15:00:00+00:00
APT-001163,LEAD-000765,CUST-004504,VEH-001673,SP-006,2026-07-03,15:30,Test Drive,Completed,Salesperson,Synthetic dealership appointment; authoritative status is stored in this record.,2026-06-23T15:00:00+00:00
APT-001164,LEAD-002286,CUST-002140,VEH-003453,SP-001,2026-03-30,13:00,Virtual Consultation,Completed,Salesperson,Synthetic dealership appointment; authoritative status is stored in this record.,2026-03-26T15:00:00+00:00
APT-001165,LEAD-000615,CUST-000200,VEH-009172,SP-001,2026-07-31,16:30,Test Drive,No Show,Customer Service,Synthetic dealership appointment; authoritative status is stored in this record.,2026-07-28T15:00:00+00:00
APT-001166,LEAD-001824,CUST-002200,VEH-008960,SP-007,2026-04-05,17:00,Virtual Consultation,Completed,Voice Agent,Synthetic dealership appointment; authoritative status is stored in this record.,2026-03-18T15:00:00+00:00
APT-001167,LEAD-003605,CUST-004639,VEH-003664,SP-010,2026-09-24,14:00,Test Drive,Rescheduled,Salesperson,Synthetic dealership appointment; authoritative status is stored in this record.,2026-08-18T15:00:00+00:00
APT-001168,LEAD-003688,CUST-001935,VEH-003637,SP-001,2026-09-11,12:00,Virtual Consultation,Confirmed,Website,Synthetic dealership appointment; authoritative status is stored in this record.,2026-08-18T15:00:00+00:00
APT-001169,LEAD-003172,CUST-000149,VEH-006743,SP-001,2026-09-02,11:30,Trade-In Appraisal,Confirmed,Voice Agent,Synthetic dealership appointment; authoritative status is stored in this record.,2026-08-12T15:00:00+00:00
APT-001170,LEAD-000741,CUST-003020,VEH-001788,SP-006,2026-06-11,17:30,Test Drive,Completed,Salesperson,Synthetic dealership appointment; authoritative status is stored in this record.,2026-05-27T15:00:00+00:00
APT-001171,LEAD-002306,CUST-004597,VEH-003890,SP-001,2026-06-05,11:00,Test Drive,No Show,Website,Synthetic dealership appointment; authoritative status is stored in this record.,2026-06-04T15:00:00+00:00
APT-001172,LEAD-001346,CUST-004330,VEH-000317,SP-002,2026-10-07,16:30,Test Drive,Rescheduled,Salesperson,Synthetic dealership appointment; authoritative status is stored in this record.,2026-08-17T15:00:00+00:00
APT-001173,LEAD-001493,CUST-000452,VEH-002233,SP-001,2026-07-03,11:00,Test Drive,Cancelled,Voice Agent,Synthetic dealership appointment; authoritative status is stored in this record.,2026-06-24T15:00:00+00:00
APT-001174,LEAD-003256,CUST-004301,VEH-004158,SP-004,2026-04-26,12:00,Test Drive,Completed,Website,Synthetic dealership appointment; authoritative status is stored in this record.,2026-04-18T15:00:00+00:00
APT-001175,LEAD-002843,CUST-002947,VEH-000297,SP-005,2026-05-11,17:30,Test Drive,Completed,Salesperson,Synthetic dealership appointment; authoritative status is stored in this record.,2026-04-24T15:00:00+00:00
APT-001176,LEAD-002400,CUST-001272,VEH-002706,SP-001,2026-07-01,14:00,Test Drive,Cancelled,Voice Agent,Synthetic dealership appointment; authoritative status is stored in this record.,2026-06-18T15:00:00+00:00
APT-001177,LEAD-001869,CUST-003281,VEH-009156,SP-001,2026-08-24,15:30,Trade-In Appraisal,No Show,Salesperson,Synthetic dealership appointment; authoritative status is stored in this record.,2026-08-12T15:00:00+00:00
APT-001178,LEAD-002059,CUST-000774,VEH-007401,SP-001,2026-05-21,09:30,Test Drive,No Show,Salesperson,Synthetic dealership appointment; authoritative status is stored in this record.,2026-05-10T15:00:00+00:00
APT-001179,LEAD-003357,CUST-000191,VEH-002470,SP-007,2026-09-20,14:00,Test Drive,Confirmed,Voice Agent,Synthetic dealership appointment; authoritative status is stored in this record.,2026-08-15T15:00:00+00:00
APT-001180,LEAD-002985,CUST-004924,VEH-002585,SP-001,2026-04-09,14:30,Financing Consultation,Completed,Salesperson,Synthetic dealership appointment; authoritative status is stored in this record.,2026-03-21T15:00:00+00:00
APT-001181,LEAD-001352,CUST-004558,VEH-007369,SP-006,2026-08-21,15:30,Test Drive,Completed,Website,Synthetic dealership appointment; authoritative status is stored in this record.,2026-08-01T15:00:00+00:00
APT-001182,LEAD-001605,CUST-001028,VEH-004392,SP-004,2026-07-01,15:30,Test Drive,Completed,Voice Agent,Synthetic dealership appointment; authoritative status is stored in this record.,2026-06-18T15:00:00+00:00
APT-001183,LEAD-003771,CUST-002975,VEH-007676,SP-003,2026-09-15,16:30,Test Drive,Confirmed,Salesperson,Synthetic dealership appointment; authoritative status is stored in this record.,2026-08-14T15:00:00+00:00
APT-001184,LEAD-002148,CUST-002706,VEH-009316,SP-001,2026-06-05,14:30,Financing Consultation,Completed,Voice Agent,Synthetic dealership appointment; authoritative status is stored in this record.,2026-05-23T15:00:00+00:00
APT-001185,LEAD-001762,CUST-003089,VEH-008833,SP-001,2026-10-09,15:00,Trade-In Appraisal,Rescheduled,Website,Synthetic dealership appointment; authoritative status is stored in this record.,2026-08-17T15:00:00+00:00
APT-001186,LEAD-001722,CUST-001577,VEH-001069,SP-001,2026-07-08,08:30,Test Drive,No Show,Salesperson,Synthetic dealership appointment; authoritative status is stored in this record.,2026-06-22T15:00:00+00:00
APT-001187,LEAD-002415,CUST-004846,VEH-000623,SP-001,2026-04-28,13:00,Test Drive,Completed,Website,Synthetic dealership appointment; authoritative status is stored in this record.,2026-04-24T15:00:00+00:00
APT-001188,LEAD-002425,CUST-004483,VEH-006835,SP-002,2026-07-24,09:00,Test Drive,Completed,Voice Agent,Synthetic dealership appointment; authoritative status is stored in this record.,2026-07-19T15:00:00+00:00
APT-001189,LEAD-001663,CUST-000058,VEH-009306,SP-006,2026-09-09,11:30,Test Drive,Confirmed,Salesperson,Synthetic dealership appointment; authoritative status is stored in this record.,2026-08-07T15:00:00+00:00
APT-001190,LEAD-003745,CUST-001664,VEH-006295,SP-001,2026-10-09,16:00,Test Drive,Rescheduled,Customer Service,Synthetic dealership appointment; authoritative status is stored in this record.,2026-08-16T15:00:00+00:00
APT-001191,LEAD-002713,CUST-001769,VEH-003059,SP-008,2026-06-05,12:30,Virtual Consultation,Completed,Voice Agent,Synthetic dealership appointment; authoritative status is stored in this record.,2026-05-30T15:00:00+00:00
APT-001192,LEAD-003550,CUST-001056,VEH-009175,SP-002,2026-07-04,10:00,Test Drive,Completed,Voice Agent,Synthetic dealership appointment; authoritative status is stored in this record.,2026-06-29T15:00:00+00:00
APT-001193,LEAD-003809,CUST-001161,VEH-001138,SP-002,2026-10-09,12:00,Test Drive,Confirmed,Salesperson,Synthetic dealership appointment; authoritative status is stored in this record.,2026-08-12T15:00:00+00:00
APT-001194,LEAD-003564,CUST-003971,VEH-004102,SP-007,2026-09-06,09:30,Test Drive,Confirmed,Voice Agent,Synthetic dealership appointment; authoritative status is stored in this record.,2026-08-23T15:00:00+00:00
APT-001195,LEAD-002988,CUST-004424,VEH-006592,SP-002,2026-09-17,15:30,Test Drive,Confirmed,Salesperson,Synthetic dealership appointment; authoritative status is stored in this record.,2026-08-23T15:00:00+00:00
APT-001196,LEAD-002697,CUST-000674,VEH-000310,SP-007,2026-10-03,12:30,Test Drive,Confirmed,Customer Service,Synthetic dealership appointment; authoritative status is stored in this record.,2026-08-20T15:00:00+00:00
APT-001197,LEAD-002573,CUST-004979,VEH-002824,SP-006,2026-05-01,13:00,Trade-In Appraisal,Completed,Voice Agent,Synthetic dealership appointment; authoritative status is stored in this record.,2026-04-17T15:00:00+00:00
APT-001198,LEAD-003985,CUST-001054,VEH-000378,SP-001,2026-04-07,14:00,Trade-In Appraisal,Completed,Voice Agent,Synthetic dealership appointment; authoritative status is stored in this record.,2026-03-22T15:00:00+00:00
APT-001199,LEAD-003640,CUST-003332,VEH-008650,SP-001,2026-06-09,10:00,Test Drive,Cancelled,Voice Agent,Synthetic dealership appointment; authoritative status is stored in this record.,2026-06-02T15:00:00+00:00
APT-001200,LEAD-002825,CUST-004409,VEH-002606,SP-007,2026-09-05,10:00,Virtual Consultation,Confirmed,Voice Agent,Synthetic dealership appointment; authoritative status is stored in this record.,2026-08-11T15:00:00+00:00
APT-001201,LEAD-003268,CUST-004474,VEH-006095,SP-005,2026-03-31,17:30,Test Drive,Completed,Voice Agent,Synthetic dealership appointment; authoritative status is stored in this record.,2026-03-20T15:00:00+00:00
APT-001202,LEAD-000591,CUST-001339,VEH-008513,SP-005,2026-09-16,17:30,Financing Consultation,Requested,Salesperson,Synthetic dealership appointment; authoritative status is stored in this record.,2026-08-13T15:00:00+00:00
APT-001203,LEAD-001250,CUST-004576,VEH-006421,SP-006,2026-09-17,15:30,Test Drive,Requested,Voice Agent,Synthetic dealership appointment; authoritative status is stored in this record.,2026-08-13T15:00:00+00:00
APT-001204,LEAD-000234,CUST-001148,VEH-004158,SP-004,2026-06-06,10:00,Virtual Consultation,Completed,Customer Service,Synthetic dealership appointment; authoritative status is stored in this record.,2026-06-02T15:00:00+00:00
APT-001205,LEAD-000499,CUST-001633,VEH-001440,SP-006,2026-09-23,18:00,Virtual Consultation,Confirmed,Customer Service,Synthetic dealership appointment; authoritative status is stored in this record.,2026-08-08T15:00:00+00:00
APT-001206,LEAD-002514,CUST-003232,VEH-001845,SP-006,2026-09-17,11:30,Test Drive,Confirmed,Salesperson,Synthetic dealership appointment; authoritative status is stored in this record.,2026-08-16T15:00:00+00:00
APT-001207,LEAD-000046,CUST-000443,VEH-001150,SP-001,2026-09-24,12:30,Test Drive,Confirmed,Voice Agent,Synthetic dealership appointment; authoritative status is stored in this record.,2026-08-09T15:00:00+00:00
APT-001208,LEAD-000100,CUST-004652,VEH-002146,SP-006,2026-10-09,11:00,Test Drive,Confirmed,Salesperson,Synthetic dealership appointment; authoritative status is stored in this record.,2026-08-20T15:00:00+00:00
APT-001209,LEAD-003657,CUST-001057,VEH-008115,SP-008,2026-09-19,11:00,Test Drive,Confirmed,Customer Service,Synthetic dealership appointment; authoritative status is stored in this record.,2026-08-20T15:00:00+00:00
APT-001210,LEAD-003095,CUST-003586,VEH-005698,SP-001,2026-07-22,15:30,Test Drive,No Show,Customer Service,Synthetic dealership appointment; authoritative status is stored in this record.,2026-07-09T15:00:00+00:00
APT-001211,LEAD-001994,CUST-000390,VEH-009423,SP-006,2026-07-01,15:00,Test Drive,No Show,Salesperson,Synthetic dealership appointment; authoritative status is stored in this record.,2026-06-16T15:00:00+00:00
APT-001212,LEAD-000316,CUST-001759,VEH-007813,SP-007,2026-05-30,11:30,Trade-In Appraisal,Completed,Customer Service,Synthetic dealership appointment; authoritative status is stored in this record.,2026-05-11T15:00:00+00:00
APT-001213,LEAD-002691,CUST-002980,VEH-006006,SP-010,2026-09-16,16:30,Test Drive,Requested,Website,Synthetic dealership appointment; authoritative status is stored in this record.,2026-08-13T15:00:00+00:00
APT-001214,LEAD-003136,CUST-004649,VEH-002996,SP-006,2026-07-04,14:00,Trade-In Appraisal,Completed,Website,Synthetic dealership appointment; authoritative status is stored in this record.,2026-06-13T15:00:00+00:00
APT-001215,LEAD-001410,CUST-000143,VEH-002784,SP-010,2026-05-26,17:30,Trade-In Appraisal,Completed,Voice Agent,Synthetic dealership appointment; authoritative status is stored in this record.,2026-05-06T15:00:00+00:00
APT-001216,LEAD-002156,CUST-004135,VEH-004862,SP-005,2026-10-01,12:00,Test Drive,Requested,Website,Synthetic dealership appointment; authoritative status is stored in this record.,2026-08-16T15:00:00+00:00
APT-001217,LEAD-002927,CUST-002563,VEH-002736,SP-001,2026-08-14,09:00,Trade-In Appraisal,Completed,Voice Agent,Synthetic dealership appointment; authoritative status is stored in this record.,2026-07-26T15:00:00+00:00
APT-001218,LEAD-001501,CUST-001119,VEH-002450,SP-005,2026-09-18,09:00,Test Drive,Rescheduled,Website,Synthetic dealership appointment; authoritative status is stored in this record.,2026-08-11T15:00:00+00:00
APT-001219,LEAD-003743,CUST-003356,VEH-008412,SP-008,2026-05-10,13:00,Test Drive,Completed,Website,Synthetic dealership appointment; authoritative status is stored in this record.,2026-05-01T15:00:00+00:00
APT-001220,LEAD-000562,CUST-003151,VEH-001560,SP-007,2026-08-30,13:30,Test Drive,Confirmed,Website,Synthetic dealership appointment; authoritative status is stored in this record.,2026-08-10T15:00:00+00:00
APT-001221,LEAD-001964,CUST-004267,VEH-009449,SP-002,2026-07-10,11:00,Financing Consultation,Completed,Salesperson,Synthetic dealership appointment; authoritative status is stored in this record.,2026-07-03T15:00:00+00:00
APT-001222,LEAD-001584,CUST-000093,VEH-000905,SP-004,2026-08-01,16:30,Test Drive,Completed,Website,Synthetic dealership appointment; authoritative status is stored in this record.,2026-07-18T15:00:00+00:00
APT-001223,LEAD-002204,CUST-004856,VEH-004396,SP-006,2026-10-02,17:30,Test Drive,Requested,Voice Agent,Synthetic dealership appointment; authoritative status is stored in this record.,2026-08-22T15:00:00+00:00
APT-001224,LEAD-000443,CUST-000363,VEH-008615,SP-007,2026-06-21,13:00,Test Drive,Completed,Voice Agent,Synthetic dealership appointment; authoritative status is stored in this record.,2026-06-10T15:00:00+00:00
APT-001225,LEAD-001402,CUST-002617,VEH-009854,SP-002,2026-09-18,12:00,Virtual Consultation,Requested,Customer Service,Synthetic dealership appointment; authoritative status is stored in this record.,2026-08-09T15:00:00+00:00
APT-001226,LEAD-001879,CUST-001469,VEH-008689,SP-002,2026-05-13,14:30,Test Drive,Cancelled,Salesperson,Synthetic dealership appointment; authoritative status is stored in this record.,2026-04-23T15:00:00+00:00
APT-001227,LEAD-000501,CUST-004341,VEH-002629,SP-006,2026-09-22,15:30,Trade-In Appraisal,Confirmed,Website,Synthetic dealership appointment; authoritative status is stored in this record.,2026-08-19T15:00:00+00:00
APT-001228,LEAD-003354,CUST-003634,VEH-008539,SP-001,2026-06-08,11:30,Trade-In Appraisal,No Show,Website,Synthetic dealership appointment; authoritative status is stored in this record.,2026-05-29T15:00:00+00:00
APT-001229,LEAD-001401,CUST-000811,VEH-001572,SP-002,2026-06-02,16:00,Test Drive,Completed,Website,Synthetic dealership appointment; authoritative status is stored in this record.,2026-05-22T15:00:00+00:00
APT-001230,LEAD-003373,CUST-002393,VEH-006731,SP-010,2026-09-22,09:00,Test Drive,Confirmed,Voice Agent,Synthetic dealership appointment; authoritative status is stored in this record.,2026-08-17T15:00:00+00:00
APT-001231,LEAD-002180,CUST-000728,VEH-009951,SP-006,2026-04-30,13:30,Test Drive,Cancelled,Website,Synthetic dealership appointment; authoritative status is stored in this record.,2026-04-19T15:00:00+00:00
APT-001232,LEAD-000848,CUST-001434,VEH-009501,SP-002,2026-05-01,09:00,Test Drive,Completed,Voice Agent,Synthetic dealership appointment; authoritative status is stored in this record.,2026-04-24T15:00:00+00:00
APT-001233,LEAD-002890,CUST-001027,VEH-003434,SP-002,2026-05-19,15:30,Virtual Consultation,No Show,Voice Agent,Synthetic dealership appointment; authoritative status is stored in this record.,2026-04-30T15:00:00+00:00
APT-001234,LEAD-001897,CUST-001930,VEH-004069,SP-006,2026-07-07,11:00,Test Drive,Cancelled,Voice Agent,Synthetic dealership appointment; authoritative status is stored in this record.,2026-06-18T15:00:00+00:00
APT-001235,LEAD-000043,CUST-003165,VEH-000226,SP-007,2026-09-20,10:00,Test Drive,Confirmed,Salesperson,Synthetic dealership appointment; authoritative status is stored in this record.,2026-08-17T15:00:00+00:00
APT-001236,LEAD-001378,CUST-004041,VEH-005254,SP-007,2026-09-12,15:00,Test Drive,Confirmed,Website,Synthetic dealership appointment; authoritative status is stored in this record.,2026-08-08T15:00:00+00:00
APT-001237,LEAD-002803,CUST-001530,VEH-004421,SP-008,2026-09-18,17:30,Test Drive,Rescheduled,Website,Synthetic dealership appointment; authoritative status is stored in this record.,2026-08-04T15:00:00+00:00
APT-001238,LEAD-003041,CUST-002190,VEH-002326,SP-006,2026-05-02,13:00,Trade-In Appraisal,Completed,Voice Agent,Synthetic dealership appointment; authoritative status is stored in this record.,2026-04-12T15:00:00+00:00
APT-001239,LEAD-000773,CUST-003431,VEH-005931,SP-007,2026-06-27,16:30,Test Drive,Cancelled,Customer Service,Synthetic dealership appointment; authoritative status is stored in this record.,2026-06-09T15:00:00+00:00
APT-001240,LEAD-001407,CUST-004355,VEH-002051,SP-006,2026-09-12,15:30,Test Drive,Confirmed,Website,Synthetic dealership appointment; authoritative status is stored in this record.,2026-08-07T15:00:00+00:00
APT-001241,LEAD-003447,CUST-004577,VEH-007065,SP-006,2026-06-16,15:30,Financing Consultation,Completed,Voice Agent,Synthetic dealership appointment; authoritative status is stored in this record.,2026-05-26T15:00:00+00:00
APT-001242,LEAD-002141,CUST-001694,VEH-007544,SP-001,2026-05-06,12:30,Test Drive,No Show,Voice Agent,Synthetic dealership appointment; authoritative status is stored in this record.,2026-04-30T15:00:00+00:00
APT-001243,LEAD-003492,CUST-002277,VEH-003247,SP-007,2026-09-27,17:00,Test Drive,Requested,Salesperson,Synthetic dealership appointment; authoritative status is stored in this record.,2026-08-06T15:00:00+00:00
APT-001244,LEAD-003956,CUST-000067,VEH-004809,SP-004,2026-08-21,16:30,Test Drive,Completed,Website,Synthetic dealership appointment; authoritative status is stored in this record.,2026-08-16T15:00:00+00:00
APT-001245,LEAD-003622,CUST-000392,VEH-002470,SP-006,2026-07-03,15:00,Test Drive,Completed,Customer Service,Synthetic dealership appointment; authoritative status is stored in this record.,2026-06-21T15:00:00+00:00
APT-001246,LEAD-000600,CUST-002465,VEH-005462,SP-001,2026-08-26,11:00,Trade-In Appraisal,Rescheduled,Voice Agent,Synthetic dealership appointment; authoritative status is stored in this record.,2026-08-25T15:00:00+00:00
APT-001247,LEAD-002870,CUST-002299,VEH-005180,SP-001,2026-08-11,16:30,Virtual Consultation,Completed,Customer Service,Synthetic dealership appointment; authoritative status is stored in this record.,2026-07-21T15:00:00+00:00
APT-001248,LEAD-002787,CUST-000031,VEH-009873,SP-001,2026-04-14,09:30,Test Drive,Completed,Customer Service,Synthetic dealership appointment; authoritative status is stored in this record.,2026-04-10T15:00:00+00:00
APT-001249,LEAD-000413,CUST-002708,VEH-007713,SP-001,2026-07-21,16:30,Test Drive,Completed,Voice Agent,Synthetic dealership appointment; authoritative status is stored in this record.,2026-07-08T15:00:00+00:00
APT-001250,LEAD-001708,CUST-000094,VEH-006801,SP-003,2026-04-22,10:30,Virtual Consultation,Completed,Customer Service,Synthetic dealership appointment; authoritative status is stored in this record.,2026-04-16T15:00:00+00:00
APT-001251,LEAD-003012,CUST-002879,VEH-000233,SP-001,2026-04-15,12:00,Test Drive,Completed,Salesperson,Synthetic dealership appointment; authoritative status is stored in this record.,2026-03-28T15:00:00+00:00
APT-001252,LEAD-003718,CUST-003071,VEH-008841,SP-001,2026-09-01,10:00,Test Drive,Rescheduled,Website,Synthetic dealership appointment; authoritative status is stored in this record.,2026-08-10T15:00:00+00:00
APT-001253,LEAD-000574,CUST-002187,VEH-005771,SP-007,2026-09-06,17:00,Test Drive,Requested,Voice Agent,Synthetic dealership appointment; authoritative status is stored in this record.,2026-08-25T15:00:00+00:00
APT-001254,LEAD-001224,CUST-003509,VEH-004327,SP-006,2026-10-08,13:00,Test Drive,Requested,Voice Agent,Synthetic dealership appointment; authoritative status is stored in this record.,2026-08-04T15:00:00+00:00
APT-001255,LEAD-001562,CUST-002957,VEH-001456,SP-005,2026-09-22,11:30,Test Drive,Confirmed,Customer Service,Synthetic dealership appointment; authoritative status is stored in this record.,2026-08-10T15:00:00+00:00
APT-001256,LEAD-000006,CUST-000008,VEH-006580,SP-007,2026-10-03,09:30,Trade-In Appraisal,Confirmed,Website,Synthetic dealership appointment; authoritative status is stored in this record.,2026-08-07T15:00:00+00:00
APT-001257,LEAD-000503,CUST-003677,VEH-009102,SP-001,2026-09-07,12:00,Test Drive,Confirmed,Website,Synthetic dealership appointment; authoritative status is stored in this record.,2026-08-19T15:00:00+00:00
APT-001258,LEAD-000219,CUST-004647,VEH-003317,SP-001,2026-09-09,09:30,Virtual Consultation,Confirmed,Customer Service,Synthetic dealership appointment; authoritative status is stored in this record.,2026-08-20T15:00:00+00:00
APT-001259,LEAD-000004,CUST-001971,VEH-006638,SP-007,2026-04-11,15:00,Test Drive,Completed,Salesperson,Synthetic dealership appointment; authoritative status is stored in this record.,2026-03-25T15:00:00+00:00
APT-001260,LEAD-001080,CUST-003802,VEH-004421,SP-004,2026-09-04,13:30,Financing Consultation,Confirmed,Voice Agent,Synthetic dealership appointment; authoritative status is stored in this record.,2026-08-23T15:00:00+00:00
APT-001261,LEAD-001676,CUST-001569,VEH-005327,SP-005,2026-07-25,13:00,Test Drive,Cancelled,Customer Service,Synthetic dealership appointment; authoritative status is stored in this record.,2026-07-07T15:00:00+00:00
APT-001262,LEAD-002931,CUST-001278,VEH-005878,SP-003,2026-08-07,16:30,Test Drive,Completed,Voice Agent,Synthetic dealership appointment; authoritative status is stored in this record.,2026-07-19T15:00:00+00:00
APT-001263,LEAD-000472,CUST-003056,VEH-007298,SP-005,2026-03-28,12:30,Test Drive,Completed,Voice Agent,Synthetic dealership appointment; authoritative status is stored in this record.,2026-03-27T15:00:00+00:00
APT-001264,LEAD-000993,CUST-004139,VEH-007933,SP-005,2026-03-28,10:00,Test Drive,Cancelled,Salesperson,Synthetic dealership appointment; authoritative status is stored in this record.,2026-03-18T15:00:00+00:00
APT-001265,LEAD-003414,CUST-002920,VEH-005072,SP-006,2026-05-29,12:30,Test Drive,Completed,Website,Synthetic dealership appointment; authoritative status is stored in this record.,2026-05-25T15:00:00+00:00
APT-001266,LEAD-000364,CUST-002788,VEH-008144,SP-001,2026-07-09,10:30,Test Drive,Cancelled,Voice Agent,Synthetic dealership appointment; authoritative status is stored in this record.,2026-06-23T15:00:00+00:00
APT-001267,LEAD-000149,CUST-001312,VEH-002642,SP-001,2026-04-30,11:00,Test Drive,No Show,Customer Service,Synthetic dealership appointment; authoritative status is stored in this record.,2026-04-15T15:00:00+00:00
APT-001268,LEAD-002569,CUST-004169,VEH-002015,SP-005,2026-07-18,10:30,Financing Consultation,Completed,Customer Service,Synthetic dealership appointment; authoritative status is stored in this record.,2026-07-01T15:00:00+00:00
APT-001269,LEAD-002413,CUST-003150,VEH-006632,SP-005,2026-09-10,10:30,Test Drive,Requested,Website,Synthetic dealership appointment; authoritative status is stored in this record.,2026-08-10T15:00:00+00:00
APT-001270,LEAD-003750,CUST-002292,VEH-000229,SP-006,2026-04-23,10:30,Test Drive,Completed,Salesperson,Synthetic dealership appointment; authoritative status is stored in this record.,2026-04-12T15:00:00+00:00
APT-001271,LEAD-003196,CUST-004638,VEH-006068,SP-006,2026-05-28,16:30,Trade-In Appraisal,Completed,Salesperson,Synthetic dealership appointment; authoritative status is stored in this record.,2026-05-16T15:00:00+00:00
APT-001272,LEAD-000023,CUST-003472,VEH-004109,SP-010,2026-05-14,11:00,Test Drive,Completed,Website,Synthetic dealership appointment; authoritative status is stored in this record.,2026-05-09T15:00:00+00:00
APT-001273,LEAD-003751,CUST-000074,VEH-008281,SP-001,2026-06-29,10:00,Test Drive,No Show,Salesperson,Synthetic dealership appointment; authoritative status is stored in this record.,2026-06-26T15:00:00+00:00
APT-001274,LEAD-002754,CUST-002255,VEH-004804,SP-001,2026-09-18,08:30,Test Drive,Requested,Website,Synthetic dealership appointment; authoritative status is stored in this record.,2026-08-14T15:00:00+00:00
APT-001275,LEAD-000273,CUST-000006,VEH-009046,SP-002,2026-05-02,17:00,Trade-In Appraisal,Completed,Salesperson,Synthetic dealership appointment; authoritative status is stored in this record.,2026-04-19T15:00:00+00:00
APT-001276,LEAD-003472,CUST-001535,VEH-008167,SP-002,2026-04-10,12:30,Test Drive,Completed,Website,Synthetic dealership appointment; authoritative status is stored in this record.,2026-04-05T15:00:00+00:00
APT-001277,LEAD-003994,CUST-002449,VEH-000602,SP-001,2026-09-08,15:30,Trade-In Appraisal,Confirmed,Voice Agent,Synthetic dealership appointment; authoritative status is stored in this record.,2026-08-14T15:00:00+00:00
APT-001278,LEAD-001924,CUST-002161,VEH-000887,SP-003,2026-08-26,15:30,Test Drive,Requested,Salesperson,Synthetic dealership appointment; authoritative status is stored in this record.,2026-08-14T15:00:00+00:00
APT-001279,LEAD-003963,CUST-000158,VEH-003365,SP-006,2026-09-04,14:30,Trade-In Appraisal,Confirmed,Website,Synthetic dealership appointment; authoritative status is stored in this record.,2026-08-13T15:00:00+00:00
APT-001280,LEAD-001015,CUST-001020,VEH-003996,SP-005,2026-06-27,11:30,Test Drive,Completed,Website,Synthetic dealership appointment; authoritative status is stored in this record.,2026-06-11T15:00:00+00:00
APT-001281,LEAD-002343,CUST-004013,VEH-004907,SP-008,2026-06-13,14:30,Test Drive,Cancelled,Website,Synthetic dealership appointment; authoritative status is stored in this record.,2026-05-31T15:00:00+00:00
APT-001282,LEAD-000682,CUST-001178,VEH-002502,SP-001,2026-07-23,09:30,Test Drive,Cancelled,Voice Agent,Synthetic dealership appointment; authoritative status is stored in this record.,2026-07-05T15:00:00+00:00
APT-001283,LEAD-002537,CUST-004699,VEH-000858,SP-006,2026-06-13,18:00,Test Drive,No Show,Customer Service,Synthetic dealership appointment; authoritative status is stored in this record.,2026-05-27T15:00:00+00:00
APT-001284,LEAD-001007,CUST-003972,VEH-009327,SP-001,2026-08-27,11:30,Test Drive,Rescheduled,Website,Synthetic dealership appointment; authoritative status is stored in this record.,2026-08-22T15:00:00+00:00
APT-001285,LEAD-000278,CUST-003087,VEH-008198,SP-007,2026-09-12,16:30,Test Drive,Confirmed,Customer Service,Synthetic dealership appointment; authoritative status is stored in this record.,2026-08-11T15:00:00+00:00
APT-001286,LEAD-001394,CUST-001021,VEH-000867,SP-006,2026-07-08,11:30,Trade-In Appraisal,Completed,Voice Agent,Synthetic dealership appointment; authoritative status is stored in this record.,2026-06-28T15:00:00+00:00
APT-001287,LEAD-003412,CUST-003580,VEH-008691,SP-001,2026-09-29,09:00,Test Drive,Confirmed,Salesperson,Synthetic dealership appointment; authoritative status is stored in this record.,2026-08-10T15:00:00+00:00
APT-001288,LEAD-002904,CUST-001092,VEH-007924,SP-005,2026-09-09,15:00,Financing Consultation,Confirmed,Voice Agent,Synthetic dealership appointment; authoritative status is stored in this record.,2026-08-21T15:00:00+00:00
APT-001289,LEAD-002559,CUST-001083,VEH-005092,SP-001,2026-10-01,14:00,Test Drive,Rescheduled,Website,Synthetic dealership appointment; authoritative status is stored in this record.,2026-08-05T15:00:00+00:00
APT-001290,LEAD-003252,CUST-003954,VEH-007427,SP-002,2026-09-03,12:30,Test Drive,Confirmed,Salesperson,Synthetic dealership appointment; authoritative status is stored in this record.,2026-08-19T15:00:00+00:00
APT-001291,LEAD-003150,CUST-001532,VEH-009303,SP-001,2026-09-09,08:30,Test Drive,Requested,Salesperson,Synthetic dealership appointment; authoritative status is stored in this record.,2026-08-04T15:00:00+00:00
APT-001292,LEAD-003033,CUST-001638,VEH-003283,SP-001,2026-06-01,12:00,Financing Consultation,Completed,Customer Service,Synthetic dealership appointment; authoritative status is stored in this record.,2026-05-23T15:00:00+00:00
APT-001293,LEAD-000222,CUST-004599,VEH-009971,SP-001,2026-06-16,12:00,Trade-In Appraisal,No Show,Voice Agent,Synthetic dealership appointment; authoritative status is stored in this record.,2026-06-11T15:00:00+00:00
APT-001294,LEAD-003692,CUST-002414,VEH-001610,SP-001,2026-09-21,14:00,Test Drive,Requested,Salesperson,Synthetic dealership appointment; authoritative status is stored in this record.,2026-08-05T15:00:00+00:00
APT-001295,LEAD-000586,CUST-003048,VEH-004129,SP-001,2026-09-22,11:30,Test Drive,Requested,Salesperson,Synthetic dealership appointment; authoritative status is stored in this record.,2026-08-20T15:00:00+00:00
APT-001296,LEAD-002387,CUST-002102,VEH-009354,SP-006,2026-04-04,18:30,Test Drive,Completed,Customer Service,Synthetic dealership appointment; authoritative status is stored in this record.,2026-03-28T15:00:00+00:00
APT-001297,LEAD-001900,CUST-001522,VEH-006416,SP-007,2026-09-20,12:30,Test Drive,Confirmed,Voice Agent,Synthetic dealership appointment; authoritative status is stored in this record.,2026-08-09T15:00:00+00:00
APT-001298,LEAD-003724,CUST-003340,VEH-006840,SP-007,2026-09-05,17:30,Test Drive,Confirmed,Website,Synthetic dealership appointment; authoritative status is stored in this record.,2026-08-21T15:00:00+00:00
APT-001299,LEAD-001065,CUST-003698,VEH-001189,SP-006,2026-09-26,17:00,Test Drive,Confirmed,Voice Agent,Synthetic dealership appointment; authoritative status is stored in this record.,2026-08-13T15:00:00+00:00
APT-001300,LEAD-000027,CUST-000356,VEH-007064,SP-005,2026-04-14,12:30,Test Drive,Completed,Website,Synthetic dealership appointment; authoritative status is stored in this record.,2026-04-06T15:00:00+00:00
APT-001301,LEAD-003598,CUST-003318,VEH-000013,SP-008,2026-09-11,10:30,Test Drive,Confirmed,Customer Service,Synthetic dealership appointment; authoritative status is stored in this record.,2026-08-14T15:00:00+00:00
APT-001302,LEAD-000856,CUST-000959,VEH-007258,SP-006,2026-09-10,14:30,Test Drive,Confirmed,Website,Synthetic dealership appointment; authoritative status is stored in this record.,2026-08-15T15:00:00+00:00
APT-001303,LEAD-000538,CUST-002670,VEH-005105,SP-001,2026-09-02,12:00,Trade-In Appraisal,Confirmed,Voice Agent,Synthetic dealership appointment; authoritative status is stored in this record.,2026-08-22T15:00:00+00:00
APT-001304,LEAD-000489,CUST-001948,VEH-005148,SP-005,2026-08-28,13:00,Financing Consultation,Confirmed,Voice Agent,Synthetic dealership appointment; authoritative status is stored in this record.,2026-08-11T15:00:00+00:00
APT-001305,LEAD-003415,CUST-001159,VEH-000732,SP-010,2026-04-14,10:30,Test Drive,Cancelled,Salesperson,Synthetic dealership appointment; authoritative status is stored in this record.,2026-03-30T15:00:00+00:00
APT-001306,LEAD-002777,CUST-002020,VEH-007204,SP-005,2026-10-08,10:00,Virtual Consultation,Confirmed,Voice Agent,Synthetic dealership appointment; authoritative status is stored in this record.,2026-08-15T15:00:00+00:00
APT-001307,LEAD-003404,CUST-000771,VEH-006894,SP-006,2026-07-29,17:00,Test Drive,Completed,Salesperson,Synthetic dealership appointment; authoritative status is stored in this record.,2026-07-21T15:00:00+00:00
APT-001308,LEAD-001635,CUST-003254,VEH-004817,SP-001,2026-06-04,15:00,Test Drive,Completed,Salesperson,Synthetic dealership appointment; authoritative status is stored in this record.,2026-05-21T15:00:00+00:00
APT-001309,LEAD-003405,CUST-002829,VEH-009705,SP-001,2026-08-12,10:30,Test Drive,Completed,Salesperson,Synthetic dealership appointment; authoritative status is stored in this record.,2026-07-27T15:00:00+00:00
APT-001310,LEAD-001974,CUST-001443,VEH-005236,SP-006,2026-09-22,11:30,Test Drive,Rescheduled,Salesperson,Synthetic dealership appointment; authoritative status is stored in this record.,2026-08-05T15:00:00+00:00
APT-001311,LEAD-000085,CUST-000313,VEH-008393,SP-001,2026-09-18,16:30,Test Drive,Confirmed,Voice Agent,Synthetic dealership appointment; authoritative status is stored in this record.,2026-08-16T15:00:00+00:00
APT-001312,LEAD-000015,CUST-001420,VEH-009268,SP-006,2026-08-22,12:00,Test Drive,Completed,Voice Agent,Synthetic dealership appointment; authoritative status is stored in this record.,2026-08-04T15:00:00+00:00
APT-001313,LEAD-003311,CUST-002864,VEH-008067,SP-001,2026-09-15,12:30,Test Drive,Rescheduled,Salesperson,Synthetic dealership appointment; authoritative status is stored in this record.,2026-08-14T15:00:00+00:00
APT-001314,LEAD-001598,CUST-000943,VEH-007467,SP-005,2026-09-01,16:00,Financing Consultation,Confirmed,Salesperson,Synthetic dealership appointment; authoritative status is stored in this record.,2026-08-06T15:00:00+00:00
APT-001315,LEAD-003467,CUST-001753,VEH-006123,SP-003,2026-09-14,13:30,Trade-In Appraisal,Rescheduled,Salesperson,Synthetic dealership appointment; authoritative status is stored in this record.,2026-08-19T15:00:00+00:00
APT-001316,LEAD-002684,CUST-002907,VEH-005937,SP-005,2026-07-09,17:00,Test Drive,Completed,Salesperson,Synthetic dealership appointment; authoritative status is stored in this record.,2026-06-27T15:00:00+00:00
APT-001317,LEAD-001559,CUST-002212,VEH-004515,SP-006,2026-06-18,17:30,Trade-In Appraisal,Completed,Voice Agent,Synthetic dealership appointment; authoritative status is stored in this record.,2026-06-05T15:00:00+00:00
APT-001318,LEAD-002539,CUST-001234,VEH-000411,SP-001,2026-10-09,08:30,Test Drive,Requested,Voice Agent,Synthetic dealership appointment; authoritative status is stored in this record.,2026-08-10T15:00:00+00:00
APT-001319,LEAD-002447,CUST-004992,VEH-002459,SP-003,2026-09-08,17:30,Virtual Consultation,Confirmed,Website,Synthetic dealership appointment; authoritative status is stored in this record.,2026-08-15T15:00:00+00:00
APT-001320,LEAD-002709,CUST-003934,VEH-005865,SP-006,2026-09-04,13:00,Test Drive,Confirmed,Salesperson,Synthetic dealership appointment; authoritative status is stored in this record.,2026-08-05T15:00:00+00:00
APT-001321,LEAD-003143,CUST-004533,VEH-005508,SP-007,2026-08-30,11:30,Financing Consultation,Confirmed,Salesperson,Synthetic dealership appointment; authoritative status is stored in this record.,2026-08-20T15:00:00+00:00
APT-001322,LEAD-001544,CUST-000882,VEH-003448,SP-005,2026-07-13,17:30,Test Drive,Completed,Voice Agent,Synthetic dealership appointment; authoritative status is stored in this record.,2026-06-23T15:00:00+00:00
APT-001323,LEAD-002255,CUST-002602,VEH-002708,SP-005,2026-09-21,15:30,Test Drive,Confirmed,Salesperson,Synthetic dealership appointment; authoritative status is stored in this record.,2026-08-13T15:00:00+00:00
APT-001324,LEAD-003034,CUST-000907,VEH-005803,SP-006,2026-08-18,10:30,Test Drive,Cancelled,Salesperson,Synthetic dealership appointment; authoritative status is stored in this record.,2026-08-08T15:00:00+00:00
APT-001325,LEAD-002619,CUST-001230,VEH-002638,SP-006,2026-09-04,12:00,Financing Consultation,Confirmed,Website,Synthetic dealership appointment; authoritative status is stored in this record.,2026-08-13T15:00:00+00:00
APT-001326,LEAD-002005,CUST-000176,VEH-001295,SP-010,2026-10-07,14:00,Financing Consultation,Confirmed,Customer Service,Synthetic dealership appointment; authoritative status is stored in this record.,2026-08-19T15:00:00+00:00
APT-001327,LEAD-001226,CUST-004500,VEH-002609,SP-007,2026-07-18,14:00,Test Drive,Completed,Website,Synthetic dealership appointment; authoritative status is stored in this record.,2026-07-17T15:00:00+00:00
APT-001328,LEAD-002267,CUST-001496,VEH-003516,SP-002,2026-09-08,13:30,Virtual Consultation,Requested,Website,Synthetic dealership appointment; authoritative status is stored in this record.,2026-08-25T15:00:00+00:00
APT-001329,LEAD-000991,CUST-002540,VEH-009504,SP-005,2026-04-01,13:30,Financing Consultation,Completed,Voice Agent,Synthetic dealership appointment; authoritative status is stored in this record.,2026-03-20T15:00:00+00:00
APT-001330,LEAD-003044,CUST-001490,VEH-008837,SP-006,2026-07-25,13:30,Financing Consultation,Cancelled,Website,Synthetic dealership appointment; authoritative status is stored in this record.,2026-07-07T15:00:00+00:00
APT-001331,LEAD-000078,CUST-000918,VEH-009105,SP-007,2026-08-23,12:00,Test Drive,Cancelled,Customer Service,Synthetic dealership appointment; authoritative status is stored in this record.,2026-08-05T15:00:00+00:00
APT-001332,LEAD-003149,CUST-004676,VEH-007060,SP-002,2026-05-20,13:30,Trade-In Appraisal,Completed,Website,Synthetic dealership appointment; authoritative status is stored in this record.,2026-05-05T15:00:00+00:00
APT-001333,LEAD-002635,CUST-003899,VEH-007649,SP-006,2026-09-25,13:00,Test Drive,Requested,Customer Service,Synthetic dealership appointment; authoritative status is stored in this record.,2026-08-08T15:00:00+00:00
APT-001334,LEAD-003339,CUST-002625,VEH-006534,SP-005,2026-07-13,16:30,Test Drive,Cancelled,Voice Agent,Synthetic dealership appointment; authoritative status is stored in this record.,2026-06-24T15:00:00+00:00
APT-001335,LEAD-003129,CUST-001225,VEH-001385,SP-005,2026-10-08,09:30,Test Drive,Rescheduled,Website,Synthetic dealership appointment; authoritative status is stored in this record.,2026-08-18T15:00:00+00:00
APT-001336,LEAD-000259,CUST-000010,VEH-002054,SP-005,2026-08-26,09:30,Test Drive,Confirmed,Website,Synthetic dealership appointment; authoritative status is stored in this record.,2026-08-25T15:00:00+00:00
APT-001337,LEAD-000954,CUST-004294,VEH-003557,SP-006,2026-09-24,16:00,Trade-In Appraisal,Confirmed,Customer Service,Synthetic dealership appointment; authoritative status is stored in this record.,2026-08-22T15:00:00+00:00
APT-001338,LEAD-000377,CUST-000011,VEH-003361,SP-007,2026-07-18,09:00,Financing Consultation,Cancelled,Customer Service,Synthetic dealership appointment; authoritative status is stored in this record.,2026-06-28T15:00:00+00:00
APT-001339,LEAD-003091,CUST-001684,VEH-002774,SP-001,2026-06-29,13:00,Financing Consultation,Completed,Salesperson,Synthetic dealership appointment; authoritative status is stored in this record.,2026-06-18T15:00:00+00:00
APT-001340,LEAD-000862,CUST-000967,VEH-000365,SP-007,2026-06-06,14:30,Test Drive,Completed,Voice Agent,Synthetic dealership appointment; authoritative status is stored in this record.,2026-05-30T15:00:00+00:00
APT-001341,LEAD-003733,CUST-002154,VEH-001332,SP-003,2026-10-05,15:00,Financing Consultation,Confirmed,Salesperson,Synthetic dealership appointment; authoritative status is stored in this record.,2026-08-24T15:00:00+00:00
APT-001342,LEAD-001846,CUST-001439,VEH-003100,SP-005,2026-09-04,16:30,Virtual Consultation,Rescheduled,Customer Service,Synthetic dealership appointment; authoritative status is stored in this record.,2026-08-22T15:00:00+00:00
APT-001343,LEAD-001697,CUST-000405,VEH-009156,SP-007,2026-09-27,13:30,Financing Consultation,Confirmed,Voice Agent,Synthetic dealership appointment; authoritative status is stored in this record.,2026-08-22T15:00:00+00:00
APT-001344,LEAD-000881,CUST-001864,VEH-000011,SP-007,2026-04-25,15:30,Test Drive,Completed,Customer Service,Synthetic dealership appointment; authoritative status is stored in this record.,2026-04-06T15:00:00+00:00
APT-001345,LEAD-003086,CUST-002359,VEH-000897,SP-001,2026-09-23,16:30,Test Drive,Requested,Customer Service,Synthetic dealership appointment; authoritative status is stored in this record.,2026-08-05T15:00:00+00:00
APT-001346,LEAD-000960,CUST-002893,VEH-004388,SP-006,2026-09-08,10:00,Test Drive,Confirmed,Voice Agent,Synthetic dealership appointment; authoritative status is stored in this record.,2026-08-05T15:00:00+00:00
APT-001347,LEAD-002838,CUST-003051,VEH-003551,SP-001,2026-08-27,09:00,Test Drive,Rescheduled,Voice Agent,Synthetic dealership appointment; authoritative status is stored in this record.,2026-08-19T15:00:00+00:00
APT-001348,LEAD-001677,CUST-002115,VEH-008127,SP-007,2026-08-01,13:00,Test Drive,No Show,Voice Agent,Synthetic dealership appointment; authoritative status is stored in this record.,2026-07-29T15:00:00+00:00
APT-001349,LEAD-001171,CUST-000700,VEH-009874,SP-004,2026-06-07,18:30,Test Drive,Cancelled,Voice Agent,Synthetic dealership appointment; authoritative status is stored in this record.,2026-05-21T15:00:00+00:00
APT-001350,LEAD-000433,CUST-002531,VEH-006625,SP-001,2026-03-30,15:30,Test Drive,Completed,Customer Service,Synthetic dealership appointment; authoritative status is stored in this record.,2026-03-23T15:00:00+00:00
APT-001351,LEAD-003632,CUST-004937,VEH-009428,SP-006,2026-08-22,13:30,Test Drive,Cancelled,Salesperson,Synthetic dealership appointment; authoritative status is stored in this record.,2026-08-11T15:00:00+00:00
APT-001352,LEAD-001607,CUST-000689,VEH-009271,SP-001,2026-07-14,10:30,Test Drive,No Show,Customer Service,Synthetic dealership appointment; authoritative status is stored in this record.,2026-06-27T15:00:00+00:00
APT-001353,LEAD-001913,CUST-003345,VEH-007598,SP-001,2026-08-06,12:00,Trade-In Appraisal,Completed,Customer Service,Synthetic dealership appointment; authoritative status is stored in this record.,2026-07-20T15:00:00+00:00
APT-001354,LEAD-002206,CUST-001911,VEH-008604,SP-008,2026-09-26,11:00,Test Drive,Confirmed,Voice Agent,Synthetic dealership appointment; authoritative status is stored in this record.,2026-08-07T15:00:00+00:00
APT-001355,LEAD-002114,CUST-004705,VEH-001141,SP-006,2026-08-07,15:00,Test Drive,Completed,Voice Agent,Synthetic dealership appointment; authoritative status is stored in this record.,2026-07-27T15:00:00+00:00
APT-001356,LEAD-003973,CUST-004904,VEH-003004,SP-001,2026-09-24,11:30,Financing Consultation,Confirmed,Salesperson,Synthetic dealership appointment; authoritative status is stored in this record.,2026-08-10T15:00:00+00:00
APT-001357,LEAD-001641,CUST-002751,VEH-001146,SP-005,2026-07-28,13:30,Virtual Consultation,Cancelled,Salesperson,Synthetic dealership appointment; authoritative status is stored in this record.,2026-07-27T15:00:00+00:00
APT-001358,LEAD-000190,CUST-001600,VEH-001544,SP-001,2026-05-04,09:30,Trade-In Appraisal,Cancelled,Voice Agent,Synthetic dealership appointment; authoritative status is stored in this record.,2026-04-30T15:00:00+00:00
APT-001359,LEAD-001277,CUST-001459,VEH-004077,SP-001,2026-09-29,09:30,Test Drive,Confirmed,Voice Agent,Synthetic dealership appointment; authoritative status is stored in this record.,2026-08-21T15:00:00+00:00
APT-001360,LEAD-001244,CUST-003507,VEH-008055,SP-006,2026-10-03,12:00,Financing Consultation,Confirmed,Salesperson,Synthetic dealership appointment; authoritative status is stored in this record.,2026-08-25T15:00:00+00:00
APT-001361,LEAD-002198,CUST-003066,VEH-003231,SP-005,2026-09-23,10:30,Financing Consultation,Requested,Voice Agent,Synthetic dealership appointment; authoritative status is stored in this record.,2026-08-09T15:00:00+00:00
APT-001362,LEAD-003777,CUST-001198,VEH-007911,SP-001,2026-04-14,10:30,Financing Consultation,Cancelled,Website,Synthetic dealership appointment; authoritative status is stored in this record.,2026-04-04T15:00:00+00:00
APT-001363,LEAD-003644,CUST-000994,VEH-008697,SP-007,2026-10-04,15:00,Test Drive,Requested,Voice Agent,Synthetic dealership appointment; authoritative status is stored in this record.,2026-08-13T15:00:00+00:00
APT-001364,LEAD-001951,CUST-003907,VEH-002055,SP-001,2026-08-26,08:30,Test Drive,Requested,Voice Agent,Synthetic dealership appointment; authoritative status is stored in this record.,2026-08-21T15:00:00+00:00
APT-001365,LEAD-001755,CUST-001325,VEH-000988,SP-006,2026-07-10,14:30,Test Drive,Cancelled,Website,Synthetic dealership appointment; authoritative status is stored in this record.,2026-07-08T15:00:00+00:00
APT-001366,LEAD-003680,CUST-001480,VEH-006413,SP-001,2026-04-24,12:30,Test Drive,Completed,Voice Agent,Synthetic dealership appointment; authoritative status is stored in this record.,2026-04-10T15:00:00+00:00
APT-001367,LEAD-003568,CUST-002112,VEH-009773,SP-001,2026-08-06,11:00,Test Drive,No Show,Customer Service,Synthetic dealership appointment; authoritative status is stored in this record.,2026-08-05T15:00:00+00:00
APT-001368,LEAD-002177,CUST-003475,VEH-001063,SP-005,2026-05-08,16:00,Financing Consultation,Cancelled,Salesperson,Synthetic dealership appointment; authoritative status is stored in this record.,2026-04-28T15:00:00+00:00
APT-001369,LEAD-000293,CUST-001978,VEH-004566,SP-005,2026-09-09,17:30,Financing Consultation,Confirmed,Customer Service,Synthetic dealership appointment; authoritative status is stored in this record.,2026-08-21T15:00:00+00:00
APT-001370,LEAD-001855,CUST-001045,VEH-004151,SP-005,2026-04-15,09:30,Financing Consultation,Completed,Website,Synthetic dealership appointment; authoritative status is stored in this record.,2026-04-09T15:00:00+00:00
APT-001371,LEAD-000498,CUST-002482,VEH-000853,SP-005,2026-09-12,14:00,Virtual Consultation,Confirmed,Voice Agent,Synthetic dealership appointment; authoritative status is stored in this record.,2026-08-21T15:00:00+00:00
APT-001372,LEAD-000989,CUST-000630,VEH-008778,SP-007,2026-09-26,11:00,Virtual Consultation,Confirmed,Website,Synthetic dealership appointment; authoritative status is stored in this record.,2026-08-19T15:00:00+00:00
APT-001373,LEAD-000570,CUST-004450,VEH-006433,SP-001,2026-09-18,13:00,Test Drive,Requested,Voice Agent,Synthetic dealership appointment; authoritative status is stored in this record.,2026-08-10T15:00:00+00:00
APT-001374,LEAD-003337,CUST-003039,VEH-005910,SP-003,2026-10-01,16:30,Test Drive,Confirmed,Voice Agent,Synthetic dealership appointment; authoritative status is stored in this record.,2026-08-21T15:00:00+00:00
APT-001375,LEAD-001616,CUST-003125,VEH-009446,SP-002,2026-03-31,09:00,Virtual Consultation,Completed,Voice Agent,Synthetic dealership appointment; authoritative status is stored in this record.,2026-03-15T15:00:00+00:00
APT-001376,LEAD-000281,CUST-001533,VEH-004238,SP-006,2026-09-15,13:30,Test Drive,Confirmed,Salesperson,Synthetic dealership appointment; authoritative status is stored in this record.,2026-08-15T15:00:00+00:00
APT-001377,LEAD-000593,CUST-001378,VEH-007704,SP-001,2026-04-21,11:30,Test Drive,Completed,Voice Agent,Synthetic dealership appointment; authoritative status is stored in this record.,2026-04-07T15:00:00+00:00
APT-001378,LEAD-002358,CUST-004793,VEH-008757,SP-007,2026-03-29,12:30,Test Drive,Completed,Salesperson,Synthetic dealership appointment; authoritative status is stored in this record.,2026-03-22T15:00:00+00:00
APT-001379,LEAD-000196,CUST-004588,VEH-008323,SP-005,2026-07-07,17:00,Financing Consultation,Cancelled,Salesperson,Synthetic dealership appointment; authoritative status is stored in this record.,2026-07-03T15:00:00+00:00
APT-001380,LEAD-003099,CUST-003308,VEH-007171,SP-006,2026-04-15,13:30,Test Drive,Completed,Salesperson,Synthetic dealership appointment; authoritative status is stored in this record.,2026-03-28T15:00:00+00:00
APT-001381,LEAD-001802,CUST-004587,VEH-002084,SP-004,2026-09-23,17:00,Financing Consultation,Requested,Salesperson,Synthetic dealership appointment; authoritative status is stored in this record.,2026-08-19T15:00:00+00:00
APT-001382,LEAD-000040,CUST-000792,VEH-009923,SP-006,2026-04-22,15:00,Test Drive,Completed,Website,Synthetic dealership appointment; authoritative status is stored in this record.,2026-04-14T15:00:00+00:00
APT-001383,LEAD-002836,CUST-000623,VEH-006645,SP-001,2026-07-30,14:30,Test Drive,Cancelled,Website,Synthetic dealership appointment; authoritative status is stored in this record.,2026-07-10T15:00:00+00:00
APT-001384,LEAD-000306,CUST-001537,VEH-006722,SP-005,2026-07-04,10:30,Test Drive,Completed,Customer Service,Synthetic dealership appointment; authoritative status is stored in this record.,2026-07-02T15:00:00+00:00
APT-001385,LEAD-000700,CUST-002241,VEH-001040,SP-001,2026-06-11,08:30,Financing Consultation,Completed,Website,Synthetic dealership appointment; authoritative status is stored in this record.,2026-06-06T15:00:00+00:00
APT-001386,LEAD-000592,CUST-004028,VEH-004339,SP-005,2026-03-28,16:00,Financing Consultation,No Show,Website,Synthetic dealership appointment; authoritative status is stored in this record.,2026-03-26T15:00:00+00:00
APT-001387,LEAD-000891,CUST-000913,VEH-004931,SP-001,2026-09-21,15:30,Test Drive,Confirmed,Voice Agent,Synthetic dealership appointment; authoritative status is stored in this record.,2026-08-21T15:00:00+00:00
APT-001388,LEAD-000985,CUST-004686,VEH-002455,SP-007,2026-05-17,14:00,Test Drive,Cancelled,Salesperson,Synthetic dealership appointment; authoritative status is stored in this record.,2026-04-28T15:00:00+00:00
APT-001389,LEAD-002806,CUST-000968,VEH-004177,SP-002,2026-07-18,10:30,Test Drive,Completed,Website,Synthetic dealership appointment; authoritative status is stored in this record.,2026-07-05T15:00:00+00:00
APT-001390,LEAD-001590,CUST-000088,VEH-002246,SP-001,2026-06-10,15:00,Test Drive,No Show,Voice Agent,Synthetic dealership appointment; authoritative status is stored in this record.,2026-06-08T15:00:00+00:00
APT-001391,LEAD-002936,CUST-001797,VEH-002524,SP-007,2026-04-18,11:00,Test Drive,No Show,Voice Agent,Synthetic dealership appointment; authoritative status is stored in this record.,2026-04-02T15:00:00+00:00
APT-001392,LEAD-002678,CUST-004514,VEH-002803,SP-001,2026-08-24,10:00,Test Drive,Completed,Voice Agent,Synthetic dealership appointment; authoritative status is stored in this record.,2026-08-20T15:00:00+00:00
APT-001393,LEAD-003624,CUST-002097,VEH-005842,SP-007,2026-09-05,16:00,Test Drive,Confirmed,Voice Agent,Synthetic dealership appointment; authoritative status is stored in this record.,2026-08-19T15:00:00+00:00
APT-001394,LEAD-000204,CUST-004517,VEH-003263,SP-003,2026-09-17,09:30,Trade-In Appraisal,Confirmed,Voice Agent,Synthetic dealership appointment; authoritative status is stored in this record.,2026-08-11T15:00:00+00:00
APT-001395,LEAD-001519,CUST-001658,VEH-007863,SP-006,2026-08-26,15:00,Test Drive,Requested,Salesperson,Synthetic dealership appointment; authoritative status is stored in this record.,2026-08-13T15:00:00+00:00
APT-001396,LEAD-003464,CUST-002585,VEH-007940,SP-006,2026-10-08,16:30,Test Drive,Requested,Voice Agent,Synthetic dealership appointment; authoritative status is stored in this record.,2026-08-08T15:00:00+00:00
APT-001397,LEAD-003936,CUST-000228,VEH-009180,SP-005,2026-08-21,12:00,Test Drive,Completed,Salesperson,Synthetic dealership appointment; authoritative status is stored in this record.,2026-08-17T15:00:00+00:00
APT-001398,LEAD-001503,CUST-000247,VEH-001298,SP-003,2026-09-11,11:00,Trade-In Appraisal,Requested,Website,Synthetic dealership appointment; authoritative status is stored in this record.,2026-08-21T15:00:00+00:00
APT-001399,LEAD-002161,CUST-001488,VEH-004101,SP-006,2026-06-20,16:00,Test Drive,Completed,Salesperson,Synthetic dealership appointment; authoritative status is stored in this record.,2026-06-10T15:00:00+00:00
APT-001400,LEAD-003340,CUST-002861,VEH-008865,SP-006,2026-10-08,12:30,Virtual Consultation,Requested,Customer Service,Synthetic dealership appointment; authoritative status is stored in this record.,2026-08-10T15:00:00+00:00
APT-001401,LEAD-000652,CUST-001514,VEH-003153,SP-002,2026-09-05,16:30,Test Drive,Confirmed,Website,Synthetic dealership appointment; authoritative status is stored in this record.,2026-08-04T15:00:00+00:00
APT-001402,LEAD-000896,CUST-002048,VEH-004825,SP-005,2026-09-29,16:30,Test Drive,Confirmed,Website,Synthetic dealership appointment; authoritative status is stored in this record.,2026-08-16T15:00:00+00:00
APT-001403,LEAD-001838,CUST-000597,VEH-001985,SP-006,2026-08-04,16:30,Test Drive,Completed,Salesperson,Synthetic dealership appointment; authoritative status is stored in this record.,2026-07-25T15:00:00+00:00
APT-001404,LEAD-002716,CUST-000781,VEH-009725,SP-005,2026-04-13,15:00,Test Drive,Completed,Customer Service,Synthetic dealership appointment; authoritative status is stored in this record.,2026-03-30T15:00:00+00:00
APT-001405,LEAD-001313,CUST-001976,VEH-005806,SP-006,2026-09-17,18:30,Test Drive,Requested,Website,Synthetic dealership appointment; authoritative status is stored in this record.,2026-08-09T15:00:00+00:00
APT-001406,LEAD-003920,CUST-001024,VEH-007735,SP-007,2026-09-27,09:00,Financing Consultation,Requested,Website,Synthetic dealership appointment; authoritative status is stored in this record.,2026-08-17T15:00:00+00:00
APT-001407,LEAD-001119,CUST-001862,VEH-009327,SP-005,2026-09-30,16:30,Virtual Consultation,Requested,Voice Agent,Synthetic dealership appointment; authoritative status is stored in this record.,2026-08-23T15:00:00+00:00
APT-001408,LEAD-001293,CUST-000839,VEH-005463,SP-005,2026-09-03,15:30,Financing Consultation,Requested,Customer Service,Synthetic dealership appointment; authoritative status is stored in this record.,2026-08-24T15:00:00+00:00
APT-001409,LEAD-003208,CUST-001780,VEH-001097,SP-002,2026-07-29,13:30,Test Drive,Cancelled,Website,Synthetic dealership appointment; authoritative status is stored in this record.,2026-07-19T15:00:00+00:00
APT-001410,LEAD-001848,CUST-003735,VEH-007178,SP-002,2026-08-20,12:30,Test Drive,Completed,Voice Agent,Synthetic dealership appointment; authoritative status is stored in this record.,2026-08-15T15:00:00+00:00
APT-001411,LEAD-003042,CUST-002321,VEH-005541,SP-006,2026-09-25,16:00,Test Drive,Confirmed,Voice Agent,Synthetic dealership appointment; authoritative status is stored in this record.,2026-08-14T15:00:00+00:00
APT-001412,LEAD-003531,CUST-000637,VEH-007501,SP-006,2026-08-26,10:30,Test Drive,Confirmed,Customer Service,Synthetic dealership appointment; authoritative status is stored in this record.,2026-08-23T15:00:00+00:00
APT-001413,LEAD-003305,CUST-003030,VEH-008148,SP-005,2026-06-02,13:00,Virtual Consultation,Completed,Salesperson,Synthetic dealership appointment; authoritative status is stored in this record.,2026-05-15T15:00:00+00:00
APT-001414,LEAD-002138,CUST-002297,VEH-007417,SP-003,2026-10-09,15:00,Test Drive,Rescheduled,Voice Agent,Synthetic dealership appointment; authoritative status is stored in this record.,2026-08-10T15:00:00+00:00
APT-001415,LEAD-001230,CUST-001497,VEH-006054,SP-002,2026-09-02,12:00,Virtual Consultation,Confirmed,Voice Agent,Synthetic dealership appointment; authoritative status is stored in this record.,2026-08-04T15:00:00+00:00
APT-001416,LEAD-000215,CUST-001828,VEH-002479,SP-001,2026-08-04,09:00,Test Drive,Completed,Salesperson,Synthetic dealership appointment; authoritative status is stored in this record.,2026-07-26T15:00:00+00:00
APT-001417,LEAD-002873,CUST-002034,VEH-007940,SP-003,2026-06-25,13:00,Test Drive,Cancelled,Voice Agent,Synthetic dealership appointment; authoritative status is stored in this record.,2026-06-11T15:00:00+00:00
APT-001418,LEAD-000297,CUST-002901,VEH-003399,SP-005,2026-06-23,12:30,Test Drive,No Show,Salesperson,Synthetic dealership appointment; authoritative status is stored in this record.,2026-06-17T15:00:00+00:00
APT-001419,LEAD-000513,CUST-000972,VEH-000472,SP-007,2026-06-14,16:00,Test Drive,Completed,Voice Agent,Synthetic dealership appointment; authoritative status is stored in this record.,2026-06-08T15:00:00+00:00
APT-001420,LEAD-000017,CUST-001809,VEH-008754,SP-006,2026-10-03,14:00,Test Drive,Confirmed,Website,Synthetic dealership appointment; authoritative status is stored in this record.,2026-08-16T15:00:00+00:00
APT-001421,LEAD-001822,CUST-000717,VEH-001316,SP-008,2026-08-06,12:00,Test Drive,Completed,Salesperson,Synthetic dealership appointment; authoritative status is stored in this record.,2026-08-02T15:00:00+00:00
APT-001422,LEAD-001996,CUST-003120,VEH-002715,SP-001,2026-07-06,13:30,Financing Consultation,Completed,Website,Synthetic dealership appointment; authoritative status is stored in this record.,2026-07-05T15:00:00+00:00
APT-001423,LEAD-001637,CUST-000917,VEH-000554,SP-007,2026-09-27,16:30,Virtual Consultation,Requested,Salesperson,Synthetic dealership appointment; authoritative status is stored in this record.,2026-08-05T15:00:00+00:00
APT-001424,LEAD-001274,CUST-004620,VEH-006710,SP-006,2026-06-12,11:00,Financing Consultation,Completed,Salesperson,Synthetic dealership appointment; authoritative status is stored in this record.,2026-06-11T15:00:00+00:00
APT-001425,LEAD-001553,CUST-004069,VEH-008877,SP-005,2026-06-25,14:30,Financing Consultation,Completed,Salesperson,Synthetic dealership appointment; authoritative status is stored in this record.,2026-06-04T15:00:00+00:00
APT-001426,LEAD-000536,CUST-002919,VEH-001332,SP-006,2026-09-19,14:00,Test Drive,Confirmed,Voice Agent,Synthetic dealership appointment; authoritative status is stored in this record.,2026-08-20T15:00:00+00:00
APT-001427,LEAD-003691,CUST-000431,VEH-003854,SP-007,2026-05-10,16:00,Virtual Consultation,No Show,Voice Agent,Synthetic dealership appointment; authoritative status is stored in this record.,2026-04-21T15:00:00+00:00
APT-001428,LEAD-000581,CUST-002825,VEH-007208,SP-002,2026-10-07,13:30,Test Drive,Confirmed,Website,Synthetic dealership appointment; authoritative status is stored in this record.,2026-08-14T15:00:00+00:00
APT-001429,LEAD-001767,CUST-000104,VEH-005801,SP-008,2026-07-05,15:30,Trade-In Appraisal,Completed,Voice Agent,Synthetic dealership appointment; authoritative status is stored in this record.,2026-06-24T15:00:00+00:00
APT-001430,LEAD-002201,CUST-003665,VEH-002513,SP-001,2026-08-31,10:00,Test Drive,Requested,Salesperson,Synthetic dealership appointment; authoritative status is stored in this record.,2026-08-21T15:00:00+00:00
APT-001431,LEAD-002210,CUST-000845,VEH-009840,SP-007,2026-05-30,17:30,Virtual Consultation,Completed,Customer Service,Synthetic dealership appointment; authoritative status is stored in this record.,2026-05-28T15:00:00+00:00
APT-001432,LEAD-002149,CUST-002151,VEH-006130,SP-001,2026-10-09,12:30,Test Drive,Requested,Voice Agent,Synthetic dealership appointment; authoritative status is stored in this record.,2026-08-06T15:00:00+00:00
APT-001433,LEAD-000254,CUST-001168,VEH-007845,SP-004,2026-08-27,10:30,Financing Consultation,Requested,Salesperson,Synthetic dealership appointment; authoritative status is stored in this record.,2026-08-19T15:00:00+00:00
APT-001434,LEAD-001724,CUST-002084,VEH-002082,SP-002,2026-08-13,11:00,Test Drive,Completed,Salesperson,Synthetic dealership appointment; authoritative status is stored in this record.,2026-07-23T15:00:00+00:00
APT-001435,LEAD-003236,CUST-002369,VEH-006688,SP-002,2026-09-16,12:30,Test Drive,Confirmed,Website,Synthetic dealership appointment; authoritative status is stored in this record.,2026-08-24T15:00:00+00:00
APT-001436,LEAD-002809,CUST-002822,VEH-005398,SP-002,2026-06-09,16:30,Trade-In Appraisal,Completed,Website,Synthetic dealership appointment; authoritative status is stored in this record.,2026-05-29T15:00:00+00:00
APT-001437,LEAD-001618,CUST-004582,VEH-002455,SP-002,2026-05-26,15:30,Financing Consultation,Completed,Voice Agent,Synthetic dealership appointment; authoritative status is stored in this record.,2026-05-17T15:00:00+00:00
APT-001438,LEAD-003031,CUST-000895,VEH-002375,SP-001,2026-07-28,15:30,Test Drive,Cancelled,Voice Agent,Synthetic dealership appointment; authoritative status is stored in this record.,2026-07-27T15:00:00+00:00
APT-001439,LEAD-001459,CUST-002932,VEH-002684,SP-002,2026-08-28,14:00,Test Drive,Requested,Salesperson,Synthetic dealership appointment; authoritative status is stored in this record.,2026-08-25T15:00:00+00:00
APT-001440,LEAD-003899,CUST-002269,VEH-007661,SP-001,2026-09-01,13:00,Test Drive,Confirmed,Customer Service,Synthetic dealership appointment; authoritative status is stored in this record.,2026-08-16T15:00:00+00:00
APT-001441,LEAD-001577,CUST-000340,VEH-006315,SP-002,2026-08-26,16:00,Virtual Consultation,Requested,Customer Service,Synthetic dealership appointment; authoritative status is stored in this record.,2026-08-04T15:00:00+00:00
APT-001442,LEAD-002928,CUST-003337,VEH-002897,SP-006,2026-06-13,11:30,Test Drive,Completed,Voice Agent,Synthetic dealership appointment; authoritative status is stored in this record.,2026-05-30T15:00:00+00:00
APT-001443,LEAD-001450,CUST-002124,VEH-005840,SP-001,2026-05-04,10:00,Test Drive,Completed,Website,Synthetic dealership appointment; authoritative status is stored in this record.,2026-04-16T15:00:00+00:00
APT-001444,LEAD-002322,CUST-003142,VEH-000242,SP-005,2026-05-29,15:30,Test Drive,Completed,Website,Synthetic dealership appointment; authoritative status is stored in this record.,2026-05-09T15:00:00+00:00
APT-001445,LEAD-003165,CUST-001402,VEH-000378,SP-001,2026-04-27,11:30,Test Drive,Cancelled,Voice Agent,Synthetic dealership appointment; authoritative status is stored in this record.,2026-04-21T15:00:00+00:00
APT-001446,LEAD-002470,CUST-002340,VEH-008433,SP-002,2026-06-09,17:00,Financing Consultation,Completed,Salesperson,Synthetic dealership appointment; authoritative status is stored in this record.,2026-06-07T15:00:00+00:00
APT-001447,LEAD-003679,CUST-001037,VEH-001845,SP-010,2026-10-02,11:00,Test Drive,Confirmed,Salesperson,Synthetic dealership appointment; authoritative status is stored in this record.,2026-08-19T15:00:00+00:00
APT-001448,LEAD-001995,CUST-002061,VEH-009622,SP-002,2026-04-28,17:30,Test Drive,Completed,Website,Synthetic dealership appointment; authoritative status is stored in this record.,2026-04-12T15:00:00+00:00
APT-001449,LEAD-001094,CUST-001372,VEH-003931,SP-005,2026-06-20,16:30,Test Drive,No Show,Website,Synthetic dealership appointment; authoritative status is stored in this record.,2026-06-15T15:00:00+00:00
APT-001450,LEAD-002273,CUST-001106,VEH-003838,SP-007,2026-06-21,12:00,Test Drive,Completed,Customer Service,Synthetic dealership appointment; authoritative status is stored in this record.,2026-06-05T15:00:00+00:00
APT-001451,LEAD-003278,CUST-002883,VEH-003598,SP-006,2026-07-21,17:30,Virtual Consultation,Cancelled,Voice Agent,Synthetic dealership appointment; authoritative status is stored in this record.,2026-07-10T15:00:00+00:00
APT-001452,LEAD-002231,CUST-002175,VEH-009613,SP-006,2026-08-11,17:30,Test Drive,Cancelled,Customer Service,Synthetic dealership appointment; authoritative status is stored in this record.,2026-08-07T15:00:00+00:00
APT-001453,LEAD-003004,CUST-000492,VEH-009721,SP-008,2026-08-30,14:30,Test Drive,Confirmed,Voice Agent,Synthetic dealership appointment; authoritative status is stored in this record.,2026-08-19T15:00:00+00:00
APT-001454,LEAD-000874,CUST-004570,VEH-007055,SP-004,2026-06-13,11:00,Test Drive,Cancelled,Voice Agent,Synthetic dealership appointment; authoritative status is stored in this record.,2026-05-30T15:00:00+00:00
APT-001455,LEAD-002844,CUST-004081,VEH-002818,SP-005,2026-09-14,16:30,Test Drive,Rescheduled,Customer Service,Synthetic dealership appointment; authoritative status is stored in this record.,2026-08-08T15:00:00+00:00
APT-001456,LEAD-000522,CUST-001089,VEH-001785,SP-006,2026-06-03,18:30,Test Drive,Cancelled,Website,Synthetic dealership appointment; authoritative status is stored in this record.,2026-05-28T15:00:00+00:00
APT-001457,LEAD-001470,CUST-004147,VEH-008672,SP-005,2026-09-16,10:00,Test Drive,Confirmed,Voice Agent,Synthetic dealership appointment; authoritative status is stored in this record.,2026-08-09T15:00:00+00:00
APT-001458,LEAD-000423,CUST-004154,VEH-003160,SP-007,2026-04-04,14:30,Test Drive,Completed,Salesperson,Synthetic dealership appointment; authoritative status is stored in this record.,2026-03-25T15:00:00+00:00
APT-001459,LEAD-001760,CUST-004810,VEH-006814,SP-006,2026-05-27,17:30,Test Drive,Completed,Voice Agent,Synthetic dealership appointment; authoritative status is stored in this record.,2026-05-12T15:00:00+00:00
APT-001460,LEAD-001796,CUST-001167,VEH-002345,SP-006,2026-08-11,17:00,Test Drive,No Show,Website,Synthetic dealership appointment; authoritative status is stored in this record.,2026-07-28T15:00:00+00:00
APT-001461,LEAD-002921,CUST-004118,VEH-001024,SP-001,2026-09-07,09:00,Test Drive,Confirmed,Website,Synthetic dealership appointment; authoritative status is stored in this record.,2026-08-24T15:00:00+00:00
APT-001462,LEAD-002147,CUST-001670,VEH-002999,SP-007,2026-03-29,16:30,Virtual Consultation,Completed,Website,Synthetic dealership appointment; authoritative status is stored in this record.,2026-03-09T15:00:00+00:00
APT-001463,LEAD-003069,CUST-002309,VEH-001033,SP-006,2026-05-20,14:00,Test Drive,Cancelled,Voice Agent,Synthetic dealership appointment; authoritative status is stored in this record.,2026-05-15T15:00:00+00:00
APT-001464,LEAD-001448,CUST-004090,VEH-006054,SP-005,2026-09-28,14:00,Test Drive,Confirmed,Website,Synthetic dealership appointment; authoritative status is stored in this record.,2026-08-15T15:00:00+00:00
APT-001465,LEAD-003715,CUST-001231,VEH-005612,SP-006,2026-05-01,14:00,Test Drive,Completed,Salesperson,Synthetic dealership appointment; authoritative status is stored in this record.,2026-04-20T15:00:00+00:00
APT-001466,LEAD-001262,CUST-003272,VEH-000165,SP-008,2026-07-31,11:30,Virtual Consultation,Completed,Website,Synthetic dealership appointment; authoritative status is stored in this record.,2026-07-27T15:00:00+00:00
APT-001467,LEAD-000711,CUST-000765,VEH-008136,SP-001,2026-09-17,15:30,Financing Consultation,Requested,Website,Synthetic dealership appointment; authoritative status is stored in this record.,2026-08-12T15:00:00+00:00
APT-001468,LEAD-001163,CUST-000702,VEH-002413,SP-006,2026-06-11,11:30,Trade-In Appraisal,Completed,Salesperson,Synthetic dealership appointment; authoritative status is stored in this record.,2026-06-08T15:00:00+00:00
APT-001469,LEAD-002028,CUST-002524,VEH-008527,SP-005,2026-09-11,16:30,Trade-In Appraisal,Confirmed,Voice Agent,Synthetic dealership appointment; authoritative status is stored in this record.,2026-08-24T15:00:00+00:00
APT-001470,LEAD-000191,CUST-004731,VEH-009713,SP-001,2026-04-29,09:30,Test Drive,Completed,Customer Service,Synthetic dealership appointment; authoritative status is stored in this record.,2026-04-27T15:00:00+00:00
APT-001471,LEAD-002109,CUST-002380,VEH-006903,SP-001,2026-09-15,16:00,Test Drive,Confirmed,Customer Service,Synthetic dealership appointment; authoritative status is stored in this record.,2026-08-04T15:00:00+00:00
APT-001472,LEAD-003421,CUST-003758,VEH-005399,SP-001,2026-10-07,09:30,Virtual Consultation,Confirmed,Voice Agent,Synthetic dealership appointment; authoritative status is stored in this record.,2026-08-16T15:00:00+00:00
APT-001473,LEAD-000313,CUST-003930,VEH-008491,SP-001,2026-06-17,14:00,Test Drive,Cancelled,Salesperson,Synthetic dealership appointment; authoritative status is stored in this record.,2026-06-10T15:00:00+00:00
APT-001474,LEAD-001653,CUST-003918,VEH-001224,SP-001,2026-05-18,14:30,Test Drive,Completed,Customer Service,Synthetic dealership appointment; authoritative status is stored in this record.,2026-04-29T15:00:00+00:00
APT-001475,LEAD-003309,CUST-002311,VEH-002707,SP-005,2026-08-27,12:30,Financing Consultation,Confirmed,Voice Agent,Synthetic dealership appointment; authoritative status is stored in this record.,2026-08-21T15:00:00+00:00
APT-001476,LEAD-000213,CUST-004662,VEH-008513,SP-001,2026-07-31,10:30,Virtual Consultation,Completed,Salesperson,Synthetic dealership appointment; authoritative status is stored in this record.,2026-07-21T15:00:00+00:00
APT-001477,LEAD-002232,CUST-002078,VEH-002889,SP-008,2026-07-03,15:00,Test Drive,Completed,Salesperson,Synthetic dealership appointment; authoritative status is stored in this record.,2026-06-21T15:00:00+00:00
APT-001478,LEAD-003105,CUST-003294,VEH-007554,SP-006,2026-06-26,10:30,Test Drive,Completed,Voice Agent,Synthetic dealership appointment; authoritative status is stored in this record.,2026-06-08T15:00:00+00:00
APT-001479,LEAD-000724,CUST-004371,VEH-001911,SP-006,2026-08-04,18:00,Test Drive,Completed,Salesperson,Synthetic dealership appointment; authoritative status is stored in this record.,2026-07-25T15:00:00+00:00
APT-001480,LEAD-001165,CUST-000132,VEH-008672,SP-010,2026-09-21,16:30,Test Drive,Requested,Voice Agent,Synthetic dealership appointment; authoritative status is stored in this record.,2026-08-07T15:00:00+00:00
APT-001481,LEAD-002736,CUST-002419,VEH-008242,SP-006,2026-04-22,14:30,Test Drive,Completed,Salesperson,Synthetic dealership appointment; authoritative status is stored in this record.,2026-04-07T15:00:00+00:00
APT-001482,LEAD-000388,CUST-002644,VEH-004312,SP-007,2026-07-18,11:30,Trade-In Appraisal,Completed,Customer Service,Synthetic dealership appointment; authoritative status is stored in this record.,2026-07-04T15:00:00+00:00
APT-001483,LEAD-000757,CUST-003185,VEH-006421,SP-006,2026-05-27,12:00,Financing Consultation,Cancelled,Voice Agent,Synthetic dealership appointment; authoritative status is stored in this record.,2026-05-23T15:00:00+00:00
APT-001484,LEAD-001691,CUST-000135,VEH-000147,SP-005,2026-06-10,14:30,Test Drive,Completed,Salesperson,Synthetic dealership appointment; authoritative status is stored in this record.,2026-06-06T15:00:00+00:00
APT-001485,LEAD-000670,CUST-001216,VEH-006488,SP-007,2026-09-20,15:00,Test Drive,Confirmed,Salesperson,Synthetic dealership appointment; authoritative status is stored in this record.,2026-08-04T15:00:00+00:00
APT-001486,LEAD-001134,CUST-004612,VEH-005969,SP-002,2026-07-04,16:00,Virtual Consultation,Cancelled,Voice Agent,Synthetic dealership appointment; authoritative status is stored in this record.,2026-06-30T15:00:00+00:00
APT-001487,LEAD-001066,CUST-001943,VEH-009791,SP-006,2026-10-02,10:30,Test Drive,Requested,Voice Agent,Synthetic dealership appointment; authoritative status is stored in this record.,2026-08-25T15:00:00+00:00
APT-001488,LEAD-002821,CUST-004017,VEH-006961,SP-002,2026-09-24,09:00,Test Drive,Confirmed,Salesperson,Synthetic dealership appointment; authoritative status is stored in this record.,2026-08-25T15:00:00+00:00
APT-001489,LEAD-002457,CUST-004014,VEH-005950,SP-002,2026-04-02,17:30,Financing Consultation,Cancelled,Customer Service,Synthetic dealership appointment; authoritative status is stored in this record.,2026-03-21T15:00:00+00:00
APT-001490,LEAD-003888,CUST-000835,VEH-004917,SP-007,2026-10-03,15:30,Test Drive,Confirmed,Salesperson,Synthetic dealership appointment; authoritative status is stored in this record.,2026-08-25T15:00:00+00:00
APT-001491,LEAD-003957,CUST-000047,VEH-001006,SP-006,2026-03-28,15:30,Test Drive,Completed,Website,Synthetic dealership appointment; authoritative status is stored in this record.,2026-03-10T15:00:00+00:00
APT-001492,LEAD-000753,CUST-000976,VEH-001383,SP-005,2026-05-19,15:30,Trade-In Appraisal,Cancelled,Website,Synthetic dealership appointment; authoritative status is stored in this record.,2026-05-16T15:00:00+00:00
APT-001493,LEAD-000696,CUST-000796,VEH-009884,SP-006,2026-09-24,13:00,Test Drive,Rescheduled,Website,Synthetic dealership appointment; authoritative status is stored in this record.,2026-08-19T15:00:00+00:00
APT-001494,LEAD-002730,CUST-003875,VEH-001310,SP-001,2026-09-25,10:30,Test Drive,Confirmed,Salesperson,Synthetic dealership appointment; authoritative status is stored in this record.,2026-08-09T15:00:00+00:00
APT-001495,LEAD-000308,CUST-004871,VEH-003667,SP-003,2026-09-24,12:00,Test Drive,Confirmed,Salesperson,Synthetic dealership appointment; authoritative status is stored in this record.,2026-08-16T15:00:00+00:00
APT-001496,LEAD-000948,CUST-000070,VEH-001141,SP-004,2026-09-16,12:30,Test Drive,Confirmed,Salesperson,Synthetic dealership appointment; authoritative status is stored in this record.,2026-08-21T15:00:00+00:00
APT-001497,LEAD-001283,CUST-003727,VEH-002455,SP-003,2026-09-17,12:30,Financing Consultation,Confirmed,Voice Agent,Synthetic dealership appointment; authoritative status is stored in this record.,2026-08-11T15:00:00+00:00
APT-001498,LEAD-003205,CUST-004419,VEH-004737,SP-005,2026-06-19,12:00,Financing Consultation,Completed,Voice Agent,Synthetic dealership appointment; authoritative status is stored in this record.,2026-06-16T15:00:00+00:00
APT-001499,LEAD-002233,CUST-000103,VEH-006438,SP-001,2026-04-28,11:30,Test Drive,Completed,Website,Synthetic dealership appointment; authoritative status is stored in this record.,2026-04-16T15:00:00+00:00
APT-001500,LEAD-003087,CUST-003015,VEH-003894,SP-006,2026-08-18,15:00,Test Drive,Completed,Voice Agent,Synthetic dealership appointment; authoritative status is stored in this record.,2026-08-12T15:00:00+00:00
