lead_id,customer_id,vehicle_id,salesperson_id,source,status,score,score_reason,notes,created_at
LEAD-000001,CUST-000001,VEH-003725,SALES-001,Paid Search,Qualified,70,"profile=Warm, 30-day, vehicle selected, down payment",Preferences captured; comparing suitable vehicles and ownership costs.,2026-06-27T09:00:00+00:00
LEAD-000002,CUST-000002,,SALES-002,Referral,Appointment Set,35,"profile=Research, down payment",Early research stage; provide options without pressuring for commitment.,2026-08-20T19:00:00+00:00
LEAD-000003,CUST-000003,,SALES-003,Inbound Call,Won,78,"profile=Hot, 30-day",Specific near-term purchase intent; ready for inventory shortlist.,2026-07-19T19:00:00+00:00
LEAD-000004,CUST-000004,VEH-000478,SALES-004,Vehicle Marketplace,Lost,37,"profile=Research, vehicle selected",Early research stage; provide options without pressuring for commitment.,2026-07-29T21:00:00+00:00
LEAD-000005,CUST-000005,VEH-008555,SALES-005,Website,Qualified,42,"profile=Research, vehicle selected, down payment",Early research stage; provide options without pressuring for commitment.,2026-07-14T20:00:00+00:00
LEAD-000006,CUST-000006,,SALES-006,Website,Appointment Set,50,profile=Warm,Preferences captured; comparing suitable vehicles and ownership costs.,2026-06-11T07:00:00+00:00
LEAD-000007,CUST-000007,VEH-002696,SALES-007,Website,Appointment Set,70,"profile=Warm, 30-day, vehicle selected, down payment",Preferences captured; comparing suitable vehicles and ownership costs.,2026-08-05T15:00:00+00:00
LEAD-000008,CUST-000008,VEH-004745,SALES-008,Paid Search,Contacted,70,"profile=Warm, 30-day, vehicle selected, down payment",Preferences captured; comparing suitable vehicles and ownership costs.,2026-07-24T16:00:00+00:00
LEAD-000009,CUST-000009,,SALES-009,Website,New,30,profile=Research,Early research stage; provide options without pressuring for commitment.,2026-07-18T01:00:00+00:00
LEAD-000010,CUST-000010,,SALES-010,Website,Won,55,"profile=Warm, down payment",Preferences captured; comparing suitable vehicles and ownership costs.,2026-06-14T07:00:00+00:00
LEAD-000011,CUST-000011,VEH-002737,SALES-011,Website,Contacted,37,"profile=Research, vehicle selected",Early research stage; provide options without pressuring for commitment.,2026-05-09T15:00:00+00:00
LEAD-000012,CUST-000012,VEH-006560,SALES-012,Inbound Call,Appointment Set,42,"profile=Research, vehicle selected, down payment",Early research stage; provide options without pressuring for commitment.,2026-07-09T18:00:00+00:00
LEAD-000013,CUST-000013,VEH-000440,SALES-013,Referral,New,97,"profile=Hot, near-term, vehicle selected, down payment",Specific near-term purchase intent; ready for inventory shortlist.,2026-06-20T22:00:00+00:00
LEAD-000014,CUST-000014,VEH-000035,SALES-014,Website,Contacted,85,"profile=Hot, 30-day, vehicle selected",Specific near-term purchase intent; ready for inventory shortlist.,2026-05-23T06:00:00+00:00
LEAD-000015,CUST-000015,VEH-002751,SALES-015,Vehicle Marketplace,Contacted,97,"profile=Hot, near-term, vehicle selected, down payment",Specific near-term purchase intent; ready for inventory shortlist.,2026-06-08T18:00:00+00:00
LEAD-000016,CUST-000016,,SALES-016,Paid Search,New,35,"profile=Research, down payment",Early research stage; provide options without pressuring for commitment.,2026-05-04T18:00:00+00:00
LEAD-000017,CUST-000017,,SALES-017,Social Media,Qualified,55,"profile=Warm, down payment",Preferences captured; comparing suitable vehicles and ownership costs.,2026-07-25T11:00:00+00:00
LEAD-000018,CUST-000018,,SALES-018,Referral,New,25,"profile=Edge Case, down payment",Requirements may conflict with budget or contact preferences; clarify before action.,2026-05-29T02:00:00+00:00
LEAD-000019,CUST-000019,VEH-009348,SALES-019,Website,Qualified,92,"profile=Hot, near-term, vehicle selected",Specific near-term purchase intent; ready for inventory shortlist.,2026-06-21T12:00:00+00:00
LEAD-000020,CUST-000020,VEH-002405,SALES-020,Social Media,Appointment Set,42,"profile=Research, vehicle selected, down payment",Early research stage; provide options without pressuring for commitment.,2026-07-05T10:00:00+00:00
LEAD-000021,CUST-000021,VEH-006165,SALES-021,Website,Appointment Set,70,"profile=Warm, 30-day, vehicle selected, down payment",Preferences captured; comparing suitable vehicles and ownership costs.,2026-05-05T10:00:00+00:00
LEAD-000022,CUST-000022,VEH-003542,SALES-022,Walk-In,Contacted,42,"profile=Research, vehicle selected, down payment",Early research stage; provide options without pressuring for commitment.,2026-05-17T18:00:00+00:00
LEAD-000023,CUST-000023,VEH-004061,SALES-023,Social Media,New,65,"profile=Warm, 30-day, vehicle selected",Preferences captured; comparing suitable vehicles and ownership costs.,2026-06-14T04:00:00+00:00
LEAD-000024,CUST-000024,VEH-002445,SALES-024,Paid Search,Appointment Set,47,"profile=Edge Case, near-term, vehicle selected, down payment",Requirements may conflict with budget or contact preferences; clarify before action.,2026-05-06T06:00:00+00:00
LEAD-000025,CUST-000025,VEH-000589,SALES-001,Vehicle Marketplace,New,62,"profile=Warm, vehicle selected, down payment",Preferences captured; comparing suitable vehicles and ownership costs.,2026-08-15T01:00:00+00:00
LEAD-000026,CUST-000026,VEH-002873,SALES-002,Social Media,New,97,"profile=Hot, near-term, vehicle selected, down payment",Specific near-term purchase intent; ready for inventory shortlist.,2026-05-23T18:00:00+00:00
LEAD-000027,CUST-000027,VEH-007374,SALES-003,Social Media,New,62,"profile=Warm, vehicle selected, down payment",Preferences captured; comparing suitable vehicles and ownership costs.,2026-06-10T23:00:00+00:00
LEAD-000028,CUST-000028,VEH-000270,SALES-004,Website,Contacted,70,"profile=Warm, 30-day, vehicle selected, down payment",Preferences captured; comparing suitable vehicles and ownership costs.,2026-05-04T18:00:00+00:00
LEAD-000029,CUST-000029,VEH-003546,SALES-005,Paid Search,Qualified,37,"profile=Research, vehicle selected",Early research stage; provide options without pressuring for commitment.,2026-05-21T00:00:00+00:00
LEAD-000030,CUST-000030,,SALES-006,Vehicle Marketplace,New,50,profile=Warm,Preferences captured; comparing suitable vehicles and ownership costs.,2026-06-20T19:00:00+00:00
LEAD-000031,CUST-000031,VEH-005007,SALES-007,Inbound Call,Appointment Set,65,"profile=Warm, 30-day, vehicle selected",Preferences captured; comparing suitable vehicles and ownership costs.,2026-05-01T03:00:00+00:00
LEAD-000032,CUST-000032,VEH-007449,SALES-008,Website,Qualified,97,"profile=Hot, near-term, vehicle selected, down payment",Specific near-term purchase intent; ready for inventory shortlist.,2026-06-23T17:00:00+00:00
LEAD-000033,CUST-000033,VEH-009775,SALES-009,Vehicle Marketplace,Lost,62,"profile=Warm, vehicle selected, down payment",Preferences captured; comparing suitable vehicles and ownership costs.,2026-06-25T20:00:00+00:00
LEAD-000034,CUST-000034,,SALES-010,Website,New,50,profile=Warm,Preferences captured; comparing suitable vehicles and ownership costs.,2026-06-26T23:00:00+00:00
LEAD-000035,CUST-000035,VEH-004921,SALES-011,Website,New,90,"profile=Hot, 30-day, vehicle selected, down payment",Specific near-term purchase intent; ready for inventory shortlist.,2026-06-11T03:00:00+00:00
LEAD-000036,CUST-000036,VEH-007608,SALES-012,Referral,Appointment Set,70,"profile=Warm, 30-day, vehicle selected, down payment",Preferences captured; comparing suitable vehicles and ownership costs.,2026-05-05T11:00:00+00:00
LEAD-000037,CUST-000037,VEH-000993,SALES-013,Inbound Call,Appointment Set,90,"profile=Hot, 30-day, vehicle selected, down payment",Specific near-term purchase intent; ready for inventory shortlist.,2026-06-05T06:00:00+00:00
LEAD-000038,CUST-000038,VEH-005363,SALES-014,Website,Contacted,97,"profile=Hot, near-term, vehicle selected, down payment",Specific near-term purchase intent; ready for inventory shortlist.,2026-07-29T15:00:00+00:00
LEAD-000039,CUST-000039,VEH-009709,SALES-015,Inbound Call,Contacted,70,"profile=Warm, 30-day, vehicle selected, down payment",Preferences captured; comparing suitable vehicles and ownership costs.,2026-07-21T17:00:00+00:00
LEAD-000040,CUST-000040,VEH-002613,SALES-016,Inbound Call,New,92,"profile=Hot, near-term, vehicle selected",Specific near-term purchase intent; ready for inventory shortlist.,2026-05-05T01:00:00+00:00
LEAD-000041,CUST-000041,VEH-003578,SALES-017,Vehicle Marketplace,Contacted,42,"profile=Research, vehicle selected, down payment",Early research stage; provide options without pressuring for commitment.,2026-06-18T22:00:00+00:00
LEAD-000042,CUST-000042,VEH-005360,SALES-018,Walk-In,Contacted,70,"profile=Warm, 30-day, vehicle selected, down payment",Preferences captured; comparing suitable vehicles and ownership costs.,2026-08-18T11:00:00+00:00
LEAD-000043,CUST-000043,VEH-005214,SALES-019,Paid Search,Qualified,62,"profile=Warm, vehicle selected, down payment",Preferences captured; comparing suitable vehicles and ownership costs.,2026-08-02T21:00:00+00:00
LEAD-000044,CUST-000044,VEH-002381,SALES-020,Inbound Call,Contacted,37,"profile=Research, vehicle selected",Early research stage; provide options without pressuring for commitment.,2026-05-26T07:00:00+00:00
LEAD-000045,CUST-000045,,SALES-021,Social Media,Qualified,63,"profile=Warm, 30-day, down payment",Preferences captured; comparing suitable vehicles and ownership costs.,2026-06-17T09:00:00+00:00
LEAD-000046,CUST-000046,VEH-009097,SALES-022,Website,Lost,70,"profile=Warm, 30-day, vehicle selected, down payment",Preferences captured; comparing suitable vehicles and ownership costs.,2026-04-30T06:00:00+00:00
LEAD-000047,CUST-000047,VEH-005847,SALES-023,Paid Search,Appointment Set,70,"profile=Warm, 30-day, vehicle selected, down payment",Preferences captured; comparing suitable vehicles and ownership costs.,2026-07-13T19:00:00+00:00
LEAD-000048,CUST-000048,VEH-005517,SALES-024,Inbound Call,Qualified,70,"profile=Warm, 30-day, vehicle selected, down payment",Preferences captured; comparing suitable vehicles and ownership costs.,2026-07-14T08:00:00+00:00
LEAD-000049,CUST-000049,VEH-005776,SALES-001,Paid Search,New,97,"profile=Hot, near-term, vehicle selected, down payment",Specific near-term purchase intent; ready for inventory shortlist.,2026-05-28T05:00:00+00:00
LEAD-000050,CUST-000050,,SALES-002,Paid Search,Contacted,50,profile=Warm,Preferences captured; comparing suitable vehicles and ownership costs.,2026-07-26T19:00:00+00:00
LEAD-000051,CUST-000051,,SALES-003,Inbound Call,Lost,30,profile=Research,Early research stage; provide options without pressuring for commitment.,2026-07-24T02:00:00+00:00
LEAD-000052,CUST-000052,VEH-004582,SALES-004,Website,Contacted,62,"profile=Warm, vehicle selected, down payment",Preferences captured; comparing suitable vehicles and ownership costs.,2026-08-06T08:00:00+00:00
LEAD-000053,CUST-000053,VEH-007501,SALES-005,Inbound Call,Contacted,97,"profile=Hot, near-term, vehicle selected, down payment",Specific near-term purchase intent; ready for inventory shortlist.,2026-07-05T22:00:00+00:00
LEAD-000054,CUST-000054,VEH-005454,SALES-006,Vehicle Marketplace,Contacted,70,"profile=Warm, 30-day, vehicle selected, down payment",Preferences captured; comparing suitable vehicles and ownership costs.,2026-05-09T04:00:00+00:00
LEAD-000055,CUST-000055,,SALES-007,Website,Appointment Set,90,"profile=Hot, near-term, down payment",Specific near-term purchase intent; ready for inventory shortlist.,2026-08-20T12:00:00+00:00
LEAD-000056,CUST-000056,VEH-003260,SALES-008,Website,Qualified,37,"profile=Research, vehicle selected",Early research stage; provide options without pressuring for commitment.,2026-05-21T05:00:00+00:00
LEAD-000057,CUST-000057,VEH-005463,SALES-009,Website,Contacted,42,"profile=Research, vehicle selected, down payment",Early research stage; provide options without pressuring for commitment.,2026-04-28T12:00:00+00:00
LEAD-000058,CUST-000058,VEH-003837,SALES-010,Website,Qualified,42,"profile=Research, vehicle selected, down payment",Early research stage; provide options without pressuring for commitment.,2026-07-30T04:00:00+00:00
LEAD-000059,CUST-000059,VEH-008492,SALES-011,Referral,Contacted,32,"profile=Edge Case, vehicle selected, down payment",Requirements may conflict with budget or contact preferences; clarify before action.,2026-04-28T10:00:00+00:00
LEAD-000060,CUST-000060,,SALES-012,Inbound Call,Qualified,90,"profile=Hot, near-term, down payment",Specific near-term purchase intent; ready for inventory shortlist.,2026-05-15T23:00:00+00:00
LEAD-000061,CUST-000061,VEH-006322,SALES-013,Social Media,Qualified,42,"profile=Research, vehicle selected, down payment",Early research stage; provide options without pressuring for commitment.,2026-06-08T10:00:00+00:00
LEAD-000062,CUST-000062,VEH-009242,SALES-014,Website,Appointment Set,70,"profile=Warm, 30-day, vehicle selected, down payment",Preferences captured; comparing suitable vehicles and ownership costs.,2026-06-27T07:00:00+00:00
LEAD-000063,CUST-000063,VEH-004852,SALES-015,Referral,Lost,97,"profile=Hot, near-term, vehicle selected, down payment",Specific near-term purchase intent; ready for inventory shortlist.,2026-07-07T03:00:00+00:00
LEAD-000064,CUST-000064,VEH-004913,SALES-016,Inbound Call,New,97,"profile=Hot, near-term, vehicle selected, down payment",Specific near-term purchase intent; ready for inventory shortlist.,2026-06-29T00:00:00+00:00
LEAD-000065,CUST-000065,VEH-001190,SALES-017,Walk-In,Appointment Set,47,"profile=Edge Case, near-term, vehicle selected, down payment",Requirements may conflict with budget or contact preferences; clarify before action.,2026-08-22T19:00:00+00:00
LEAD-000066,CUST-000066,VEH-009611,SALES-018,Inbound Call,Appointment Set,70,"profile=Warm, 30-day, vehicle selected, down payment",Preferences captured; comparing suitable vehicles and ownership costs.,2026-05-18T00:00:00+00:00
LEAD-000067,CUST-000067,VEH-006193,SALES-019,Website,New,90,"profile=Hot, 30-day, vehicle selected, down payment",Specific near-term purchase intent; ready for inventory shortlist.,2026-08-20T16:00:00+00:00
LEAD-000068,CUST-000068,VEH-006398,SALES-020,Vehicle Marketplace,Appointment Set,42,"profile=Research, vehicle selected, down payment",Early research stage; provide options without pressuring for commitment.,2026-05-19T23:00:00+00:00
LEAD-000069,CUST-000069,VEH-009008,SALES-021,Social Media,Qualified,42,"profile=Research, vehicle selected, down payment",Early research stage; provide options without pressuring for commitment.,2026-06-24T10:00:00+00:00
LEAD-000070,CUST-000070,VEH-006435,SALES-022,Social Media,Qualified,42,"profile=Research, vehicle selected, down payment",Early research stage; provide options without pressuring for commitment.,2026-08-03T11:00:00+00:00
LEAD-000071,CUST-000071,VEH-009256,SALES-023,Website,Lost,40,"profile=Edge Case, 30-day, vehicle selected, down payment",Requirements may conflict with budget or contact preferences; clarify before action.,2026-06-05T07:00:00+00:00
LEAD-000072,CUST-000072,VEH-008513,SALES-024,Inbound Call,Won,62,"profile=Warm, vehicle selected, down payment",Preferences captured; comparing suitable vehicles and ownership costs.,2026-06-06T04:00:00+00:00
LEAD-000073,CUST-000073,VEH-000784,SALES-001,Website,Appointment Set,70,"profile=Warm, 30-day, vehicle selected, down payment",Preferences captured; comparing suitable vehicles and ownership costs.,2026-04-28T06:00:00+00:00
LEAD-000074,CUST-000074,VEH-007710,SALES-002,Inbound Call,Lost,42,"profile=Research, vehicle selected, down payment",Early research stage; provide options without pressuring for commitment.,2026-07-15T07:00:00+00:00
LEAD-000075,CUST-000075,VEH-006702,SALES-003,Website,New,65,"profile=Warm, 30-day, vehicle selected",Preferences captured; comparing suitable vehicles and ownership costs.,2026-08-24T11:00:00+00:00
LEAD-000076,CUST-000076,VEH-003617,SALES-004,Inbound Call,New,70,"profile=Warm, 30-day, vehicle selected, down payment",Preferences captured; comparing suitable vehicles and ownership costs.,2026-06-30T19:00:00+00:00
LEAD-000077,CUST-000077,VEH-006534,SALES-005,Inbound Call,Won,92,"profile=Hot, near-term, vehicle selected",Specific near-term purchase intent; ready for inventory shortlist.,2026-08-17T02:00:00+00:00
LEAD-000078,CUST-000078,VEH-007250,SALES-006,Paid Search,Qualified,62,"profile=Warm, vehicle selected, down payment",Preferences captured; comparing suitable vehicles and ownership costs.,2026-05-17T21:00:00+00:00
LEAD-000079,CUST-000079,VEH-007718,SALES-007,Social Media,Appointment Set,65,"profile=Warm, 30-day, vehicle selected",Preferences captured; comparing suitable vehicles and ownership costs.,2026-05-16T10:00:00+00:00
LEAD-000080,CUST-000080,VEH-003408,SALES-008,Inbound Call,Qualified,70,"profile=Warm, 30-day, vehicle selected, down payment",Preferences captured; comparing suitable vehicles and ownership costs.,2026-05-03T13:00:00+00:00
LEAD-000081,CUST-000081,VEH-009464,SALES-009,Social Media,Contacted,90,"profile=Hot, 30-day, vehicle selected, down payment",Specific near-term purchase intent; ready for inventory shortlist.,2026-07-28T10:00:00+00:00
LEAD-000082,CUST-000082,VEH-000862,SALES-010,Referral,Qualified,42,"profile=Research, vehicle selected, down payment",Early research stage; provide options without pressuring for commitment.,2026-07-28T07:00:00+00:00
LEAD-000083,CUST-000083,,SALES-011,Referral,New,63,"profile=Warm, 30-day, down payment",Preferences captured; comparing suitable vehicles and ownership costs.,2026-05-23T03:00:00+00:00
LEAD-000084,CUST-000084,VEH-004198,SALES-012,Social Media,New,62,"profile=Warm, vehicle selected, down payment",Preferences captured; comparing suitable vehicles and ownership costs.,2026-05-28T00:00:00+00:00
LEAD-000085,CUST-000085,VEH-008336,SALES-013,Vehicle Marketplace,Qualified,37,"profile=Research, vehicle selected",Early research stage; provide options without pressuring for commitment.,2026-07-27T22:00:00+00:00
LEAD-000086,CUST-000086,VEH-006378,SALES-014,Website,Appointment Set,42,"profile=Research, vehicle selected, down payment",Early research stage; provide options without pressuring for commitment.,2026-08-24T21:00:00+00:00
LEAD-000087,CUST-000087,,SALES-015,Website,Qualified,90,"profile=Hot, near-term, down payment",Specific near-term purchase intent; ready for inventory shortlist.,2026-06-22T09:00:00+00:00
LEAD-000088,CUST-000088,VEH-006684,SALES-016,Social Media,New,92,"profile=Hot, near-term, vehicle selected",Specific near-term purchase intent; ready for inventory shortlist.,2026-05-19T19:00:00+00:00
LEAD-000089,CUST-000089,VEH-008799,SALES-017,Social Media,Qualified,42,"profile=Research, vehicle selected, down payment",Early research stage; provide options without pressuring for commitment.,2026-05-04T14:00:00+00:00
LEAD-000090,CUST-000090,VEH-004696,SALES-018,Website,Contacted,97,"profile=Hot, near-term, vehicle selected, down payment",Specific near-term purchase intent; ready for inventory shortlist.,2026-07-21T21:00:00+00:00
LEAD-000091,CUST-000091,VEH-007403,SALES-019,Website,Won,70,"profile=Warm, 30-day, vehicle selected, down payment",Preferences captured; comparing suitable vehicles and ownership costs.,2026-06-08T14:00:00+00:00
LEAD-000092,CUST-000092,VEH-005595,SALES-020,Social Media,Lost,65,"profile=Warm, 30-day, vehicle selected",Preferences captured; comparing suitable vehicles and ownership costs.,2026-07-12T12:00:00+00:00
LEAD-000093,CUST-000093,VEH-006618,SALES-021,Referral,Won,42,"profile=Research, vehicle selected, down payment",Early research stage; provide options without pressuring for commitment.,2026-06-24T06:00:00+00:00
LEAD-000094,CUST-000094,VEH-008769,SALES-022,Vehicle Marketplace,New,37,"profile=Research, vehicle selected",Early research stage; provide options without pressuring for commitment.,2026-08-06T05:00:00+00:00
LEAD-000095,CUST-000095,VEH-005737,SALES-023,Walk-In,Contacted,70,"profile=Warm, 30-day, vehicle selected, down payment",Preferences captured; comparing suitable vehicles and ownership costs.,2026-07-02T11:00:00+00:00
LEAD-000096,CUST-000096,VEH-002727,SALES-024,Vehicle Marketplace,Qualified,70,"profile=Warm, 30-day, vehicle selected, down payment",Preferences captured; comparing suitable vehicles and ownership costs.,2026-05-30T03:00:00+00:00
LEAD-000097,CUST-000097,VEH-005789,SALES-001,Vehicle Marketplace,Contacted,42,"profile=Research, vehicle selected, down payment",Early research stage; provide options without pressuring for commitment.,2026-07-07T21:00:00+00:00
LEAD-000098,CUST-000098,VEH-008802,SALES-002,Paid Search,Contacted,32,"profile=Edge Case, vehicle selected, down payment",Requirements may conflict with budget or contact preferences; clarify before action.,2026-05-19T15:00:00+00:00
LEAD-000099,CUST-000099,,SALES-003,Paid Search,New,85,"profile=Hot, near-term",Specific near-term purchase intent; ready for inventory shortlist.,2026-05-24T20:00:00+00:00
LEAD-000100,CUST-000100,,SALES-004,Website,Contacted,85,"profile=Hot, near-term",Specific near-term purchase intent; ready for inventory shortlist.,2026-06-28T19:00:00+00:00
LEAD-000101,CUST-000101,VEH-001306,SALES-005,Inbound Call,Qualified,65,"profile=Warm, 30-day, vehicle selected",Preferences captured; comparing suitable vehicles and ownership costs.,2026-06-17T02:00:00+00:00
LEAD-000102,CUST-000102,VEH-001693,SALES-006,Website,New,70,"profile=Warm, 30-day, vehicle selected, down payment",Preferences captured; comparing suitable vehicles and ownership costs.,2026-05-18T03:00:00+00:00
LEAD-000103,CUST-000103,VEH-006671,SALES-007,Website,Qualified,37,"profile=Research, vehicle selected",Early research stage; provide options without pressuring for commitment.,2026-05-02T16:00:00+00:00
LEAD-000104,CUST-000104,VEH-006062,SALES-008,Inbound Call,Qualified,42,"profile=Research, vehicle selected, down payment",Early research stage; provide options without pressuring for commitment.,2026-05-12T01:00:00+00:00
LEAD-000105,CUST-000105,,SALES-009,Website,Won,25,"profile=Edge Case, down payment",Requirements may conflict with budget or contact preferences; clarify before action.,2026-08-23T14:00:00+00:00
LEAD-000106,CUST-000106,,SALES-010,Walk-In,Won,35,"profile=Research, down payment",Early research stage; provide options without pressuring for commitment.,2026-06-08T13:00:00+00:00
LEAD-000107,CUST-000107,VEH-005658,SALES-011,Walk-In,Appointment Set,32,"profile=Edge Case, vehicle selected, down payment",Requirements may conflict with budget or contact preferences; clarify before action.,2026-08-06T03:00:00+00:00
LEAD-000108,CUST-000108,VEH-000560,SALES-012,Inbound Call,Contacted,62,"profile=Warm, vehicle selected, down payment",Preferences captured; comparing suitable vehicles and ownership costs.,2026-07-31T08:00:00+00:00
LEAD-000109,CUST-000109,VEH-009034,SALES-013,Walk-In,New,62,"profile=Warm, vehicle selected, down payment",Preferences captured; comparing suitable vehicles and ownership costs.,2026-07-09T11:00:00+00:00
LEAD-000110,CUST-000110,VEH-004317,SALES-014,Inbound Call,Appointment Set,62,"profile=Warm, vehicle selected, down payment",Preferences captured; comparing suitable vehicles and ownership costs.,2026-08-07T10:00:00+00:00
LEAD-000111,CUST-000111,,SALES-015,Paid Search,Lost,35,"profile=Research, down payment",Early research stage; provide options without pressuring for commitment.,2026-05-12T03:00:00+00:00
LEAD-000112,CUST-000112,,SALES-016,Walk-In,New,30,profile=Research,Early research stage; provide options without pressuring for commitment.,2026-08-14T05:00:00+00:00
LEAD-000113,CUST-000113,,SALES-017,Paid Search,Contacted,90,"profile=Hot, near-term, down payment",Specific near-term purchase intent; ready for inventory shortlist.,2026-06-08T12:00:00+00:00
LEAD-000114,CUST-000114,VEH-001383,SALES-018,Vehicle Marketplace,Lost,37,"profile=Research, vehicle selected",Early research stage; provide options without pressuring for commitment.,2026-05-08T08:00:00+00:00
LEAD-000115,CUST-000115,VEH-002370,SALES-019,Referral,Qualified,57,"profile=Warm, vehicle selected",Preferences captured; comparing suitable vehicles and ownership costs.,2026-08-12T10:00:00+00:00
LEAD-000116,CUST-000116,VEH-004139,SALES-020,Walk-In,Appointment Set,97,"profile=Hot, near-term, vehicle selected, down payment",Specific near-term purchase intent; ready for inventory shortlist.,2026-07-05T18:00:00+00:00
LEAD-000117,CUST-000117,,SALES-021,Vehicle Marketplace,Appointment Set,90,"profile=Hot, near-term, down payment",Specific near-term purchase intent; ready for inventory shortlist.,2026-08-12T14:00:00+00:00
LEAD-000118,CUST-000118,VEH-000565,SALES-022,Referral,New,42,"profile=Research, vehicle selected, down payment",Early research stage; provide options without pressuring for commitment.,2026-05-02T09:00:00+00:00
LEAD-000119,CUST-000119,,SALES-023,Paid Search,Qualified,35,"profile=Research, down payment",Early research stage; provide options without pressuring for commitment.,2026-07-22T15:00:00+00:00
LEAD-000120,CUST-000120,,SALES-024,Website,Qualified,55,"profile=Warm, down payment",Preferences captured; comparing suitable vehicles and ownership costs.,2026-06-01T13:00:00+00:00
LEAD-000121,CUST-000121,VEH-007844,SALES-001,Vehicle Marketplace,Won,97,"profile=Hot, near-term, vehicle selected, down payment",Specific near-term purchase intent; ready for inventory shortlist.,2026-05-31T14:00:00+00:00
LEAD-000122,CUST-000122,VEH-004543,SALES-002,Website,Contacted,90,"profile=Hot, 30-day, vehicle selected, down payment",Specific near-term purchase intent; ready for inventory shortlist.,2026-05-28T07:00:00+00:00
LEAD-000123,CUST-000123,VEH-001593,SALES-003,Vehicle Marketplace,Appointment Set,37,"profile=Research, vehicle selected",Early research stage; provide options without pressuring for commitment.,2026-07-03T18:00:00+00:00
LEAD-000124,CUST-000124,VEH-006517,SALES-004,Referral,Appointment Set,70,"profile=Warm, 30-day, vehicle selected, down payment",Preferences captured; comparing suitable vehicles and ownership costs.,2026-04-27T01:00:00+00:00
LEAD-000125,CUST-000125,VEH-001275,SALES-005,Social Media,Contacted,42,"profile=Research, vehicle selected, down payment",Early research stage; provide options without pressuring for commitment.,2026-06-05T00:00:00+00:00
LEAD-000126,CUST-000126,VEH-007575,SALES-006,Paid Search,New,70,"profile=Warm, 30-day, vehicle selected, down payment",Preferences captured; comparing suitable vehicles and ownership costs.,2026-08-14T09:00:00+00:00
LEAD-000127,CUST-000127,VEH-004422,SALES-007,Social Media,Lost,42,"profile=Research, vehicle selected, down payment",Early research stage; provide options without pressuring for commitment.,2026-08-23T05:00:00+00:00
LEAD-000128,CUST-000128,,SALES-008,Social Media,New,30,profile=Research,Early research stage; provide options without pressuring for commitment.,2026-07-18T08:00:00+00:00
LEAD-000129,CUST-000129,,SALES-009,Website,Won,63,"profile=Warm, 30-day, down payment",Preferences captured; comparing suitable vehicles and ownership costs.,2026-07-02T08:00:00+00:00
LEAD-000130,CUST-000130,VEH-005990,SALES-010,Inbound Call,Contacted,42,"profile=Research, vehicle selected, down payment",Early research stage; provide options without pressuring for commitment.,2026-05-13T02:00:00+00:00
LEAD-000131,CUST-000131,VEH-001538,SALES-011,Inbound Call,Qualified,37,"profile=Research, vehicle selected",Early research stage; provide options without pressuring for commitment.,2026-06-17T16:00:00+00:00
LEAD-000132,CUST-000132,,SALES-012,Referral,New,25,"profile=Edge Case, down payment",Requirements may conflict with budget or contact preferences; clarify before action.,2026-06-14T22:00:00+00:00
LEAD-000133,CUST-000133,VEH-006245,SALES-013,Referral,Contacted,90,"profile=Hot, 30-day, vehicle selected, down payment",Specific near-term purchase intent; ready for inventory shortlist.,2026-06-10T04:00:00+00:00
LEAD-000134,CUST-000134,VEH-007392,SALES-014,Website,New,57,"profile=Warm, vehicle selected",Preferences captured; comparing suitable vehicles and ownership costs.,2026-08-07T09:00:00+00:00
LEAD-000135,CUST-000135,,SALES-015,Paid Search,New,63,"profile=Warm, 30-day, down payment",Preferences captured; comparing suitable vehicles and ownership costs.,2026-07-29T07:00:00+00:00
LEAD-000136,CUST-000136,VEH-007820,SALES-016,Vehicle Marketplace,Won,70,"profile=Warm, 30-day, vehicle selected, down payment",Preferences captured; comparing suitable vehicles and ownership costs.,2026-06-08T20:00:00+00:00
LEAD-000137,CUST-000137,VEH-007067,SALES-017,Website,Lost,97,"profile=Hot, near-term, vehicle selected, down payment",Specific near-term purchase intent; ready for inventory shortlist.,2026-08-07T18:00:00+00:00
LEAD-000138,CUST-000138,VEH-005944,SALES-018,Vehicle Marketplace,Appointment Set,37,"profile=Research, vehicle selected",Early research stage; provide options without pressuring for commitment.,2026-07-16T00:00:00+00:00
LEAD-000139,CUST-000139,,SALES-019,Social Media,New,50,profile=Warm,Preferences captured; comparing suitable vehicles and ownership costs.,2026-06-24T18:00:00+00:00
LEAD-000140,CUST-000140,VEH-006880,SALES-020,Website,Contacted,40,"profile=Edge Case, 30-day, vehicle selected, down payment",Requirements may conflict with budget or contact preferences; clarify before action.,2026-07-13T04:00:00+00:00
LEAD-000141,CUST-000141,VEH-005466,SALES-021,Website,Qualified,42,"profile=Research, vehicle selected, down payment",Early research stage; provide options without pressuring for commitment.,2026-06-02T04:00:00+00:00
LEAD-000142,CUST-000142,VEH-003101,SALES-022,Inbound Call,Qualified,70,"profile=Warm, 30-day, vehicle selected, down payment",Preferences captured; comparing suitable vehicles and ownership costs.,2026-08-13T15:00:00+00:00
LEAD-000143,CUST-000143,VEH-004701,SALES-023,Website,Appointment Set,97,"profile=Hot, near-term, vehicle selected, down payment",Specific near-term purchase intent; ready for inventory shortlist.,2026-07-14T18:00:00+00:00
LEAD-000144,CUST-000144,VEH-002627,SALES-024,Inbound Call,Contacted,42,"profile=Research, vehicle selected, down payment",Early research stage; provide options without pressuring for commitment.,2026-08-12T02:00:00+00:00
LEAD-000145,CUST-000145,VEH-005232,SALES-001,Referral,Appointment Set,42,"profile=Research, vehicle selected, down payment",Early research stage; provide options without pressuring for commitment.,2026-04-29T05:00:00+00:00
LEAD-000146,CUST-000146,VEH-004864,SALES-002,Walk-In,Appointment Set,70,"profile=Warm, 30-day, vehicle selected, down payment",Preferences captured; comparing suitable vehicles and ownership costs.,2026-06-22T08:00:00+00:00
LEAD-000147,CUST-000147,VEH-009498,SALES-003,Paid Search,Appointment Set,42,"profile=Research, vehicle selected, down payment",Early research stage; provide options without pressuring for commitment.,2026-07-04T17:00:00+00:00
LEAD-000148,CUST-000148,VEH-008915,SALES-004,Inbound Call,Appointment Set,32,"profile=Edge Case, vehicle selected, down payment",Requirements may conflict with budget or contact preferences; clarify before action.,2026-07-18T09:00:00+00:00
LEAD-000149,CUST-000149,VEH-002126,SALES-005,Social Media,Appointment Set,85,"profile=Hot, 30-day, vehicle selected",Specific near-term purchase intent; ready for inventory shortlist.,2026-04-29T05:00:00+00:00
LEAD-000150,CUST-000150,,SALES-006,Inbound Call,Contacted,63,"profile=Warm, 30-day, down payment",Preferences captured; comparing suitable vehicles and ownership costs.,2026-08-19T06:00:00+00:00
LEAD-000151,CUST-000151,VEH-000849,SALES-007,Inbound Call,Contacted,70,"profile=Warm, 30-day, vehicle selected, down payment",Preferences captured; comparing suitable vehicles and ownership costs.,2026-07-15T06:00:00+00:00
LEAD-000152,CUST-000152,VEH-001178,SALES-008,Website,Contacted,62,"profile=Warm, vehicle selected, down payment",Preferences captured; comparing suitable vehicles and ownership costs.,2026-06-24T16:00:00+00:00
LEAD-000153,CUST-000153,VEH-003257,SALES-009,Social Media,Appointment Set,32,"profile=Edge Case, vehicle selected, down payment",Requirements may conflict with budget or contact preferences; clarify before action.,2026-05-30T05:00:00+00:00
LEAD-000154,CUST-000154,VEH-000801,SALES-010,Website,Appointment Set,42,"profile=Research, vehicle selected, down payment",Early research stage; provide options without pressuring for commitment.,2026-07-07T18:00:00+00:00
LEAD-000155,CUST-000155,VEH-001031,SALES-011,Paid Search,Contacted,62,"profile=Warm, vehicle selected, down payment",Preferences captured; comparing suitable vehicles and ownership costs.,2026-08-21T19:00:00+00:00
LEAD-000156,CUST-000156,VEH-008734,SALES-012,Walk-In,Qualified,62,"profile=Warm, vehicle selected, down payment",Preferences captured; comparing suitable vehicles and ownership costs.,2026-07-05T14:00:00+00:00
LEAD-000157,CUST-000157,VEH-001579,SALES-013,Website,Qualified,97,"profile=Hot, near-term, vehicle selected, down payment",Specific near-term purchase intent; ready for inventory shortlist.,2026-07-30T13:00:00+00:00
LEAD-000158,CUST-000158,,SALES-014,Social Media,Contacted,30,profile=Research,Early research stage; provide options without pressuring for commitment.,2026-08-14T16:00:00+00:00
LEAD-000159,CUST-000159,VEH-007288,SALES-015,Website,New,32,"profile=Edge Case, vehicle selected, down payment",Requirements may conflict with budget or contact preferences; clarify before action.,2026-05-05T19:00:00+00:00
LEAD-000160,CUST-000160,,SALES-016,Paid Search,New,55,"profile=Warm, down payment",Preferences captured; comparing suitable vehicles and ownership costs.,2026-06-30T09:00:00+00:00
LEAD-000161,CUST-000161,VEH-008123,SALES-017,Website,Contacted,42,"profile=Research, vehicle selected, down payment",Early research stage; provide options without pressuring for commitment.,2026-06-10T09:00:00+00:00
LEAD-000162,CUST-000162,VEH-002825,SALES-018,Website,Contacted,37,"profile=Research, vehicle selected",Early research stage; provide options without pressuring for commitment.,2026-07-02T17:00:00+00:00
LEAD-000163,CUST-000163,,SALES-019,Social Media,Contacted,33,"profile=Edge Case, 30-day, down payment",Requirements may conflict with budget or contact preferences; clarify before action.,2026-06-01T12:00:00+00:00
LEAD-000164,CUST-000164,VEH-006814,SALES-020,Inbound Call,Contacted,37,"profile=Research, vehicle selected",Early research stage; provide options without pressuring for commitment.,2026-05-11T18:00:00+00:00
LEAD-000165,CUST-000165,VEH-002688,SALES-021,Referral,Qualified,97,"profile=Hot, near-term, vehicle selected, down payment",Specific near-term purchase intent; ready for inventory shortlist.,2026-08-02T11:00:00+00:00
LEAD-000166,CUST-000166,VEH-008672,SALES-022,Walk-In,New,70,"profile=Warm, 30-day, vehicle selected, down payment",Preferences captured; comparing suitable vehicles and ownership costs.,2026-08-22T13:00:00+00:00
LEAD-000167,CUST-000167,VEH-007271,SALES-023,Referral,Appointment Set,37,"profile=Research, vehicle selected",Early research stage; provide options without pressuring for commitment.,2026-05-01T08:00:00+00:00
LEAD-000168,CUST-000168,VEH-000780,SALES-024,Paid Search,Contacted,70,"profile=Warm, 30-day, vehicle selected, down payment",Preferences captured; comparing suitable vehicles and ownership costs.,2026-08-20T11:00:00+00:00
LEAD-000169,CUST-000169,VEH-002113,SALES-001,Website,Appointment Set,57,"profile=Warm, vehicle selected",Preferences captured; comparing suitable vehicles and ownership costs.,2026-07-25T14:00:00+00:00
LEAD-000170,CUST-000170,VEH-009412,SALES-002,Referral,Appointment Set,42,"profile=Research, vehicle selected, down payment",Early research stage; provide options without pressuring for commitment.,2026-07-22T22:00:00+00:00
LEAD-000171,CUST-000171,VEH-004363,SALES-003,Walk-In,Contacted,47,"profile=Edge Case, near-term, vehicle selected, down payment",Requirements may conflict with budget or contact preferences; clarify before action.,2026-07-02T09:00:00+00:00
LEAD-000172,CUST-000172,VEH-001899,SALES-004,Social Media,Qualified,97,"profile=Hot, near-term, vehicle selected, down payment",Specific near-term purchase intent; ready for inventory shortlist.,2026-08-08T05:00:00+00:00
LEAD-000173,CUST-000173,VEH-006915,SALES-005,Inbound Call,Won,70,"profile=Warm, 30-day, vehicle selected, down payment",Preferences captured; comparing suitable vehicles and ownership costs.,2026-06-07T07:00:00+00:00
LEAD-000174,CUST-000174,VEH-000847,SALES-006,Website,Won,70,"profile=Warm, 30-day, vehicle selected, down payment",Preferences captured; comparing suitable vehicles and ownership costs.,2026-08-06T12:00:00+00:00
LEAD-000175,CUST-000175,,SALES-007,Website,Appointment Set,35,"profile=Edge Case, near-term",Requirements may conflict with budget or contact preferences; clarify before action.,2026-07-24T17:00:00+00:00
LEAD-000176,CUST-000176,VEH-003088,SALES-008,Social Media,Contacted,92,"profile=Hot, near-term, vehicle selected",Specific near-term purchase intent; ready for inventory shortlist.,2026-05-22T01:00:00+00:00
LEAD-000177,CUST-000177,VEH-005682,SALES-009,Website,Appointment Set,37,"profile=Research, vehicle selected",Early research stage; provide options without pressuring for commitment.,2026-07-17T20:00:00+00:00
LEAD-000178,CUST-000178,VEH-002389,SALES-010,Paid Search,Qualified,65,"profile=Warm, 30-day, vehicle selected",Preferences captured; comparing suitable vehicles and ownership costs.,2026-08-20T16:00:00+00:00
LEAD-000179,CUST-000179,VEH-005024,SALES-011,Social Media,Qualified,92,"profile=Hot, near-term, vehicle selected",Specific near-term purchase intent; ready for inventory shortlist.,2026-07-14T23:00:00+00:00
LEAD-000180,CUST-000180,VEH-006332,SALES-012,Website,New,42,"profile=Research, vehicle selected, down payment",Early research stage; provide options without pressuring for commitment.,2026-08-21T10:00:00+00:00
LEAD-000181,CUST-000181,VEH-007077,SALES-013,Inbound Call,Contacted,65,"profile=Warm, 30-day, vehicle selected",Preferences captured; comparing suitable vehicles and ownership costs.,2026-08-19T11:00:00+00:00
LEAD-000182,CUST-000182,,SALES-014,Referral,Contacted,78,"profile=Hot, 30-day",Specific near-term purchase intent; ready for inventory shortlist.,2026-07-15T07:00:00+00:00
LEAD-000183,CUST-000183,VEH-006834,SALES-015,Vehicle Marketplace,Qualified,42,"profile=Research, vehicle selected, down payment",Early research stage; provide options without pressuring for commitment.,2026-05-18T04:00:00+00:00
LEAD-000184,CUST-000184,,SALES-016,Walk-In,Qualified,35,"profile=Research, down payment",Early research stage; provide options without pressuring for commitment.,2026-07-22T10:00:00+00:00
LEAD-000185,CUST-000185,,SALES-017,Vehicle Marketplace,Qualified,35,"profile=Research, down payment",Early research stage; provide options without pressuring for commitment.,2026-05-25T08:00:00+00:00
LEAD-000186,CUST-000186,VEH-004612,SALES-018,Referral,Appointment Set,97,"profile=Hot, near-term, vehicle selected, down payment",Specific near-term purchase intent; ready for inventory shortlist.,2026-08-06T23:00:00+00:00
LEAD-000187,CUST-000187,VEH-005229,SALES-019,Social Media,Appointment Set,42,"profile=Research, vehicle selected, down payment",Early research stage; provide options without pressuring for commitment.,2026-08-14T11:00:00+00:00
LEAD-000188,CUST-000188,VEH-002204,SALES-020,Vehicle Marketplace,Appointment Set,70,"profile=Warm, 30-day, vehicle selected, down payment",Preferences captured; comparing suitable vehicles and ownership costs.,2026-06-04T11:00:00+00:00
LEAD-000189,CUST-000189,VEH-003372,SALES-021,Social Media,Appointment Set,70,"profile=Warm, 30-day, vehicle selected, down payment",Preferences captured; comparing suitable vehicles and ownership costs.,2026-05-24T01:00:00+00:00
LEAD-000190,CUST-000190,VEH-000773,SALES-022,Paid Search,Qualified,65,"profile=Warm, 30-day, vehicle selected",Preferences captured; comparing suitable vehicles and ownership costs.,2026-06-07T04:00:00+00:00
LEAD-000191,CUST-000191,,SALES-023,Vehicle Marketplace,Contacted,30,profile=Research,Early research stage; provide options without pressuring for commitment.,2026-06-26T18:00:00+00:00
LEAD-000192,CUST-000192,VEH-002084,SALES-024,Vehicle Marketplace,Contacted,37,"profile=Research, vehicle selected",Early research stage; provide options without pressuring for commitment.,2026-08-04T20:00:00+00:00
LEAD-000193,CUST-000193,VEH-008198,SALES-001,Social Media,Contacted,42,"profile=Research, vehicle selected, down payment",Early research stage; provide options without pressuring for commitment.,2026-06-15T03:00:00+00:00
LEAD-000194,CUST-000194,VEH-008912,SALES-002,Paid Search,Won,70,"profile=Warm, 30-day, vehicle selected, down payment",Preferences captured; comparing suitable vehicles and ownership costs.,2026-05-09T19:00:00+00:00
LEAD-000195,CUST-000195,VEH-003021,SALES-003,Inbound Call,Won,70,"profile=Warm, 30-day, vehicle selected, down payment",Preferences captured; comparing suitable vehicles and ownership costs.,2026-08-10T13:00:00+00:00
LEAD-000196,CUST-000196,VEH-006261,SALES-004,Website,New,47,"profile=Edge Case, near-term, vehicle selected, down payment",Requirements may conflict with budget or contact preferences; clarify before action.,2026-05-31T03:00:00+00:00
LEAD-000197,CUST-000197,VEH-002027,SALES-005,Website,Won,37,"profile=Research, vehicle selected",Early research stage; provide options without pressuring for commitment.,2026-07-08T10:00:00+00:00
LEAD-000198,CUST-000198,VEH-002238,SALES-006,Walk-In,Won,37,"profile=Research, vehicle selected",Early research stage; provide options without pressuring for commitment.,2026-07-24T03:00:00+00:00
LEAD-000199,CUST-000199,VEH-007138,SALES-007,Social Media,Contacted,42,"profile=Research, vehicle selected, down payment",Early research stage; provide options without pressuring for commitment.,2026-06-17T13:00:00+00:00
LEAD-000200,CUST-000200,VEH-000283,SALES-008,Walk-In,New,62,"profile=Warm, vehicle selected, down payment",Preferences captured; comparing suitable vehicles and ownership costs.,2026-08-15T03:00:00+00:00
LEAD-000201,CUST-000201,VEH-002194,SALES-009,Website,Qualified,62,"profile=Warm, vehicle selected, down payment",Preferences captured; comparing suitable vehicles and ownership costs.,2026-05-31T01:00:00+00:00
LEAD-000202,CUST-000202,,SALES-010,Paid Search,Won,55,"profile=Warm, down payment",Preferences captured; comparing suitable vehicles and ownership costs.,2026-07-27T01:00:00+00:00
LEAD-000203,CUST-000203,VEH-004790,SALES-011,Website,New,62,"profile=Warm, vehicle selected, down payment",Preferences captured; comparing suitable vehicles and ownership costs.,2026-07-18T11:00:00+00:00
LEAD-000204,CUST-000204,VEH-002412,SALES-012,Vehicle Marketplace,Qualified,65,"profile=Warm, 30-day, vehicle selected",Preferences captured; comparing suitable vehicles and ownership costs.,2026-05-19T20:00:00+00:00
LEAD-000205,CUST-000205,VEH-007634,SALES-013,Inbound Call,Contacted,97,"profile=Hot, near-term, vehicle selected, down payment",Specific near-term purchase intent; ready for inventory shortlist.,2026-06-24T20:00:00+00:00
LEAD-000206,CUST-000206,VEH-009293,SALES-014,Website,Qualified,42,"profile=Research, vehicle selected, down payment",Early research stage; provide options without pressuring for commitment.,2026-05-23T15:00:00+00:00
LEAD-000207,CUST-000207,,SALES-015,Social Media,Lost,85,"profile=Hot, near-term",Specific near-term purchase intent; ready for inventory shortlist.,2026-07-31T14:00:00+00:00
LEAD-000208,CUST-000208,VEH-006607,SALES-016,Referral,Contacted,37,"profile=Research, vehicle selected",Early research stage; provide options without pressuring for commitment.,2026-07-28T08:00:00+00:00
LEAD-000209,CUST-000209,VEH-004555,SALES-017,Social Media,Appointment Set,42,"profile=Research, vehicle selected, down payment",Early research stage; provide options without pressuring for commitment.,2026-07-04T22:00:00+00:00
LEAD-000210,CUST-000210,VEH-003148,SALES-018,Walk-In,Contacted,97,"profile=Hot, near-term, vehicle selected, down payment",Specific near-term purchase intent; ready for inventory shortlist.,2026-07-28T22:00:00+00:00
LEAD-000211,CUST-000211,,SALES-019,Paid Search,Lost,35,"profile=Research, down payment",Early research stage; provide options without pressuring for commitment.,2026-07-01T18:00:00+00:00
LEAD-000212,CUST-000212,VEH-002739,SALES-020,Website,Qualified,57,"profile=Warm, vehicle selected",Preferences captured; comparing suitable vehicles and ownership costs.,2026-08-18T03:00:00+00:00
LEAD-000213,CUST-000213,,SALES-021,Inbound Call,Won,25,"profile=Edge Case, down payment",Requirements may conflict with budget or contact preferences; clarify before action.,2026-08-04T05:00:00+00:00
LEAD-000214,CUST-000214,VEH-009686,SALES-022,Social Media,Qualified,97,"profile=Hot, near-term, vehicle selected, down payment",Specific near-term purchase intent; ready for inventory shortlist.,2026-08-19T06:00:00+00:00
LEAD-000215,CUST-000215,VEH-002814,SALES-023,Walk-In,New,37,"profile=Research, vehicle selected",Early research stage; provide options without pressuring for commitment.,2026-05-08T03:00:00+00:00
LEAD-000216,CUST-000216,,SALES-024,Website,Contacted,30,profile=Research,Early research stage; provide options without pressuring for commitment.,2026-07-31T20:00:00+00:00
LEAD-000217,CUST-000217,VEH-008381,SALES-001,Website,Appointment Set,57,"profile=Warm, vehicle selected",Preferences captured; comparing suitable vehicles and ownership costs.,2026-05-01T11:00:00+00:00
LEAD-000218,CUST-000218,VEH-002896,SALES-002,Social Media,Won,65,"profile=Warm, 30-day, vehicle selected",Preferences captured; comparing suitable vehicles and ownership costs.,2026-05-30T05:00:00+00:00
LEAD-000219,CUST-000219,VEH-009987,SALES-003,Inbound Call,New,62,"profile=Warm, vehicle selected, down payment",Preferences captured; comparing suitable vehicles and ownership costs.,2026-07-21T13:00:00+00:00
LEAD-000220,CUST-000220,,SALES-004,Paid Search,New,35,"profile=Research, down payment",Early research stage; provide options without pressuring for commitment.,2026-08-11T06:00:00+00:00
LEAD-000221,CUST-000221,VEH-000358,SALES-005,Social Media,Won,70,"profile=Warm, 30-day, vehicle selected, down payment",Preferences captured; comparing suitable vehicles and ownership costs.,2026-06-30T06:00:00+00:00
LEAD-000222,CUST-000222,VEH-007764,SALES-006,Paid Search,New,37,"profile=Research, vehicle selected",Early research stage; provide options without pressuring for commitment.,2026-08-12T14:00:00+00:00
LEAD-000223,CUST-000223,VEH-000129,SALES-007,Inbound Call,Contacted,65,"profile=Warm, 30-day, vehicle selected",Preferences captured; comparing suitable vehicles and ownership costs.,2026-07-23T20:00:00+00:00
LEAD-000224,CUST-000224,VEH-000054,SALES-008,Website,New,37,"profile=Research, vehicle selected",Early research stage; provide options without pressuring for commitment.,2026-06-22T07:00:00+00:00
LEAD-000225,CUST-000225,VEH-000166,SALES-009,Referral,Appointment Set,70,"profile=Warm, 30-day, vehicle selected, down payment",Preferences captured; comparing suitable vehicles and ownership costs.,2026-06-29T12:00:00+00:00
LEAD-000226,CUST-000226,,SALES-010,Website,Contacted,33,"profile=Edge Case, 30-day, down payment",Requirements may conflict with budget or contact preferences; clarify before action.,2026-06-17T13:00:00+00:00
LEAD-000227,CUST-000227,,SALES-011,Walk-In,Won,35,"profile=Research, down payment",Early research stage; provide options without pressuring for commitment.,2026-07-27T05:00:00+00:00
LEAD-000228,CUST-000228,VEH-008151,SALES-012,Website,Contacted,70,"profile=Warm, 30-day, vehicle selected, down payment",Preferences captured; comparing suitable vehicles and ownership costs.,2026-05-19T23:00:00+00:00
LEAD-000229,CUST-000229,,SALES-013,Referral,Qualified,35,"profile=Research, down payment",Early research stage; provide options without pressuring for commitment.,2026-05-10T17:00:00+00:00
LEAD-000230,CUST-000230,VEH-000267,SALES-014,Walk-In,Qualified,62,"profile=Warm, vehicle selected, down payment",Preferences captured; comparing suitable vehicles and ownership costs.,2026-05-25T07:00:00+00:00
LEAD-000231,CUST-000231,VEH-007235,SALES-015,Website,Contacted,97,"profile=Hot, near-term, vehicle selected, down payment",Specific near-term purchase intent; ready for inventory shortlist.,2026-04-27T15:00:00+00:00
LEAD-000232,CUST-000232,VEH-009286,SALES-016,Referral,Appointment Set,42,"profile=Research, vehicle selected, down payment",Early research stage; provide options without pressuring for commitment.,2026-08-22T08:00:00+00:00
LEAD-000233,CUST-000233,,SALES-017,Walk-In,Qualified,35,"profile=Research, down payment",Early research stage; provide options without pressuring for commitment.,2026-06-03T10:00:00+00:00
LEAD-000234,CUST-000234,VEH-009608,SALES-018,Website,Lost,62,"profile=Warm, vehicle selected, down payment",Preferences captured; comparing suitable vehicles and ownership costs.,2026-06-19T16:00:00+00:00
LEAD-000235,CUST-000235,VEH-001213,SALES-019,Website,Contacted,42,"profile=Research, vehicle selected, down payment",Early research stage; provide options without pressuring for commitment.,2026-06-13T04:00:00+00:00
LEAD-000236,CUST-000236,VEH-006017,SALES-020,Referral,Qualified,37,"profile=Research, vehicle selected",Early research stage; provide options without pressuring for commitment.,2026-06-20T05:00:00+00:00
LEAD-000237,CUST-000237,VEH-000234,SALES-021,Referral,Qualified,70,"profile=Warm, 30-day, vehicle selected, down payment",Preferences captured; comparing suitable vehicles and ownership costs.,2026-06-09T12:00:00+00:00
LEAD-000238,CUST-000238,VEH-002892,SALES-022,Website,Contacted,27,"profile=Edge Case, vehicle selected",Requirements may conflict with budget or contact preferences; clarify before action.,2026-08-06T08:00:00+00:00
LEAD-000239,CUST-000239,,SALES-023,Paid Search,New,50,profile=Warm,Preferences captured; comparing suitable vehicles and ownership costs.,2026-05-22T09:00:00+00:00
LEAD-000240,CUST-000240,VEH-008207,SALES-024,Website,Qualified,42,"profile=Research, vehicle selected, down payment",Early research stage; provide options without pressuring for commitment.,2026-05-02T16:00:00+00:00
LEAD-000241,CUST-000241,VEH-005840,SALES-001,Referral,New,37,"profile=Research, vehicle selected",Early research stage; provide options without pressuring for commitment.,2026-06-11T03:00:00+00:00
LEAD-000242,CUST-000242,VEH-005305,SALES-002,Vehicle Marketplace,New,37,"profile=Research, vehicle selected",Early research stage; provide options without pressuring for commitment.,2026-05-25T04:00:00+00:00
LEAD-000243,CUST-000243,VEH-003595,SALES-003,Paid Search,Qualified,62,"profile=Warm, vehicle selected, down payment",Preferences captured; comparing suitable vehicles and ownership costs.,2026-07-01T04:00:00+00:00
LEAD-000244,CUST-000244,VEH-005157,SALES-004,Website,Lost,42,"profile=Research, vehicle selected, down payment",Early research stage; provide options without pressuring for commitment.,2026-05-21T22:00:00+00:00
LEAD-000245,CUST-000245,,SALES-005,Paid Search,Appointment Set,90,"profile=Hot, near-term, down payment",Specific near-term purchase intent; ready for inventory shortlist.,2026-07-05T18:00:00+00:00
LEAD-000246,CUST-000246,VEH-000269,SALES-006,Inbound Call,New,57,"profile=Warm, vehicle selected",Preferences captured; comparing suitable vehicles and ownership costs.,2026-06-22T11:00:00+00:00
LEAD-000247,CUST-000247,VEH-007585,SALES-007,Social Media,Won,97,"profile=Hot, near-term, vehicle selected, down payment",Specific near-term purchase intent; ready for inventory shortlist.,2026-07-30T08:00:00+00:00
LEAD-000248,CUST-000248,VEH-006324,SALES-008,Vehicle Marketplace,Contacted,37,"profile=Research, vehicle selected",Early research stage; provide options without pressuring for commitment.,2026-08-04T03:00:00+00:00
LEAD-000249,CUST-000249,VEH-003189,SALES-009,Walk-In,Qualified,85,"profile=Hot, 30-day, vehicle selected",Specific near-term purchase intent; ready for inventory shortlist.,2026-08-05T19:00:00+00:00
LEAD-000250,CUST-000250,VEH-002722,SALES-010,Social Media,Qualified,37,"profile=Research, vehicle selected",Early research stage; provide options without pressuring for commitment.,2026-06-13T00:00:00+00:00
LEAD-000251,CUST-000251,VEH-007179,SALES-011,Social Media,Contacted,42,"profile=Research, vehicle selected, down payment",Early research stage; provide options without pressuring for commitment.,2026-05-09T10:00:00+00:00
LEAD-000252,CUST-000252,VEH-006906,SALES-012,Paid Search,New,62,"profile=Warm, vehicle selected, down payment",Preferences captured; comparing suitable vehicles and ownership costs.,2026-06-21T16:00:00+00:00
LEAD-000253,CUST-000253,VEH-007665,SALES-013,Website,Contacted,70,"profile=Warm, 30-day, vehicle selected, down payment",Preferences captured; comparing suitable vehicles and ownership costs.,2026-07-17T01:00:00+00:00
LEAD-000254,CUST-000254,VEH-006092,SALES-014,Website,Contacted,32,"profile=Edge Case, vehicle selected, down payment",Requirements may conflict with budget or contact preferences; clarify before action.,2026-08-16T17:00:00+00:00
LEAD-000255,CUST-000255,VEH-002500,SALES-015,Inbound Call,Won,42,"profile=Research, vehicle selected, down payment",Early research stage; provide options without pressuring for commitment.,2026-07-27T02:00:00+00:00
LEAD-000256,CUST-000256,,SALES-016,Walk-In,New,63,"profile=Warm, 30-day, down payment",Preferences captured; comparing suitable vehicles and ownership costs.,2026-05-15T11:00:00+00:00
LEAD-000257,CUST-000257,VEH-004499,SALES-017,Inbound Call,Contacted,37,"profile=Research, vehicle selected",Early research stage; provide options without pressuring for commitment.,2026-06-12T13:00:00+00:00
LEAD-000258,CUST-000258,VEH-009052,SALES-018,Vehicle Marketplace,Won,62,"profile=Warm, vehicle selected, down payment",Preferences captured; comparing suitable vehicles and ownership costs.,2026-08-25T08:00:00+00:00
LEAD-000259,CUST-000259,VEH-003807,SALES-019,Website,Qualified,90,"profile=Hot, 30-day, vehicle selected, down payment",Specific near-term purchase intent; ready for inventory shortlist.,2026-06-19T13:00:00+00:00
LEAD-000260,CUST-000260,VEH-000227,SALES-020,Referral,Qualified,62,"profile=Warm, vehicle selected, down payment",Preferences captured; comparing suitable vehicles and ownership costs.,2026-08-17T05:00:00+00:00
LEAD-000261,CUST-000261,VEH-002029,SALES-021,Website,New,37,"profile=Research, vehicle selected",Early research stage; provide options without pressuring for commitment.,2026-05-04T03:00:00+00:00
LEAD-000262,CUST-000262,VEH-003990,SALES-022,Referral,Contacted,42,"profile=Research, vehicle selected, down payment",Early research stage; provide options without pressuring for commitment.,2026-07-13T15:00:00+00:00
LEAD-000263,CUST-000263,VEH-000666,SALES-023,Website,Lost,57,"profile=Warm, vehicle selected",Preferences captured; comparing suitable vehicles and ownership costs.,2026-07-29T06:00:00+00:00
LEAD-000264,CUST-000264,VEH-000526,SALES-024,Inbound Call,Contacted,37,"profile=Research, vehicle selected",Early research stage; provide options without pressuring for commitment.,2026-06-21T23:00:00+00:00
LEAD-000265,CUST-000265,VEH-004431,SALES-001,Website,Qualified,92,"profile=Hot, near-term, vehicle selected",Specific near-term purchase intent; ready for inventory shortlist.,2026-07-07T06:00:00+00:00
LEAD-000266,CUST-000266,VEH-007364,SALES-002,Inbound Call,Contacted,62,"profile=Warm, vehicle selected, down payment",Preferences captured; comparing suitable vehicles and ownership costs.,2026-08-10T08:00:00+00:00
LEAD-000267,CUST-000267,VEH-001007,SALES-003,Website,Qualified,42,"profile=Research, vehicle selected, down payment",Early research stage; provide options without pressuring for commitment.,2026-08-17T09:00:00+00:00
LEAD-000268,CUST-000268,VEH-003965,SALES-004,Walk-In,Appointment Set,70,"profile=Warm, 30-day, vehicle selected, down payment",Preferences captured; comparing suitable vehicles and ownership costs.,2026-05-23T07:00:00+00:00
LEAD-000269,CUST-000269,VEH-007585,SALES-005,Inbound Call,Qualified,97,"profile=Hot, near-term, vehicle selected, down payment",Specific near-term purchase intent; ready for inventory shortlist.,2026-07-17T03:00:00+00:00
LEAD-000270,CUST-000270,VEH-000881,SALES-006,Vehicle Marketplace,Qualified,42,"profile=Research, vehicle selected, down payment",Early research stage; provide options without pressuring for commitment.,2026-07-30T06:00:00+00:00
LEAD-000271,CUST-000271,VEH-002803,SALES-007,Walk-In,Appointment Set,37,"profile=Research, vehicle selected",Early research stage; provide options without pressuring for commitment.,2026-06-22T08:00:00+00:00
LEAD-000272,CUST-000272,VEH-000412,SALES-008,Referral,Qualified,62,"profile=Warm, vehicle selected, down payment",Preferences captured; comparing suitable vehicles and ownership costs.,2026-08-20T22:00:00+00:00
LEAD-000273,CUST-000273,VEH-006714,SALES-009,Social Media,New,37,"profile=Research, vehicle selected",Early research stage; provide options without pressuring for commitment.,2026-05-19T03:00:00+00:00
LEAD-000274,CUST-000274,VEH-000956,SALES-010,Inbound Call,New,90,"profile=Hot, 30-day, vehicle selected, down payment",Specific near-term purchase intent; ready for inventory shortlist.,2026-07-01T11:00:00+00:00
LEAD-000275,CUST-000275,VEH-001641,SALES-011,Vehicle Marketplace,New,65,"profile=Warm, 30-day, vehicle selected",Preferences captured; comparing suitable vehicles and ownership costs.,2026-07-25T21:00:00+00:00
LEAD-000276,CUST-000276,VEH-004182,SALES-012,Inbound Call,Qualified,35,"profile=Edge Case, 30-day, vehicle selected",Requirements may conflict with budget or contact preferences; clarify before action.,2026-05-15T04:00:00+00:00
LEAD-000277,CUST-000277,VEH-001850,SALES-013,Social Media,Qualified,62,"profile=Warm, vehicle selected, down payment",Preferences captured; comparing suitable vehicles and ownership costs.,2026-06-01T03:00:00+00:00
LEAD-000278,CUST-000278,VEH-009820,SALES-014,Website,Appointment Set,65,"profile=Warm, 30-day, vehicle selected",Preferences captured; comparing suitable vehicles and ownership costs.,2026-05-24T14:00:00+00:00
LEAD-000279,CUST-000279,,SALES-015,Website,Qualified,63,"profile=Warm, 30-day, down payment",Preferences captured; comparing suitable vehicles and ownership costs.,2026-06-26T23:00:00+00:00
LEAD-000280,CUST-000280,,SALES-016,Walk-In,New,35,"profile=Research, down payment",Early research stage; provide options without pressuring for commitment.,2026-07-12T05:00:00+00:00
LEAD-000281,CUST-000281,,SALES-017,Inbound Call,Won,90,"profile=Hot, near-term, down payment",Specific near-term purchase intent; ready for inventory shortlist.,2026-07-28T09:00:00+00:00
LEAD-000282,CUST-000282,VEH-003113,SALES-018,Paid Search,Contacted,42,"profile=Edge Case, near-term, vehicle selected",Requirements may conflict with budget or contact preferences; clarify before action.,2026-06-02T18:00:00+00:00
LEAD-000283,CUST-000283,VEH-000255,SALES-019,Paid Search,Appointment Set,97,"profile=Hot, near-term, vehicle selected, down payment",Specific near-term purchase intent; ready for inventory shortlist.,2026-06-28T09:00:00+00:00
LEAD-000284,CUST-000284,VEH-006507,SALES-020,Paid Search,Appointment Set,37,"profile=Research, vehicle selected",Early research stage; provide options without pressuring for commitment.,2026-08-18T01:00:00+00:00
LEAD-000285,CUST-000285,VEH-003049,SALES-021,Referral,Appointment Set,42,"profile=Research, vehicle selected, down payment",Early research stage; provide options without pressuring for commitment.,2026-08-14T05:00:00+00:00
LEAD-000286,CUST-000286,VEH-004767,SALES-022,Referral,New,37,"profile=Research, vehicle selected",Early research stage; provide options without pressuring for commitment.,2026-07-18T04:00:00+00:00
LEAD-000287,CUST-000287,,SALES-023,Social Media,Contacted,58,"profile=Warm, 30-day",Preferences captured; comparing suitable vehicles and ownership costs.,2026-08-12T12:00:00+00:00
LEAD-000288,CUST-000288,,SALES-024,Vehicle Marketplace,Appointment Set,35,"profile=Research, down payment",Early research stage; provide options without pressuring for commitment.,2026-07-06T00:00:00+00:00
LEAD-000289,CUST-000289,VEH-007318,SALES-001,Referral,Qualified,85,"profile=Hot, 30-day, vehicle selected",Specific near-term purchase intent; ready for inventory shortlist.,2026-07-16T07:00:00+00:00
LEAD-000290,CUST-000290,VEH-001480,SALES-002,Website,Appointment Set,62,"profile=Warm, vehicle selected, down payment",Preferences captured; comparing suitable vehicles and ownership costs.,2026-05-22T17:00:00+00:00
LEAD-000291,CUST-000291,VEH-005067,SALES-003,Website,Contacted,70,"profile=Warm, 30-day, vehicle selected, down payment",Preferences captured; comparing suitable vehicles and ownership costs.,2026-06-16T21:00:00+00:00
LEAD-000292,CUST-000292,VEH-005862,SALES-004,Website,New,42,"profile=Research, vehicle selected, down payment",Early research stage; provide options without pressuring for commitment.,2026-05-03T09:00:00+00:00
LEAD-000293,CUST-000293,VEH-003723,SALES-005,Vehicle Marketplace,Appointment Set,90,"profile=Hot, 30-day, vehicle selected, down payment",Specific near-term purchase intent; ready for inventory shortlist.,2026-06-25T19:00:00+00:00
LEAD-000294,CUST-000294,VEH-000632,SALES-006,Vehicle Marketplace,Qualified,42,"profile=Research, vehicle selected, down payment",Early research stage; provide options without pressuring for commitment.,2026-04-27T17:00:00+00:00
LEAD-000295,CUST-000295,VEH-005383,SALES-007,Referral,Appointment Set,62,"profile=Warm, vehicle selected, down payment",Preferences captured; comparing suitable vehicles and ownership costs.,2026-04-30T05:00:00+00:00
LEAD-000296,CUST-000296,,SALES-008,Website,Contacted,25,"profile=Edge Case, down payment",Requirements may conflict with budget or contact preferences; clarify before action.,2026-08-13T10:00:00+00:00
LEAD-000297,CUST-000297,VEH-003595,SALES-009,Vehicle Marketplace,New,62,"profile=Warm, vehicle selected, down payment",Preferences captured; comparing suitable vehicles and ownership costs.,2026-05-09T16:00:00+00:00
LEAD-000298,CUST-000298,VEH-004078,SALES-010,Website,Contacted,70,"profile=Warm, 30-day, vehicle selected, down payment",Preferences captured; comparing suitable vehicles and ownership costs.,2026-08-11T01:00:00+00:00
LEAD-000299,CUST-000299,VEH-001243,SALES-011,Referral,Contacted,37,"profile=Research, vehicle selected",Early research stage; provide options without pressuring for commitment.,2026-07-21T07:00:00+00:00
LEAD-000300,CUST-000300,VEH-004643,SALES-012,Website,New,90,"profile=Hot, 30-day, vehicle selected, down payment",Specific near-term purchase intent; ready for inventory shortlist.,2026-05-12T01:00:00+00:00
LEAD-000301,CUST-000301,VEH-009613,SALES-013,Website,Contacted,32,"profile=Edge Case, vehicle selected, down payment",Requirements may conflict with budget or contact preferences; clarify before action.,2026-07-08T01:00:00+00:00
LEAD-000302,CUST-000302,VEH-005630,SALES-014,Vehicle Marketplace,Appointment Set,57,"profile=Warm, vehicle selected",Preferences captured; comparing suitable vehicles and ownership costs.,2026-08-23T00:00:00+00:00
LEAD-000303,CUST-000303,VEH-005474,SALES-015,Website,Qualified,97,"profile=Hot, near-term, vehicle selected, down payment",Specific near-term purchase intent; ready for inventory shortlist.,2026-05-10T09:00:00+00:00
LEAD-000304,CUST-000304,VEH-003620,SALES-016,Paid Search,Won,65,"profile=Warm, 30-day, vehicle selected",Preferences captured; comparing suitable vehicles and ownership costs.,2026-06-24T18:00:00+00:00
LEAD-000305,CUST-000305,VEH-007672,SALES-017,Vehicle Marketplace,Won,57,"profile=Warm, vehicle selected",Preferences captured; comparing suitable vehicles and ownership costs.,2026-08-23T19:00:00+00:00
LEAD-000306,CUST-000306,,SALES-018,Website,Qualified,55,"profile=Warm, down payment",Preferences captured; comparing suitable vehicles and ownership costs.,2026-04-30T05:00:00+00:00
LEAD-000307,CUST-000307,VEH-002388,SALES-019,Website,New,97,"profile=Hot, near-term, vehicle selected, down payment",Specific near-term purchase intent; ready for inventory shortlist.,2026-08-12T14:00:00+00:00
LEAD-000308,CUST-000308,,SALES-020,Referral,Contacted,63,"profile=Warm, 30-day, down payment",Preferences captured; comparing suitable vehicles and ownership costs.,2026-06-10T12:00:00+00:00
LEAD-000309,CUST-000309,VEH-006496,SALES-021,Referral,Appointment Set,42,"profile=Research, vehicle selected, down payment",Early research stage; provide options without pressuring for commitment.,2026-08-01T15:00:00+00:00
LEAD-000310,CUST-000310,VEH-005970,SALES-022,Inbound Call,Contacted,90,"profile=Hot, 30-day, vehicle selected, down payment",Specific near-term purchase intent; ready for inventory shortlist.,2026-05-14T23:00:00+00:00
LEAD-000311,CUST-000311,VEH-006741,SALES-023,Inbound Call,Lost,90,"profile=Hot, 30-day, vehicle selected, down payment",Specific near-term purchase intent; ready for inventory shortlist.,2026-06-08T16:00:00+00:00
LEAD-000312,CUST-000312,VEH-000074,SALES-024,Paid Search,Qualified,70,"profile=Warm, 30-day, vehicle selected, down payment",Preferences captured; comparing suitable vehicles and ownership costs.,2026-07-27T14:00:00+00:00
LEAD-000313,CUST-000313,VEH-006585,SALES-001,Website,Contacted,70,"profile=Warm, 30-day, vehicle selected, down payment",Preferences captured; comparing suitable vehicles and ownership costs.,2026-07-09T02:00:00+00:00
LEAD-000314,CUST-000314,VEH-004188,SALES-002,Inbound Call,New,37,"profile=Research, vehicle selected",Early research stage; provide options without pressuring for commitment.,2026-08-01T11:00:00+00:00
LEAD-000315,CUST-000315,VEH-003579,SALES-003,Inbound Call,New,65,"profile=Warm, 30-day, vehicle selected",Preferences captured; comparing suitable vehicles and ownership costs.,2026-07-29T02:00:00+00:00
LEAD-000316,CUST-000316,VEH-008574,SALES-004,Inbound Call,Contacted,57,"profile=Warm, vehicle selected",Preferences captured; comparing suitable vehicles and ownership costs.,2026-07-06T06:00:00+00:00
LEAD-000317,CUST-000317,VEH-001032,SALES-005,Website,Appointment Set,70,"profile=Warm, 30-day, vehicle selected, down payment",Preferences captured; comparing suitable vehicles and ownership costs.,2026-07-20T17:00:00+00:00
LEAD-000318,CUST-000318,VEH-005841,SALES-006,Vehicle Marketplace,New,90,"profile=Hot, 30-day, vehicle selected, down payment",Specific near-term purchase intent; ready for inventory shortlist.,2026-06-10T02:00:00+00:00
LEAD-000319,CUST-000319,VEH-004259,SALES-007,Walk-In,Contacted,32,"profile=Edge Case, vehicle selected, down payment",Requirements may conflict with budget or contact preferences; clarify before action.,2026-05-07T18:00:00+00:00
LEAD-000320,CUST-000320,VEH-003001,SALES-008,Vehicle Marketplace,New,70,"profile=Warm, 30-day, vehicle selected, down payment",Preferences captured; comparing suitable vehicles and ownership costs.,2026-04-30T16:00:00+00:00
LEAD-000321,CUST-000321,VEH-001700,SALES-009,Referral,New,70,"profile=Warm, 30-day, vehicle selected, down payment",Preferences captured; comparing suitable vehicles and ownership costs.,2026-07-05T05:00:00+00:00
LEAD-000322,CUST-000322,VEH-006955,SALES-010,Inbound Call,Qualified,42,"profile=Research, vehicle selected, down payment",Early research stage; provide options without pressuring for commitment.,2026-07-15T18:00:00+00:00
LEAD-000323,CUST-000323,VEH-009976,SALES-011,Walk-In,New,90,"profile=Hot, 30-day, vehicle selected, down payment",Specific near-term purchase intent; ready for inventory shortlist.,2026-06-30T20:00:00+00:00
LEAD-000324,CUST-000324,VEH-001941,SALES-012,Paid Search,Qualified,42,"profile=Research, vehicle selected, down payment",Early research stage; provide options without pressuring for commitment.,2026-08-03T03:00:00+00:00
LEAD-000325,CUST-000325,VEH-007101,SALES-013,Vehicle Marketplace,Appointment Set,97,"profile=Hot, near-term, vehicle selected, down payment",Specific near-term purchase intent; ready for inventory shortlist.,2026-07-10T09:00:00+00:00
LEAD-000326,CUST-000326,VEH-003892,SALES-014,Website,Contacted,70,"profile=Warm, 30-day, vehicle selected, down payment",Preferences captured; comparing suitable vehicles and ownership costs.,2026-07-29T05:00:00+00:00
LEAD-000327,CUST-000327,,SALES-015,Vehicle Marketplace,Contacted,55,"profile=Warm, down payment",Preferences captured; comparing suitable vehicles and ownership costs.,2026-06-01T21:00:00+00:00
LEAD-000328,CUST-000328,VEH-008807,SALES-016,Inbound Call,Qualified,62,"profile=Warm, vehicle selected, down payment",Preferences captured; comparing suitable vehicles and ownership costs.,2026-08-05T03:00:00+00:00
LEAD-000329,CUST-000329,VEH-009664,SALES-017,Inbound Call,Appointment Set,97,"profile=Hot, near-term, vehicle selected, down payment",Specific near-term purchase intent; ready for inventory shortlist.,2026-06-29T07:00:00+00:00
LEAD-000330,CUST-000330,VEH-000194,SALES-018,Walk-In,Appointment Set,37,"profile=Research, vehicle selected",Early research stage; provide options without pressuring for commitment.,2026-05-02T12:00:00+00:00
LEAD-000331,CUST-000331,VEH-002699,SALES-019,Walk-In,New,42,"profile=Research, vehicle selected, down payment",Early research stage; provide options without pressuring for commitment.,2026-08-05T02:00:00+00:00
LEAD-000332,CUST-000332,VEH-000359,SALES-020,Website,Contacted,42,"profile=Research, vehicle selected, down payment",Early research stage; provide options without pressuring for commitment.,2026-07-26T09:00:00+00:00
LEAD-000333,CUST-000333,VEH-005863,SALES-021,Website,Won,37,"profile=Research, vehicle selected",Early research stage; provide options without pressuring for commitment.,2026-05-23T13:00:00+00:00
LEAD-000334,CUST-000334,VEH-003330,SALES-022,Website,New,57,"profile=Warm, vehicle selected",Preferences captured; comparing suitable vehicles and ownership costs.,2026-07-17T06:00:00+00:00
LEAD-000335,CUST-000335,VEH-001508,SALES-023,Paid Search,Qualified,32,"profile=Edge Case, vehicle selected, down payment",Requirements may conflict with budget or contact preferences; clarify before action.,2026-05-31T02:00:00+00:00
LEAD-000336,CUST-000336,VEH-000842,SALES-024,Website,Won,42,"profile=Research, vehicle selected, down payment",Early research stage; provide options without pressuring for commitment.,2026-07-27T20:00:00+00:00
LEAD-000337,CUST-000337,,SALES-001,Paid Search,New,58,"profile=Warm, 30-day",Preferences captured; comparing suitable vehicles and ownership costs.,2026-08-12T05:00:00+00:00
LEAD-000338,CUST-000338,,SALES-002,Website,Appointment Set,30,profile=Research,Early research stage; provide options without pressuring for commitment.,2026-08-12T21:00:00+00:00
LEAD-000339,CUST-000339,VEH-009059,SALES-003,Website,Qualified,37,"profile=Research, vehicle selected",Early research stage; provide options without pressuring for commitment.,2026-06-19T04:00:00+00:00
LEAD-000340,CUST-000340,,SALES-004,Walk-In,Appointment Set,30,profile=Research,Early research stage; provide options without pressuring for commitment.,2026-08-03T09:00:00+00:00
LEAD-000341,CUST-000341,VEH-003524,SALES-005,Inbound Call,Qualified,62,"profile=Warm, vehicle selected, down payment",Preferences captured; comparing suitable vehicles and ownership costs.,2026-08-03T21:00:00+00:00
LEAD-000342,CUST-000342,VEH-007576,SALES-006,Website,New,70,"profile=Warm, 30-day, vehicle selected, down payment",Preferences captured; comparing suitable vehicles and ownership costs.,2026-08-13T03:00:00+00:00
LEAD-000343,CUST-000343,VEH-002838,SALES-007,Social Media,Appointment Set,65,"profile=Warm, 30-day, vehicle selected",Preferences captured; comparing suitable vehicles and ownership costs.,2026-08-09T13:00:00+00:00
LEAD-000344,CUST-000344,VEH-006724,SALES-008,Paid Search,Qualified,90,"profile=Hot, 30-day, vehicle selected, down payment",Specific near-term purchase intent; ready for inventory shortlist.,2026-06-04T08:00:00+00:00
LEAD-000345,CUST-000345,VEH-001679,SALES-009,Social Media,New,90,"profile=Hot, 30-day, vehicle selected, down payment",Specific near-term purchase intent; ready for inventory shortlist.,2026-06-06T00:00:00+00:00
LEAD-000346,CUST-000346,,SALES-010,Social Media,Contacted,35,"profile=Research, down payment",Early research stage; provide options without pressuring for commitment.,2026-06-23T23:00:00+00:00
LEAD-000347,CUST-000347,,SALES-011,Referral,Contacted,90,"profile=Hot, near-term, down payment",Specific near-term purchase intent; ready for inventory shortlist.,2026-07-04T21:00:00+00:00
LEAD-000348,CUST-000348,,SALES-012,Website,Qualified,63,"profile=Warm, 30-day, down payment",Preferences captured; comparing suitable vehicles and ownership costs.,2026-08-02T17:00:00+00:00
LEAD-000349,CUST-000349,,SALES-013,Website,New,90,"profile=Hot, near-term, down payment",Specific near-term purchase intent; ready for inventory shortlist.,2026-07-22T09:00:00+00:00
LEAD-000350,CUST-000350,VEH-007882,SALES-014,Social Media,New,62,"profile=Warm, vehicle selected, down payment",Preferences captured; comparing suitable vehicles and ownership costs.,2026-06-29T09:00:00+00:00
LEAD-000351,CUST-000351,VEH-007471,SALES-015,Website,Contacted,70,"profile=Warm, 30-day, vehicle selected, down payment",Preferences captured; comparing suitable vehicles and ownership costs.,2026-08-19T13:00:00+00:00
LEAD-000352,CUST-000352,VEH-006928,SALES-016,Referral,Appointment Set,70,"profile=Warm, 30-day, vehicle selected, down payment",Preferences captured; comparing suitable vehicles and ownership costs.,2026-07-12T15:00:00+00:00
LEAD-000353,CUST-000353,VEH-000658,SALES-017,Walk-In,Contacted,62,"profile=Warm, vehicle selected, down payment",Preferences captured; comparing suitable vehicles and ownership costs.,2026-07-09T21:00:00+00:00
LEAD-000354,CUST-000354,VEH-008134,SALES-018,Inbound Call,Won,65,"profile=Warm, 30-day, vehicle selected",Preferences captured; comparing suitable vehicles and ownership costs.,2026-08-03T22:00:00+00:00
LEAD-000355,CUST-000355,VEH-007655,SALES-019,Referral,New,92,"profile=Hot, near-term, vehicle selected",Specific near-term purchase intent; ready for inventory shortlist.,2026-06-10T14:00:00+00:00
LEAD-000356,CUST-000356,VEH-002416,SALES-020,Paid Search,Qualified,70,"profile=Warm, 30-day, vehicle selected, down payment",Preferences captured; comparing suitable vehicles and ownership costs.,2026-08-20T00:00:00+00:00
LEAD-000357,CUST-000357,VEH-004125,SALES-021,Social Media,New,42,"profile=Research, vehicle selected, down payment",Early research stage; provide options without pressuring for commitment.,2026-05-25T00:00:00+00:00
LEAD-000358,CUST-000358,VEH-004375,SALES-022,Vehicle Marketplace,Won,62,"profile=Warm, vehicle selected, down payment",Preferences captured; comparing suitable vehicles and ownership costs.,2026-05-14T23:00:00+00:00
LEAD-000359,CUST-000359,VEH-003017,SALES-023,Social Media,Contacted,97,"profile=Hot, near-term, vehicle selected, down payment",Specific near-term purchase intent; ready for inventory shortlist.,2026-06-12T20:00:00+00:00
LEAD-000360,CUST-000360,VEH-007648,SALES-024,Paid Search,New,97,"profile=Hot, near-term, vehicle selected, down payment",Specific near-term purchase intent; ready for inventory shortlist.,2026-04-28T09:00:00+00:00
LEAD-000361,CUST-000361,VEH-009981,SALES-001,Vehicle Marketplace,Appointment Set,92,"profile=Hot, near-term, vehicle selected",Specific near-term purchase intent; ready for inventory shortlist.,2026-06-19T06:00:00+00:00
LEAD-000362,CUST-000362,VEH-001557,SALES-002,Social Media,Qualified,42,"profile=Research, vehicle selected, down payment",Early research stage; provide options without pressuring for commitment.,2026-05-23T15:00:00+00:00
LEAD-000363,CUST-000363,,SALES-003,Website,New,78,"profile=Hot, 30-day",Specific near-term purchase intent; ready for inventory shortlist.,2026-06-28T13:00:00+00:00
LEAD-000364,CUST-000364,VEH-008506,SALES-004,Referral,New,47,"profile=Edge Case, near-term, vehicle selected, down payment",Requirements may conflict with budget or contact preferences; clarify before action.,2026-07-24T17:00:00+00:00
LEAD-000365,CUST-000365,VEH-008201,SALES-005,Paid Search,Won,37,"profile=Research, vehicle selected",Early research stage; provide options without pressuring for commitment.,2026-06-24T16:00:00+00:00
LEAD-000366,CUST-000366,VEH-007383,SALES-006,Website,Contacted,90,"profile=Hot, 30-day, vehicle selected, down payment",Specific near-term purchase intent; ready for inventory shortlist.,2026-05-30T01:00:00+00:00
LEAD-000367,CUST-000367,VEH-008980,SALES-007,Walk-In,Contacted,70,"profile=Warm, 30-day, vehicle selected, down payment",Preferences captured; comparing suitable vehicles and ownership costs.,2026-05-01T04:00:00+00:00
LEAD-000368,CUST-000368,VEH-003786,SALES-008,Referral,New,42,"profile=Research, vehicle selected, down payment",Early research stage; provide options without pressuring for commitment.,2026-06-02T16:00:00+00:00
LEAD-000369,CUST-000369,VEH-001289,SALES-009,Website,New,37,"profile=Research, vehicle selected",Early research stage; provide options without pressuring for commitment.,2026-07-29T13:00:00+00:00
LEAD-000370,CUST-000370,VEH-008465,SALES-010,Inbound Call,Contacted,27,"profile=Edge Case, vehicle selected",Requirements may conflict with budget or contact preferences; clarify before action.,2026-06-05T04:00:00+00:00
LEAD-000371,CUST-000371,VEH-009957,SALES-011,Social Media,Contacted,62,"profile=Warm, vehicle selected, down payment",Preferences captured; comparing suitable vehicles and ownership costs.,2026-07-09T13:00:00+00:00
LEAD-000372,CUST-000372,VEH-000920,SALES-012,Social Media,Contacted,57,"profile=Warm, vehicle selected",Preferences captured; comparing suitable vehicles and ownership costs.,2026-07-27T05:00:00+00:00
LEAD-000373,CUST-000373,VEH-003782,SALES-013,Website,Qualified,37,"profile=Research, vehicle selected",Early research stage; provide options without pressuring for commitment.,2026-06-29T23:00:00+00:00
LEAD-000374,CUST-000374,VEH-005874,SALES-014,Social Media,Lost,70,"profile=Warm, 30-day, vehicle selected, down payment",Preferences captured; comparing suitable vehicles and ownership costs.,2026-08-11T15:00:00+00:00
LEAD-000375,CUST-000375,,SALES-015,Referral,New,35,"profile=Research, down payment",Early research stage; provide options without pressuring for commitment.,2026-05-14T10:00:00+00:00
LEAD-000376,CUST-000376,VEH-003300,SALES-016,Website,Qualified,42,"profile=Research, vehicle selected, down payment",Early research stage; provide options without pressuring for commitment.,2026-07-03T13:00:00+00:00
LEAD-000377,CUST-000377,,SALES-017,Referral,New,35,"profile=Research, down payment",Early research stage; provide options without pressuring for commitment.,2026-07-10T02:00:00+00:00
LEAD-000378,CUST-000378,,SALES-018,Inbound Call,New,50,profile=Warm,Preferences captured; comparing suitable vehicles and ownership costs.,2026-07-16T14:00:00+00:00
LEAD-000379,CUST-000379,VEH-008236,SALES-019,Vehicle Marketplace,Appointment Set,42,"profile=Research, vehicle selected, down payment",Early research stage; provide options without pressuring for commitment.,2026-06-19T05:00:00+00:00
LEAD-000380,CUST-000380,VEH-000243,SALES-020,Website,New,37,"profile=Research, vehicle selected",Early research stage; provide options without pressuring for commitment.,2026-07-23T16:00:00+00:00
LEAD-000381,CUST-000381,VEH-002200,SALES-021,Website,Won,37,"profile=Research, vehicle selected",Early research stage; provide options without pressuring for commitment.,2026-05-13T11:00:00+00:00
LEAD-000382,CUST-000382,VEH-000796,SALES-022,Website,Qualified,62,"profile=Warm, vehicle selected, down payment",Preferences captured; comparing suitable vehicles and ownership costs.,2026-08-23T07:00:00+00:00
LEAD-000383,CUST-000383,VEH-000203,SALES-023,Paid Search,Qualified,57,"profile=Warm, vehicle selected",Preferences captured; comparing suitable vehicles and ownership costs.,2026-05-11T19:00:00+00:00
LEAD-000384,CUST-000384,,SALES-024,Walk-In,Won,58,"profile=Warm, 30-day",Preferences captured; comparing suitable vehicles and ownership costs.,2026-07-21T19:00:00+00:00
LEAD-000385,CUST-000385,VEH-001859,SALES-001,Website,New,65,"profile=Warm, 30-day, vehicle selected",Preferences captured; comparing suitable vehicles and ownership costs.,2026-06-29T21:00:00+00:00
LEAD-000386,CUST-000386,VEH-005725,SALES-002,Walk-In,New,42,"profile=Research, vehicle selected, down payment",Early research stage; provide options without pressuring for commitment.,2026-06-09T15:00:00+00:00
LEAD-000387,CUST-000387,VEH-001667,SALES-003,Social Media,New,62,"profile=Warm, vehicle selected, down payment",Preferences captured; comparing suitable vehicles and ownership costs.,2026-06-10T11:00:00+00:00
LEAD-000388,CUST-000388,VEH-007860,SALES-004,Inbound Call,Appointment Set,70,"profile=Warm, 30-day, vehicle selected, down payment",Preferences captured; comparing suitable vehicles and ownership costs.,2026-07-08T03:00:00+00:00
LEAD-000389,CUST-000389,,SALES-005,Website,Contacted,83,"profile=Hot, 30-day, down payment",Specific near-term purchase intent; ready for inventory shortlist.,2026-05-16T22:00:00+00:00
LEAD-000390,CUST-000390,VEH-002966,SALES-006,Social Media,Appointment Set,37,"profile=Research, vehicle selected",Early research stage; provide options without pressuring for commitment.,2026-08-02T04:00:00+00:00
LEAD-000391,CUST-000391,,SALES-007,Referral,Qualified,55,"profile=Warm, down payment",Preferences captured; comparing suitable vehicles and ownership costs.,2026-05-06T02:00:00+00:00
LEAD-000392,CUST-000392,VEH-002276,SALES-008,Vehicle Marketplace,Lost,42,"profile=Research, vehicle selected, down payment",Early research stage; provide options without pressuring for commitment.,2026-05-20T05:00:00+00:00
LEAD-000393,CUST-000393,VEH-000736,SALES-009,Paid Search,Won,42,"profile=Research, vehicle selected, down payment",Early research stage; provide options without pressuring for commitment.,2026-05-25T17:00:00+00:00
LEAD-000394,CUST-000394,,SALES-010,Inbound Call,New,33,"profile=Edge Case, 30-day, down payment",Requirements may conflict with budget or contact preferences; clarify before action.,2026-05-30T09:00:00+00:00
LEAD-000395,CUST-000395,VEH-002888,SALES-011,Vehicle Marketplace,Contacted,37,"profile=Research, vehicle selected",Early research stage; provide options without pressuring for commitment.,2026-07-02T05:00:00+00:00
LEAD-000396,CUST-000396,VEH-000507,SALES-012,Website,Won,57,"profile=Warm, vehicle selected",Preferences captured; comparing suitable vehicles and ownership costs.,2026-06-03T13:00:00+00:00
LEAD-000397,CUST-000397,VEH-005438,SALES-013,Inbound Call,New,97,"profile=Hot, near-term, vehicle selected, down payment",Specific near-term purchase intent; ready for inventory shortlist.,2026-07-21T03:00:00+00:00
LEAD-000398,CUST-000398,VEH-006061,SALES-014,Paid Search,Qualified,65,"profile=Warm, 30-day, vehicle selected",Preferences captured; comparing suitable vehicles and ownership costs.,2026-06-12T03:00:00+00:00
LEAD-000399,CUST-000399,VEH-008334,SALES-015,Paid Search,Won,70,"profile=Warm, 30-day, vehicle selected, down payment",Preferences captured; comparing suitable vehicles and ownership costs.,2026-08-19T08:00:00+00:00
LEAD-000400,CUST-000400,VEH-007449,SALES-016,Walk-In,New,42,"profile=Research, vehicle selected, down payment",Early research stage; provide options without pressuring for commitment.,2026-07-15T01:00:00+00:00
LEAD-000401,CUST-000401,VEH-009765,SALES-017,Website,Appointment Set,90,"profile=Hot, 30-day, vehicle selected, down payment",Specific near-term purchase intent; ready for inventory shortlist.,2026-05-08T06:00:00+00:00
LEAD-000402,CUST-000402,VEH-008355,SALES-018,Website,Contacted,37,"profile=Research, vehicle selected",Early research stage; provide options without pressuring for commitment.,2026-06-22T06:00:00+00:00
LEAD-000403,CUST-000403,VEH-000308,SALES-019,Inbound Call,New,65,"profile=Warm, 30-day, vehicle selected",Preferences captured; comparing suitable vehicles and ownership costs.,2026-06-03T17:00:00+00:00
LEAD-000404,CUST-000404,VEH-004845,SALES-020,Website,Won,42,"profile=Research, vehicle selected, down payment",Early research stage; provide options without pressuring for commitment.,2026-08-09T15:00:00+00:00
LEAD-000405,CUST-000405,VEH-002388,SALES-021,Referral,Lost,57,"profile=Warm, vehicle selected",Preferences captured; comparing suitable vehicles and ownership costs.,2026-08-06T14:00:00+00:00
LEAD-000406,CUST-000406,VEH-005106,SALES-022,Walk-In,Appointment Set,70,"profile=Warm, 30-day, vehicle selected, down payment",Preferences captured; comparing suitable vehicles and ownership costs.,2026-06-02T17:00:00+00:00
LEAD-000407,CUST-000407,,SALES-023,Inbound Call,Won,30,profile=Research,Early research stage; provide options without pressuring for commitment.,2026-08-05T12:00:00+00:00
LEAD-000408,CUST-000408,VEH-004412,SALES-024,Vehicle Marketplace,Appointment Set,65,"profile=Warm, 30-day, vehicle selected",Preferences captured; comparing suitable vehicles and ownership costs.,2026-05-23T16:00:00+00:00
LEAD-000409,CUST-000409,,SALES-001,Inbound Call,Qualified,25,"profile=Edge Case, down payment",Requirements may conflict with budget or contact preferences; clarify before action.,2026-06-21T12:00:00+00:00
LEAD-000410,CUST-000410,VEH-007765,SALES-002,Referral,Qualified,70,"profile=Warm, 30-day, vehicle selected, down payment",Preferences captured; comparing suitable vehicles and ownership costs.,2026-06-18T15:00:00+00:00
LEAD-000411,CUST-000411,VEH-008938,SALES-003,Paid Search,Lost,97,"profile=Hot, near-term, vehicle selected, down payment",Specific near-term purchase intent; ready for inventory shortlist.,2026-08-23T11:00:00+00:00
LEAD-000412,CUST-000412,,SALES-004,Paid Search,Won,85,"profile=Hot, near-term",Specific near-term purchase intent; ready for inventory shortlist.,2026-07-19T14:00:00+00:00
LEAD-000413,CUST-000413,VEH-008530,SALES-005,Website,New,37,"profile=Research, vehicle selected",Early research stage; provide options without pressuring for commitment.,2026-07-04T13:00:00+00:00
LEAD-000414,CUST-000414,VEH-005866,SALES-006,Website,Qualified,97,"profile=Hot, near-term, vehicle selected, down payment",Specific near-term purchase intent; ready for inventory shortlist.,2026-06-27T17:00:00+00:00
LEAD-000415,CUST-000415,VEH-003835,SALES-007,Website,Contacted,37,"profile=Research, vehicle selected",Early research stage; provide options without pressuring for commitment.,2026-05-24T10:00:00+00:00
LEAD-000416,CUST-000416,,SALES-008,Paid Search,Contacted,35,"profile=Research, down payment",Early research stage; provide options without pressuring for commitment.,2026-07-28T04:00:00+00:00
LEAD-000417,CUST-000417,VEH-001265,SALES-009,Website,Appointment Set,37,"profile=Research, vehicle selected",Early research stage; provide options without pressuring for commitment.,2026-06-21T11:00:00+00:00
LEAD-000418,CUST-000418,VEH-005850,SALES-010,Website,Won,62,"profile=Warm, vehicle selected, down payment",Preferences captured; comparing suitable vehicles and ownership costs.,2026-08-09T13:00:00+00:00
LEAD-000419,CUST-000419,VEH-005124,SALES-011,Website,Contacted,70,"profile=Warm, 30-day, vehicle selected, down payment",Preferences captured; comparing suitable vehicles and ownership costs.,2026-08-17T06:00:00+00:00
LEAD-000420,CUST-000420,,SALES-012,Website,New,35,"profile=Research, down payment",Early research stage; provide options without pressuring for commitment.,2026-08-12T19:00:00+00:00
LEAD-000421,CUST-000421,VEH-006064,SALES-013,Referral,Contacted,42,"profile=Research, vehicle selected, down payment",Early research stage; provide options without pressuring for commitment.,2026-05-29T14:00:00+00:00
LEAD-000422,CUST-000422,VEH-009413,SALES-014,Referral,Contacted,37,"profile=Research, vehicle selected",Early research stage; provide options without pressuring for commitment.,2026-05-05T06:00:00+00:00
LEAD-000423,CUST-000423,VEH-007373,SALES-015,Website,Contacted,70,"profile=Warm, 30-day, vehicle selected, down payment",Preferences captured; comparing suitable vehicles and ownership costs.,2026-06-01T20:00:00+00:00
LEAD-000424,CUST-000424,VEH-006150,SALES-016,Paid Search,New,42,"profile=Research, vehicle selected, down payment",Early research stage; provide options without pressuring for commitment.,2026-05-28T16:00:00+00:00
LEAD-000425,CUST-000425,VEH-005100,SALES-017,Website,New,97,"profile=Hot, near-term, vehicle selected, down payment",Specific near-term purchase intent; ready for inventory shortlist.,2026-08-06T03:00:00+00:00
LEAD-000426,CUST-000426,,SALES-018,Website,New,55,"profile=Warm, down payment",Preferences captured; comparing suitable vehicles and ownership costs.,2026-08-04T13:00:00+00:00
LEAD-000427,CUST-000427,,SALES-019,Inbound Call,Qualified,30,profile=Research,Early research stage; provide options without pressuring for commitment.,2026-07-22T20:00:00+00:00
LEAD-000428,CUST-000428,VEH-001176,SALES-020,Website,Qualified,42,"profile=Research, vehicle selected, down payment",Early research stage; provide options without pressuring for commitment.,2026-06-13T02:00:00+00:00
LEAD-000429,CUST-000429,,SALES-021,Website,New,58,"profile=Warm, 30-day",Preferences captured; comparing suitable vehicles and ownership costs.,2026-04-30T19:00:00+00:00
LEAD-000430,CUST-000430,VEH-008160,SALES-022,Social Media,Lost,97,"profile=Hot, near-term, vehicle selected, down payment",Specific near-term purchase intent; ready for inventory shortlist.,2026-08-21T17:00:00+00:00
LEAD-000431,CUST-000431,VEH-003352,SALES-023,Website,New,42,"profile=Research, vehicle selected, down payment",Early research stage; provide options without pressuring for commitment.,2026-08-24T10:00:00+00:00
LEAD-000432,CUST-000432,VEH-002726,SALES-024,Website,Appointment Set,37,"profile=Research, vehicle selected",Early research stage; provide options without pressuring for commitment.,2026-08-04T21:00:00+00:00
LEAD-000433,CUST-000433,VEH-003332,SALES-001,Inbound Call,Contacted,65,"profile=Warm, 30-day, vehicle selected",Preferences captured; comparing suitable vehicles and ownership costs.,2026-07-31T01:00:00+00:00
LEAD-000434,CUST-000434,,SALES-002,Referral,Qualified,83,"profile=Hot, 30-day, down payment",Specific near-term purchase intent; ready for inventory shortlist.,2026-06-09T19:00:00+00:00
LEAD-000435,CUST-000435,VEH-008646,SALES-003,Website,New,90,"profile=Hot, 30-day, vehicle selected, down payment",Specific near-term purchase intent; ready for inventory shortlist.,2026-05-23T06:00:00+00:00
LEAD-000436,CUST-000436,VEH-003185,SALES-004,Walk-In,Appointment Set,42,"profile=Research, vehicle selected, down payment",Early research stage; provide options without pressuring for commitment.,2026-05-05T20:00:00+00:00
LEAD-000437,CUST-000437,,SALES-005,Inbound Call,Appointment Set,63,"profile=Warm, 30-day, down payment",Preferences captured; comparing suitable vehicles and ownership costs.,2026-07-14T03:00:00+00:00
LEAD-000438,CUST-000438,,SALES-006,Paid Search,Appointment Set,35,"profile=Research, down payment",Early research stage; provide options without pressuring for commitment.,2026-07-03T17:00:00+00:00
LEAD-000439,CUST-000439,VEH-002595,SALES-007,Website,Contacted,42,"profile=Research, vehicle selected, down payment",Early research stage; provide options without pressuring for commitment.,2026-08-14T18:00:00+00:00
LEAD-000440,CUST-000440,,SALES-008,Social Media,Qualified,58,"profile=Warm, 30-day",Preferences captured; comparing suitable vehicles and ownership costs.,2026-04-30T23:00:00+00:00
LEAD-000441,CUST-000441,VEH-007065,SALES-009,Website,Lost,90,"profile=Hot, 30-day, vehicle selected, down payment",Specific near-term purchase intent; ready for inventory shortlist.,2026-05-07T07:00:00+00:00
LEAD-000442,CUST-000442,VEH-001321,SALES-010,Vehicle Marketplace,New,70,"profile=Warm, 30-day, vehicle selected, down payment",Preferences captured; comparing suitable vehicles and ownership costs.,2026-06-21T22:00:00+00:00
LEAD-000443,CUST-000443,VEH-002792,SALES-011,Website,Qualified,42,"profile=Research, vehicle selected, down payment",Early research stage; provide options without pressuring for commitment.,2026-06-12T02:00:00+00:00
LEAD-000444,CUST-000444,,SALES-012,Website,New,90,"profile=Hot, near-term, down payment",Specific near-term purchase intent; ready for inventory shortlist.,2026-08-01T16:00:00+00:00
LEAD-000445,CUST-000445,VEH-007676,SALES-013,Vehicle Marketplace,Appointment Set,97,"profile=Hot, near-term, vehicle selected, down payment",Specific near-term purchase intent; ready for inventory shortlist.,2026-05-28T01:00:00+00:00
LEAD-000446,CUST-000446,VEH-001143,SALES-014,Referral,New,57,"profile=Warm, vehicle selected",Preferences captured; comparing suitable vehicles and ownership costs.,2026-05-07T08:00:00+00:00
LEAD-000447,CUST-000447,VEH-009683,SALES-015,Referral,Lost,42,"profile=Research, vehicle selected, down payment",Early research stage; provide options without pressuring for commitment.,2026-06-06T17:00:00+00:00
LEAD-000448,CUST-000448,VEH-006698,SALES-016,Website,Qualified,70,"profile=Warm, 30-day, vehicle selected, down payment",Preferences captured; comparing suitable vehicles and ownership costs.,2026-08-09T16:00:00+00:00
LEAD-000449,CUST-000449,VEH-007915,SALES-017,Social Media,Contacted,62,"profile=Warm, vehicle selected, down payment",Preferences captured; comparing suitable vehicles and ownership costs.,2026-07-13T11:00:00+00:00
LEAD-000450,CUST-000450,,SALES-018,Inbound Call,Contacted,85,"profile=Hot, near-term",Specific near-term purchase intent; ready for inventory shortlist.,2026-06-14T20:00:00+00:00
LEAD-000451,CUST-000451,VEH-008752,SALES-019,Website,Qualified,92,"profile=Hot, near-term, vehicle selected",Specific near-term purchase intent; ready for inventory shortlist.,2026-07-23T20:00:00+00:00
LEAD-000452,CUST-000452,VEH-006999,SALES-020,Website,New,92,"profile=Hot, near-term, vehicle selected",Specific near-term purchase intent; ready for inventory shortlist.,2026-06-05T16:00:00+00:00
LEAD-000453,CUST-000453,VEH-006236,SALES-021,Social Media,Qualified,62,"profile=Warm, vehicle selected, down payment",Preferences captured; comparing suitable vehicles and ownership costs.,2026-05-15T13:00:00+00:00
LEAD-000454,CUST-000454,VEH-007794,SALES-022,Inbound Call,Contacted,42,"profile=Research, vehicle selected, down payment",Early research stage; provide options without pressuring for commitment.,2026-08-22T03:00:00+00:00
LEAD-000455,CUST-000455,,SALES-023,Website,New,58,"profile=Warm, 30-day",Preferences captured; comparing suitable vehicles and ownership costs.,2026-06-20T04:00:00+00:00
LEAD-000456,CUST-000456,VEH-006243,SALES-024,Inbound Call,Qualified,70,"profile=Warm, 30-day, vehicle selected, down payment",Preferences captured; comparing suitable vehicles and ownership costs.,2026-05-01T20:00:00+00:00
LEAD-000457,CUST-000457,,SALES-001,Inbound Call,Won,83,"profile=Hot, 30-day, down payment",Specific near-term purchase intent; ready for inventory shortlist.,2026-07-16T12:00:00+00:00
LEAD-000458,CUST-000458,VEH-008186,SALES-002,Vehicle Marketplace,New,57,"profile=Warm, vehicle selected",Preferences captured; comparing suitable vehicles and ownership costs.,2026-08-12T01:00:00+00:00
LEAD-000459,CUST-000459,VEH-008450,SALES-003,Website,Contacted,70,"profile=Warm, 30-day, vehicle selected, down payment",Preferences captured; comparing suitable vehicles and ownership costs.,2026-07-05T10:00:00+00:00
LEAD-000460,CUST-000460,VEH-005355,SALES-004,Inbound Call,Appointment Set,70,"profile=Warm, 30-day, vehicle selected, down payment",Preferences captured; comparing suitable vehicles and ownership costs.,2026-07-15T06:00:00+00:00
LEAD-000461,CUST-000461,,SALES-005,Website,New,50,profile=Warm,Preferences captured; comparing suitable vehicles and ownership costs.,2026-07-14T01:00:00+00:00
LEAD-000462,CUST-000462,VEH-009516,SALES-006,Paid Search,New,70,"profile=Warm, 30-day, vehicle selected, down payment",Preferences captured; comparing suitable vehicles and ownership costs.,2026-05-06T00:00:00+00:00
LEAD-000463,CUST-000463,VEH-007706,SALES-007,Referral,Contacted,37,"profile=Research, vehicle selected",Early research stage; provide options without pressuring for commitment.,2026-05-10T03:00:00+00:00
LEAD-000464,CUST-000464,VEH-001318,SALES-008,Website,New,57,"profile=Warm, vehicle selected",Preferences captured; comparing suitable vehicles and ownership costs.,2026-06-04T18:00:00+00:00
LEAD-000465,CUST-000465,VEH-006960,SALES-009,Website,Appointment Set,70,"profile=Warm, 30-day, vehicle selected, down payment",Preferences captured; comparing suitable vehicles and ownership costs.,2026-08-09T19:00:00+00:00
LEAD-000466,CUST-000466,VEH-006888,SALES-010,Website,Won,42,"profile=Research, vehicle selected, down payment",Early research stage; provide options without pressuring for commitment.,2026-05-16T14:00:00+00:00
LEAD-000467,CUST-000467,VEH-009161,SALES-011,Website,Contacted,70,"profile=Warm, 30-day, vehicle selected, down payment",Preferences captured; comparing suitable vehicles and ownership costs.,2026-06-26T02:00:00+00:00
LEAD-000468,CUST-000468,VEH-001052,SALES-012,Referral,Appointment Set,97,"profile=Hot, near-term, vehicle selected, down payment",Specific near-term purchase intent; ready for inventory shortlist.,2026-07-03T21:00:00+00:00
LEAD-000469,CUST-000469,,SALES-013,Website,Appointment Set,30,profile=Research,Early research stage; provide options without pressuring for commitment.,2026-06-30T19:00:00+00:00
LEAD-000470,CUST-000470,VEH-000238,SALES-014,Website,Lost,57,"profile=Warm, vehicle selected",Preferences captured; comparing suitable vehicles and ownership costs.,2026-08-06T05:00:00+00:00
LEAD-000471,CUST-000471,VEH-005730,SALES-015,Vehicle Marketplace,Contacted,62,"profile=Warm, vehicle selected, down payment",Preferences captured; comparing suitable vehicles and ownership costs.,2026-07-12T11:00:00+00:00
LEAD-000472,CUST-000472,VEH-006339,SALES-016,Paid Search,Won,42,"profile=Research, vehicle selected, down payment",Early research stage; provide options without pressuring for commitment.,2026-05-11T13:00:00+00:00
LEAD-000473,CUST-000473,,SALES-017,Website,Qualified,58,"profile=Warm, 30-day",Preferences captured; comparing suitable vehicles and ownership costs.,2026-07-13T17:00:00+00:00
LEAD-000474,CUST-000474,,SALES-018,Referral,Qualified,63,"profile=Warm, 30-day, down payment",Preferences captured; comparing suitable vehicles and ownership costs.,2026-05-04T00:00:00+00:00
LEAD-000475,CUST-000475,VEH-005649,SALES-019,Website,New,85,"profile=Hot, 30-day, vehicle selected",Specific near-term purchase intent; ready for inventory shortlist.,2026-05-25T17:00:00+00:00
LEAD-000476,CUST-000476,VEH-002996,SALES-020,Referral,Qualified,42,"profile=Research, vehicle selected, down payment",Early research stage; provide options without pressuring for commitment.,2026-06-05T20:00:00+00:00
LEAD-000477,CUST-000477,VEH-000047,SALES-021,Inbound Call,New,70,"profile=Warm, 30-day, vehicle selected, down payment",Preferences captured; comparing suitable vehicles and ownership costs.,2026-08-15T05:00:00+00:00
LEAD-000478,CUST-000478,VEH-005619,SALES-022,Social Media,New,65,"profile=Warm, 30-day, vehicle selected",Preferences captured; comparing suitable vehicles and ownership costs.,2026-07-12T20:00:00+00:00
LEAD-000479,CUST-000479,VEH-006005,SALES-023,Website,New,57,"profile=Warm, vehicle selected",Preferences captured; comparing suitable vehicles and ownership costs.,2026-05-17T16:00:00+00:00
LEAD-000480,CUST-000480,,SALES-024,Referral,Qualified,28,"profile=Edge Case, 30-day",Requirements may conflict with budget or contact preferences; clarify before action.,2026-08-13T17:00:00+00:00
LEAD-000481,CUST-000481,VEH-004006,SALES-001,Social Media,Lost,42,"profile=Research, vehicle selected, down payment",Early research stage; provide options without pressuring for commitment.,2026-05-07T08:00:00+00:00
LEAD-000482,CUST-000482,VEH-001117,SALES-002,Referral,Contacted,42,"profile=Research, vehicle selected, down payment",Early research stage; provide options without pressuring for commitment.,2026-05-20T15:00:00+00:00
LEAD-000483,CUST-000483,,SALES-003,Vehicle Marketplace,Lost,30,profile=Research,Early research stage; provide options without pressuring for commitment.,2026-07-13T17:00:00+00:00
LEAD-000484,CUST-000484,VEH-009431,SALES-004,Inbound Call,Appointment Set,57,"profile=Warm, vehicle selected",Preferences captured; comparing suitable vehicles and ownership costs.,2026-07-16T12:00:00+00:00
LEAD-000485,CUST-000485,VEH-008713,SALES-005,Paid Search,Appointment Set,37,"profile=Research, vehicle selected",Early research stage; provide options without pressuring for commitment.,2026-08-13T23:00:00+00:00
LEAD-000486,CUST-000486,VEH-002947,SALES-006,Website,Appointment Set,97,"profile=Hot, near-term, vehicle selected, down payment",Specific near-term purchase intent; ready for inventory shortlist.,2026-08-18T21:00:00+00:00
LEAD-000487,CUST-000487,VEH-001910,SALES-007,Website,Contacted,37,"profile=Research, vehicle selected",Early research stage; provide options without pressuring for commitment.,2026-07-26T11:00:00+00:00
LEAD-000488,CUST-000488,VEH-000239,SALES-008,Inbound Call,Appointment Set,27,"profile=Edge Case, vehicle selected",Requirements may conflict with budget or contact preferences; clarify before action.,2026-08-07T03:00:00+00:00
LEAD-000489,CUST-000489,VEH-007612,SALES-009,Referral,Qualified,57,"profile=Warm, vehicle selected",Preferences captured; comparing suitable vehicles and ownership costs.,2026-08-18T11:00:00+00:00
LEAD-000490,CUST-000490,VEH-004314,SALES-010,Website,Qualified,37,"profile=Research, vehicle selected",Early research stage; provide options without pressuring for commitment.,2026-08-25T08:00:00+00:00
LEAD-000491,CUST-000491,,SALES-011,Website,Qualified,30,profile=Research,Early research stage; provide options without pressuring for commitment.,2026-05-06T23:00:00+00:00
LEAD-000492,CUST-000492,VEH-005344,SALES-012,Website,Appointment Set,92,"profile=Hot, near-term, vehicle selected",Specific near-term purchase intent; ready for inventory shortlist.,2026-08-16T20:00:00+00:00
LEAD-000493,CUST-000493,VEH-002743,SALES-013,Referral,Contacted,97,"profile=Hot, near-term, vehicle selected, down payment",Specific near-term purchase intent; ready for inventory shortlist.,2026-07-09T12:00:00+00:00
LEAD-000494,CUST-000494,,SALES-014,Social Media,Lost,55,"profile=Warm, down payment",Preferences captured; comparing suitable vehicles and ownership costs.,2026-06-12T04:00:00+00:00
LEAD-000495,CUST-000495,,SALES-015,Inbound Call,Qualified,35,"profile=Research, down payment",Early research stage; provide options without pressuring for commitment.,2026-06-07T13:00:00+00:00
LEAD-000496,CUST-000496,,SALES-016,Inbound Call,New,35,"profile=Research, down payment",Early research stage; provide options without pressuring for commitment.,2026-07-28T23:00:00+00:00
LEAD-000497,CUST-000497,,SALES-017,Social Media,Appointment Set,40,"profile=Edge Case, near-term, down payment",Requirements may conflict with budget or contact preferences; clarify before action.,2026-08-22T16:00:00+00:00
LEAD-000498,CUST-000498,VEH-008075,SALES-018,Website,Appointment Set,32,"profile=Edge Case, vehicle selected, down payment",Requirements may conflict with budget or contact preferences; clarify before action.,2026-07-25T19:00:00+00:00
LEAD-000499,CUST-000499,VEH-009177,SALES-019,Paid Search,Lost,65,"profile=Warm, 30-day, vehicle selected",Preferences captured; comparing suitable vehicles and ownership costs.,2026-08-03T01:00:00+00:00
LEAD-000500,CUST-000500,VEH-001121,SALES-020,Vehicle Marketplace,Qualified,42,"profile=Research, vehicle selected, down payment",Early research stage; provide options without pressuring for commitment.,2026-06-17T19:00:00+00:00
LEAD-000501,CUST-000501,VEH-005331,SALES-021,Social Media,New,42,"profile=Research, vehicle selected, down payment",Early research stage; provide options without pressuring for commitment.,2026-06-26T23:00:00+00:00
LEAD-000502,CUST-000502,,SALES-022,Website,Appointment Set,35,"profile=Research, down payment",Early research stage; provide options without pressuring for commitment.,2026-07-21T23:00:00+00:00
LEAD-000503,CUST-000503,,SALES-023,Paid Search,Qualified,35,"profile=Research, down payment",Early research stage; provide options without pressuring for commitment.,2026-07-31T14:00:00+00:00
LEAD-000504,CUST-000504,VEH-004198,SALES-024,Referral,Contacted,70,"profile=Warm, 30-day, vehicle selected, down payment",Preferences captured; comparing suitable vehicles and ownership costs.,2026-05-05T01:00:00+00:00
LEAD-000505,CUST-000505,VEH-006855,SALES-001,Walk-In,Won,42,"profile=Research, vehicle selected, down payment",Early research stage; provide options without pressuring for commitment.,2026-05-21T21:00:00+00:00
LEAD-000506,CUST-000506,VEH-009698,SALES-002,Website,Contacted,37,"profile=Research, vehicle selected",Early research stage; provide options without pressuring for commitment.,2026-06-06T18:00:00+00:00
LEAD-000507,CUST-000507,VEH-003943,SALES-003,Paid Search,Contacted,42,"profile=Research, vehicle selected, down payment",Early research stage; provide options without pressuring for commitment.,2026-08-11T14:00:00+00:00
LEAD-000508,CUST-000508,,SALES-004,Paid Search,Contacted,63,"profile=Warm, 30-day, down payment",Preferences captured; comparing suitable vehicles and ownership costs.,2026-04-28T18:00:00+00:00
LEAD-000509,CUST-000509,VEH-009855,SALES-005,Referral,Contacted,90,"profile=Hot, 30-day, vehicle selected, down payment",Specific near-term purchase intent; ready for inventory shortlist.,2026-06-16T23:00:00+00:00
LEAD-000510,CUST-000510,VEH-009413,SALES-006,Website,Appointment Set,42,"profile=Research, vehicle selected, down payment",Early research stage; provide options without pressuring for commitment.,2026-06-05T13:00:00+00:00
LEAD-000511,CUST-000511,,SALES-007,Social Media,Qualified,63,"profile=Warm, 30-day, down payment",Preferences captured; comparing suitable vehicles and ownership costs.,2026-08-17T15:00:00+00:00
LEAD-000512,CUST-000512,VEH-006422,SALES-008,Referral,Contacted,40,"profile=Edge Case, 30-day, vehicle selected, down payment",Requirements may conflict with budget or contact preferences; clarify before action.,2026-05-11T17:00:00+00:00
LEAD-000513,CUST-000513,VEH-001004,SALES-009,Website,Qualified,40,"profile=Edge Case, 30-day, vehicle selected, down payment",Requirements may conflict with budget or contact preferences; clarify before action.,2026-07-17T18:00:00+00:00
LEAD-000514,CUST-000514,VEH-009823,SALES-010,Website,New,42,"profile=Research, vehicle selected, down payment",Early research stage; provide options without pressuring for commitment.,2026-08-13T11:00:00+00:00
LEAD-000515,CUST-000515,VEH-004180,SALES-011,Inbound Call,Contacted,62,"profile=Warm, vehicle selected, down payment",Preferences captured; comparing suitable vehicles and ownership costs.,2026-05-17T22:00:00+00:00
LEAD-000516,CUST-000516,VEH-001620,SALES-012,Walk-In,Qualified,37,"profile=Research, vehicle selected",Early research stage; provide options without pressuring for commitment.,2026-05-13T20:00:00+00:00
LEAD-000517,CUST-000517,,SALES-013,Website,Contacted,55,"profile=Warm, down payment",Preferences captured; comparing suitable vehicles and ownership costs.,2026-08-06T08:00:00+00:00
LEAD-000518,CUST-000518,VEH-005933,SALES-014,Social Media,Won,62,"profile=Warm, vehicle selected, down payment",Preferences captured; comparing suitable vehicles and ownership costs.,2026-06-27T15:00:00+00:00
LEAD-000519,CUST-000519,VEH-001925,SALES-015,Website,Contacted,57,"profile=Warm, vehicle selected",Preferences captured; comparing suitable vehicles and ownership costs.,2026-07-05T01:00:00+00:00
LEAD-000520,CUST-000520,VEH-009710,SALES-016,Social Media,Qualified,42,"profile=Research, vehicle selected, down payment",Early research stage; provide options without pressuring for commitment.,2026-07-24T19:00:00+00:00
LEAD-000521,CUST-000521,VEH-004858,SALES-017,Paid Search,Won,90,"profile=Hot, 30-day, vehicle selected, down payment",Specific near-term purchase intent; ready for inventory shortlist.,2026-08-14T11:00:00+00:00
LEAD-000522,CUST-000522,VEH-008722,SALES-018,Referral,Qualified,97,"profile=Hot, near-term, vehicle selected, down payment",Specific near-term purchase intent; ready for inventory shortlist.,2026-05-17T09:00:00+00:00
LEAD-000523,CUST-000523,VEH-009904,SALES-019,Website,New,70,"profile=Warm, 30-day, vehicle selected, down payment",Preferences captured; comparing suitable vehicles and ownership costs.,2026-06-01T18:00:00+00:00
LEAD-000524,CUST-000524,VEH-001340,SALES-020,Inbound Call,Contacted,42,"profile=Research, vehicle selected, down payment",Early research stage; provide options without pressuring for commitment.,2026-05-27T09:00:00+00:00
LEAD-000525,CUST-000525,VEH-008295,SALES-021,Website,Contacted,97,"profile=Hot, near-term, vehicle selected, down payment",Specific near-term purchase intent; ready for inventory shortlist.,2026-06-10T11:00:00+00:00
LEAD-000526,CUST-000526,VEH-001262,SALES-022,Walk-In,Won,70,"profile=Warm, 30-day, vehicle selected, down payment",Preferences captured; comparing suitable vehicles and ownership costs.,2026-05-03T01:00:00+00:00
LEAD-000527,CUST-000527,VEH-007028,SALES-023,Inbound Call,Won,42,"profile=Research, vehicle selected, down payment",Early research stage; provide options without pressuring for commitment.,2026-05-25T06:00:00+00:00
LEAD-000528,CUST-000528,VEH-005143,SALES-024,Social Media,Qualified,70,"profile=Warm, 30-day, vehicle selected, down payment",Preferences captured; comparing suitable vehicles and ownership costs.,2026-05-02T23:00:00+00:00
LEAD-000529,CUST-000529,VEH-001980,SALES-001,Referral,Contacted,42,"profile=Research, vehicle selected, down payment",Early research stage; provide options without pressuring for commitment.,2026-06-05T12:00:00+00:00
LEAD-000530,CUST-000530,,SALES-002,Inbound Call,Appointment Set,30,profile=Research,Early research stage; provide options without pressuring for commitment.,2026-07-25T23:00:00+00:00
LEAD-000531,CUST-000531,,SALES-003,Paid Search,Appointment Set,63,"profile=Warm, 30-day, down payment",Preferences captured; comparing suitable vehicles and ownership costs.,2026-08-23T21:00:00+00:00
LEAD-000532,CUST-000532,VEH-006836,SALES-004,Inbound Call,Lost,32,"profile=Edge Case, vehicle selected, down payment",Requirements may conflict with budget or contact preferences; clarify before action.,2026-07-11T14:00:00+00:00
LEAD-000533,CUST-000533,VEH-009979,SALES-005,Website,New,57,"profile=Warm, vehicle selected",Preferences captured; comparing suitable vehicles and ownership costs.,2026-05-16T03:00:00+00:00
LEAD-000534,CUST-000534,,SALES-006,Paid Search,New,55,"profile=Warm, down payment",Preferences captured; comparing suitable vehicles and ownership costs.,2026-06-24T19:00:00+00:00
LEAD-000535,CUST-000535,VEH-007742,SALES-007,Social Media,Qualified,70,"profile=Warm, 30-day, vehicle selected, down payment",Preferences captured; comparing suitable vehicles and ownership costs.,2026-08-09T03:00:00+00:00
LEAD-000536,CUST-000536,VEH-003441,SALES-008,Website,Qualified,70,"profile=Warm, 30-day, vehicle selected, down payment",Preferences captured; comparing suitable vehicles and ownership costs.,2026-07-12T08:00:00+00:00
LEAD-000537,CUST-000537,VEH-004821,SALES-009,Paid Search,New,42,"profile=Research, vehicle selected, down payment",Early research stage; provide options without pressuring for commitment.,2026-05-08T08:00:00+00:00
LEAD-000538,CUST-000538,VEH-006009,SALES-010,Website,Contacted,37,"profile=Research, vehicle selected",Early research stage; provide options without pressuring for commitment.,2026-05-16T02:00:00+00:00
LEAD-000539,CUST-000539,VEH-002216,SALES-011,Website,New,70,"profile=Warm, 30-day, vehicle selected, down payment",Preferences captured; comparing suitable vehicles and ownership costs.,2026-08-03T16:00:00+00:00
LEAD-000540,CUST-000540,VEH-000225,SALES-012,Website,Won,97,"profile=Hot, near-term, vehicle selected, down payment",Specific near-term purchase intent; ready for inventory shortlist.,2026-06-16T21:00:00+00:00
LEAD-000541,CUST-000541,VEH-005882,SALES-013,Vehicle Marketplace,Qualified,37,"profile=Research, vehicle selected",Early research stage; provide options without pressuring for commitment.,2026-07-09T08:00:00+00:00
LEAD-000542,CUST-000542,VEH-009295,SALES-014,Website,Qualified,85,"profile=Hot, 30-day, vehicle selected",Specific near-term purchase intent; ready for inventory shortlist.,2026-07-09T01:00:00+00:00
LEAD-000543,CUST-000543,VEH-002627,SALES-015,Referral,Lost,57,"profile=Warm, vehicle selected",Preferences captured; comparing suitable vehicles and ownership costs.,2026-07-08T05:00:00+00:00
LEAD-000544,CUST-000544,VEH-001341,SALES-016,Paid Search,Lost,62,"profile=Warm, vehicle selected, down payment",Preferences captured; comparing suitable vehicles and ownership costs.,2026-06-11T03:00:00+00:00
LEAD-000545,CUST-000545,VEH-007779,SALES-017,Website,Won,57,"profile=Warm, vehicle selected",Preferences captured; comparing suitable vehicles and ownership costs.,2026-06-19T01:00:00+00:00
LEAD-000546,CUST-000546,VEH-006610,SALES-018,Social Media,Appointment Set,37,"profile=Research, vehicle selected",Early research stage; provide options without pressuring for commitment.,2026-07-09T19:00:00+00:00
LEAD-000547,CUST-000547,,SALES-019,Referral,New,50,profile=Warm,Preferences captured; comparing suitable vehicles and ownership costs.,2026-05-27T22:00:00+00:00
LEAD-000548,CUST-000548,VEH-004979,SALES-020,Website,Contacted,90,"profile=Hot, 30-day, vehicle selected, down payment",Specific near-term purchase intent; ready for inventory shortlist.,2026-06-14T15:00:00+00:00
LEAD-000549,CUST-000549,VEH-007448,SALES-021,Vehicle Marketplace,New,62,"profile=Warm, vehicle selected, down payment",Preferences captured; comparing suitable vehicles and ownership costs.,2026-05-29T02:00:00+00:00
LEAD-000550,CUST-000550,VEH-006718,SALES-022,Paid Search,Won,70,"profile=Warm, 30-day, vehicle selected, down payment",Preferences captured; comparing suitable vehicles and ownership costs.,2026-08-22T02:00:00+00:00
LEAD-000551,CUST-000551,VEH-009067,SALES-023,Vehicle Marketplace,New,97,"profile=Hot, near-term, vehicle selected, down payment",Specific near-term purchase intent; ready for inventory shortlist.,2026-08-10T15:00:00+00:00
LEAD-000552,CUST-000552,VEH-002121,SALES-024,Walk-In,Lost,40,"profile=Edge Case, 30-day, vehicle selected, down payment",Requirements may conflict with budget or contact preferences; clarify before action.,2026-08-02T10:00:00+00:00
LEAD-000553,CUST-000553,,SALES-001,Website,Qualified,35,"profile=Research, down payment",Early research stage; provide options without pressuring for commitment.,2026-05-27T14:00:00+00:00
LEAD-000554,CUST-000554,VEH-006420,SALES-002,Walk-In,Contacted,70,"profile=Warm, 30-day, vehicle selected, down payment",Preferences captured; comparing suitable vehicles and ownership costs.,2026-08-02T20:00:00+00:00
LEAD-000555,CUST-000555,VEH-009854,SALES-003,Website,Qualified,32,"profile=Edge Case, vehicle selected, down payment",Requirements may conflict with budget or contact preferences; clarify before action.,2026-07-21T23:00:00+00:00
LEAD-000556,CUST-000556,,SALES-004,Walk-In,Won,55,"profile=Warm, down payment",Preferences captured; comparing suitable vehicles and ownership costs.,2026-07-08T17:00:00+00:00
LEAD-000557,CUST-000557,VEH-009137,SALES-005,Referral,New,70,"profile=Warm, 30-day, vehicle selected, down payment",Preferences captured; comparing suitable vehicles and ownership costs.,2026-05-05T13:00:00+00:00
LEAD-000558,CUST-000558,VEH-005052,SALES-006,Paid Search,Won,70,"profile=Warm, 30-day, vehicle selected, down payment",Preferences captured; comparing suitable vehicles and ownership costs.,2026-07-21T06:00:00+00:00
LEAD-000559,CUST-000559,,SALES-007,Walk-In,Contacted,90,"profile=Hot, near-term, down payment",Specific near-term purchase intent; ready for inventory shortlist.,2026-08-12T10:00:00+00:00
LEAD-000560,CUST-000560,VEH-001699,SALES-008,Paid Search,Contacted,57,"profile=Warm, vehicle selected",Preferences captured; comparing suitable vehicles and ownership costs.,2026-05-13T22:00:00+00:00
LEAD-000561,CUST-000561,VEH-006200,SALES-009,Website,Appointment Set,37,"profile=Research, vehicle selected",Early research stage; provide options without pressuring for commitment.,2026-05-23T01:00:00+00:00
LEAD-000562,CUST-000562,VEH-003837,SALES-010,Inbound Call,Contacted,97,"profile=Hot, near-term, vehicle selected, down payment",Specific near-term purchase intent; ready for inventory shortlist.,2026-06-11T09:00:00+00:00
LEAD-000563,CUST-000563,VEH-003719,SALES-011,Inbound Call,Appointment Set,92,"profile=Hot, near-term, vehicle selected",Specific near-term purchase intent; ready for inventory shortlist.,2026-08-23T07:00:00+00:00
LEAD-000564,CUST-000564,VEH-002134,SALES-012,Website,Qualified,62,"profile=Warm, vehicle selected, down payment",Preferences captured; comparing suitable vehicles and ownership costs.,2026-04-29T02:00:00+00:00
LEAD-000565,CUST-000565,VEH-000075,SALES-013,Inbound Call,New,37,"profile=Research, vehicle selected",Early research stage; provide options without pressuring for commitment.,2026-08-17T08:00:00+00:00
LEAD-000566,CUST-000566,VEH-005136,SALES-014,Referral,New,37,"profile=Research, vehicle selected",Early research stage; provide options without pressuring for commitment.,2026-05-24T02:00:00+00:00
LEAD-000567,CUST-000567,VEH-008963,SALES-015,Website,New,37,"profile=Research, vehicle selected",Early research stage; provide options without pressuring for commitment.,2026-07-26T05:00:00+00:00
LEAD-000568,CUST-000568,VEH-003021,SALES-016,Inbound Call,Appointment Set,57,"profile=Warm, vehicle selected",Preferences captured; comparing suitable vehicles and ownership costs.,2026-05-10T18:00:00+00:00
LEAD-000569,CUST-000569,VEH-009856,SALES-017,Vehicle Marketplace,Contacted,70,"profile=Warm, 30-day, vehicle selected, down payment",Preferences captured; comparing suitable vehicles and ownership costs.,2026-06-24T12:00:00+00:00
LEAD-000570,CUST-000570,VEH-002025,SALES-018,Inbound Call,Qualified,42,"profile=Research, vehicle selected, down payment",Early research stage; provide options without pressuring for commitment.,2026-06-09T18:00:00+00:00
LEAD-000571,CUST-000571,,SALES-019,Inbound Call,Contacted,30,profile=Research,Early research stage; provide options without pressuring for commitment.,2026-06-14T06:00:00+00:00
LEAD-000572,CUST-000572,VEH-000907,SALES-020,Inbound Call,New,57,"profile=Warm, vehicle selected",Preferences captured; comparing suitable vehicles and ownership costs.,2026-04-29T16:00:00+00:00
LEAD-000573,CUST-000573,VEH-004220,SALES-021,Referral,Contacted,57,"profile=Warm, vehicle selected",Preferences captured; comparing suitable vehicles and ownership costs.,2026-07-26T03:00:00+00:00
LEAD-000574,CUST-000574,,SALES-022,Paid Search,Contacted,63,"profile=Warm, 30-day, down payment",Preferences captured; comparing suitable vehicles and ownership costs.,2026-05-17T07:00:00+00:00
LEAD-000575,CUST-000575,VEH-000255,SALES-023,Walk-In,Qualified,62,"profile=Warm, vehicle selected, down payment",Preferences captured; comparing suitable vehicles and ownership costs.,2026-07-18T21:00:00+00:00
LEAD-000576,CUST-000576,VEH-004275,SALES-024,Social Media,Appointment Set,32,"profile=Edge Case, vehicle selected, down payment",Requirements may conflict with budget or contact preferences; clarify before action.,2026-07-11T06:00:00+00:00
LEAD-000577,CUST-000577,VEH-008343,SALES-001,Vehicle Marketplace,New,70,"profile=Warm, 30-day, vehicle selected, down payment",Preferences captured; comparing suitable vehicles and ownership costs.,2026-06-08T08:00:00+00:00
LEAD-000578,CUST-000578,VEH-004923,SALES-002,Paid Search,Contacted,37,"profile=Research, vehicle selected",Early research stage; provide options without pressuring for commitment.,2026-06-08T13:00:00+00:00
LEAD-000579,CUST-000579,VEH-000386,SALES-003,Paid Search,Appointment Set,92,"profile=Hot, near-term, vehicle selected",Specific near-term purchase intent; ready for inventory shortlist.,2026-05-23T12:00:00+00:00
LEAD-000580,CUST-000580,VEH-008926,SALES-004,Walk-In,Qualified,62,"profile=Warm, vehicle selected, down payment",Preferences captured; comparing suitable vehicles and ownership costs.,2026-05-17T20:00:00+00:00
LEAD-000581,CUST-000581,VEH-001786,SALES-005,Referral,New,37,"profile=Research, vehicle selected",Early research stage; provide options without pressuring for commitment.,2026-05-22T21:00:00+00:00
LEAD-000582,CUST-000582,,SALES-006,Website,Contacted,30,profile=Research,Early research stage; provide options without pressuring for commitment.,2026-08-01T16:00:00+00:00
LEAD-000583,CUST-000583,VEH-007931,SALES-007,Referral,Qualified,42,"profile=Research, vehicle selected, down payment",Early research stage; provide options without pressuring for commitment.,2026-05-17T02:00:00+00:00
LEAD-000584,CUST-000584,VEH-002680,SALES-008,Inbound Call,Contacted,42,"profile=Research, vehicle selected, down payment",Early research stage; provide options without pressuring for commitment.,2026-06-10T00:00:00+00:00
LEAD-000585,CUST-000585,,SALES-009,Referral,Appointment Set,78,"profile=Hot, 30-day",Specific near-term purchase intent; ready for inventory shortlist.,2026-07-07T01:00:00+00:00
LEAD-000586,CUST-000586,VEH-008815,SALES-010,Website,Appointment Set,97,"profile=Hot, near-term, vehicle selected, down payment",Specific near-term purchase intent; ready for inventory shortlist.,2026-07-05T21:00:00+00:00
LEAD-000587,CUST-000587,VEH-006625,SALES-011,Website,Qualified,37,"profile=Research, vehicle selected",Early research stage; provide options without pressuring for commitment.,2026-08-15T01:00:00+00:00
LEAD-000588,CUST-000588,VEH-005450,SALES-012,Website,Qualified,62,"profile=Warm, vehicle selected, down payment",Preferences captured; comparing suitable vehicles and ownership costs.,2026-08-03T20:00:00+00:00
LEAD-000589,CUST-000589,VEH-000185,SALES-013,Inbound Call,Contacted,42,"profile=Research, vehicle selected, down payment",Early research stage; provide options without pressuring for commitment.,2026-08-06T23:00:00+00:00
LEAD-000590,CUST-000590,VEH-008305,SALES-014,Paid Search,Appointment Set,70,"profile=Warm, 30-day, vehicle selected, down payment",Preferences captured; comparing suitable vehicles and ownership costs.,2026-05-15T19:00:00+00:00
LEAD-000591,CUST-000591,VEH-004155,SALES-015,Vehicle Marketplace,New,32,"profile=Edge Case, vehicle selected, down payment",Requirements may conflict with budget or contact preferences; clarify before action.,2026-08-13T07:00:00+00:00
LEAD-000592,CUST-000592,,SALES-016,Vehicle Marketplace,Won,63,"profile=Warm, 30-day, down payment",Preferences captured; comparing suitable vehicles and ownership costs.,2026-07-06T05:00:00+00:00
LEAD-000593,CUST-000593,,SALES-017,Referral,Qualified,30,profile=Research,Early research stage; provide options without pressuring for commitment.,2026-08-21T04:00:00+00:00
LEAD-000594,CUST-000594,VEH-005506,SALES-018,Paid Search,New,70,"profile=Warm, 30-day, vehicle selected, down payment",Preferences captured; comparing suitable vehicles and ownership costs.,2026-08-07T07:00:00+00:00
LEAD-000595,CUST-000595,VEH-002509,SALES-019,Vehicle Marketplace,Contacted,92,"profile=Hot, near-term, vehicle selected",Specific near-term purchase intent; ready for inventory shortlist.,2026-04-29T21:00:00+00:00
LEAD-000596,CUST-000596,VEH-000489,SALES-020,Walk-In,Contacted,62,"profile=Warm, vehicle selected, down payment",Preferences captured; comparing suitable vehicles and ownership costs.,2026-06-03T03:00:00+00:00
LEAD-000597,CUST-000597,VEH-006697,SALES-021,Website,Contacted,97,"profile=Hot, near-term, vehicle selected, down payment",Specific near-term purchase intent; ready for inventory shortlist.,2026-08-12T09:00:00+00:00
LEAD-000598,CUST-000598,VEH-000239,SALES-022,Vehicle Marketplace,Contacted,42,"profile=Research, vehicle selected, down payment",Early research stage; provide options without pressuring for commitment.,2026-07-19T01:00:00+00:00
LEAD-000599,CUST-000599,VEH-005145,SALES-023,Website,New,85,"profile=Hot, 30-day, vehicle selected",Specific near-term purchase intent; ready for inventory shortlist.,2026-05-21T22:00:00+00:00
LEAD-000600,CUST-000600,VEH-007007,SALES-024,Inbound Call,Qualified,62,"profile=Warm, vehicle selected, down payment",Preferences captured; comparing suitable vehicles and ownership costs.,2026-05-04T05:00:00+00:00
LEAD-000601,CUST-000601,VEH-009416,SALES-001,Inbound Call,Qualified,57,"profile=Warm, vehicle selected",Preferences captured; comparing suitable vehicles and ownership costs.,2026-05-15T22:00:00+00:00
LEAD-000602,CUST-000602,,SALES-002,Website,Won,63,"profile=Warm, 30-day, down payment",Preferences captured; comparing suitable vehicles and ownership costs.,2026-08-17T14:00:00+00:00
LEAD-000603,CUST-000603,VEH-006140,SALES-003,Website,Contacted,62,"profile=Warm, vehicle selected, down payment",Preferences captured; comparing suitable vehicles and ownership costs.,2026-04-29T18:00:00+00:00
LEAD-000604,CUST-000604,VEH-007510,SALES-004,Inbound Call,Won,37,"profile=Research, vehicle selected",Early research stage; provide options without pressuring for commitment.,2026-07-25T07:00:00+00:00
LEAD-000605,CUST-000605,VEH-008969,SALES-005,Paid Search,New,70,"profile=Warm, 30-day, vehicle selected, down payment",Preferences captured; comparing suitable vehicles and ownership costs.,2026-08-07T04:00:00+00:00
LEAD-000606,CUST-000606,VEH-005833,SALES-006,Paid Search,Qualified,47,"profile=Edge Case, near-term, vehicle selected, down payment",Requirements may conflict with budget or contact preferences; clarify before action.,2026-05-17T22:00:00+00:00
LEAD-000607,CUST-000607,VEH-006270,SALES-007,Vehicle Marketplace,Appointment Set,70,"profile=Warm, 30-day, vehicle selected, down payment",Preferences captured; comparing suitable vehicles and ownership costs.,2026-06-26T23:00:00+00:00
LEAD-000608,CUST-000608,VEH-002217,SALES-008,Website,New,37,"profile=Research, vehicle selected",Early research stage; provide options without pressuring for commitment.,2026-08-10T21:00:00+00:00
LEAD-000609,CUST-000609,VEH-005671,SALES-009,Inbound Call,Won,65,"profile=Warm, 30-day, vehicle selected",Preferences captured; comparing suitable vehicles and ownership costs.,2026-05-20T05:00:00+00:00
LEAD-000610,CUST-000610,VEH-002341,SALES-010,Website,New,70,"profile=Warm, 30-day, vehicle selected, down payment",Preferences captured; comparing suitable vehicles and ownership costs.,2026-07-09T19:00:00+00:00
LEAD-000611,CUST-000611,VEH-008478,SALES-011,Walk-In,New,57,"profile=Warm, vehicle selected",Preferences captured; comparing suitable vehicles and ownership costs.,2026-08-04T02:00:00+00:00
LEAD-000612,CUST-000612,VEH-000550,SALES-012,Vehicle Marketplace,New,42,"profile=Research, vehicle selected, down payment",Early research stage; provide options without pressuring for commitment.,2026-05-24T18:00:00+00:00
LEAD-000613,CUST-000613,,SALES-013,Referral,Qualified,35,"profile=Research, down payment",Early research stage; provide options without pressuring for commitment.,2026-08-08T07:00:00+00:00
LEAD-000614,CUST-000614,VEH-006950,SALES-014,Website,Appointment Set,42,"profile=Research, vehicle selected, down payment",Early research stage; provide options without pressuring for commitment.,2026-08-03T17:00:00+00:00
LEAD-000615,CUST-000615,VEH-001701,SALES-015,Paid Search,Appointment Set,62,"profile=Warm, vehicle selected, down payment",Preferences captured; comparing suitable vehicles and ownership costs.,2026-05-08T13:00:00+00:00
LEAD-000616,CUST-000616,VEH-005201,SALES-016,Paid Search,Qualified,62,"profile=Warm, vehicle selected, down payment",Preferences captured; comparing suitable vehicles and ownership costs.,2026-06-17T04:00:00+00:00
LEAD-000617,CUST-000617,VEH-007966,SALES-017,Walk-In,Qualified,97,"profile=Hot, near-term, vehicle selected, down payment",Specific near-term purchase intent; ready for inventory shortlist.,2026-07-21T05:00:00+00:00
LEAD-000618,CUST-000618,VEH-008269,SALES-018,Walk-In,Qualified,42,"profile=Research, vehicle selected, down payment",Early research stage; provide options without pressuring for commitment.,2026-06-18T22:00:00+00:00
LEAD-000619,CUST-000619,VEH-008574,SALES-019,Inbound Call,New,62,"profile=Warm, vehicle selected, down payment",Preferences captured; comparing suitable vehicles and ownership costs.,2026-06-01T09:00:00+00:00
LEAD-000620,CUST-000620,,SALES-020,Website,New,20,profile=Edge Case,Requirements may conflict with budget or contact preferences; clarify before action.,2026-06-28T16:00:00+00:00
LEAD-000621,CUST-000621,,SALES-021,Website,New,30,profile=Research,Early research stage; provide options without pressuring for commitment.,2026-05-16T06:00:00+00:00
LEAD-000622,CUST-000622,VEH-001473,SALES-022,Walk-In,Qualified,62,"profile=Warm, vehicle selected, down payment",Preferences captured; comparing suitable vehicles and ownership costs.,2026-05-28T14:00:00+00:00
LEAD-000623,CUST-000623,VEH-003062,SALES-023,Inbound Call,New,65,"profile=Warm, 30-day, vehicle selected",Preferences captured; comparing suitable vehicles and ownership costs.,2026-07-21T14:00:00+00:00
LEAD-000624,CUST-000624,,SALES-024,Paid Search,Appointment Set,35,"profile=Research, down payment",Early research stage; provide options without pressuring for commitment.,2026-07-29T09:00:00+00:00
LEAD-000625,CUST-000625,VEH-005537,SALES-001,Referral,Qualified,62,"profile=Warm, vehicle selected, down payment",Preferences captured; comparing suitable vehicles and ownership costs.,2026-07-28T14:00:00+00:00
LEAD-000626,CUST-000626,VEH-003484,SALES-002,Vehicle Marketplace,Appointment Set,62,"profile=Warm, vehicle selected, down payment",Preferences captured; comparing suitable vehicles and ownership costs.,2026-06-21T21:00:00+00:00
LEAD-000627,CUST-000627,VEH-002957,SALES-003,Website,Contacted,62,"profile=Warm, vehicle selected, down payment",Preferences captured; comparing suitable vehicles and ownership costs.,2026-08-23T01:00:00+00:00
LEAD-000628,CUST-000628,VEH-001108,SALES-004,Inbound Call,Won,70,"profile=Warm, 30-day, vehicle selected, down payment",Preferences captured; comparing suitable vehicles and ownership costs.,2026-07-31T17:00:00+00:00
LEAD-000629,CUST-000629,VEH-007500,SALES-005,Referral,New,65,"profile=Warm, 30-day, vehicle selected",Preferences captured; comparing suitable vehicles and ownership costs.,2026-05-15T20:00:00+00:00
LEAD-000630,CUST-000630,VEH-009858,SALES-006,Paid Search,Contacted,62,"profile=Warm, vehicle selected, down payment",Preferences captured; comparing suitable vehicles and ownership costs.,2026-07-30T15:00:00+00:00
LEAD-000631,CUST-000631,VEH-002267,SALES-007,Referral,Contacted,32,"profile=Edge Case, vehicle selected, down payment",Requirements may conflict with budget or contact preferences; clarify before action.,2026-07-01T22:00:00+00:00
LEAD-000632,CUST-000632,VEH-002560,SALES-008,Website,Qualified,65,"profile=Warm, 30-day, vehicle selected",Preferences captured; comparing suitable vehicles and ownership costs.,2026-07-04T09:00:00+00:00
LEAD-000633,CUST-000633,VEH-006668,SALES-009,Inbound Call,Contacted,42,"profile=Research, vehicle selected, down payment",Early research stage; provide options without pressuring for commitment.,2026-05-02T10:00:00+00:00
LEAD-000634,CUST-000634,,SALES-010,Website,Won,85,"profile=Hot, near-term",Specific near-term purchase intent; ready for inventory shortlist.,2026-06-14T10:00:00+00:00
LEAD-000635,CUST-000635,VEH-004003,SALES-011,Social Media,New,70,"profile=Warm, 30-day, vehicle selected, down payment",Preferences captured; comparing suitable vehicles and ownership costs.,2026-07-28T18:00:00+00:00
LEAD-000636,CUST-000636,,SALES-012,Inbound Call,Appointment Set,78,"profile=Hot, 30-day",Specific near-term purchase intent; ready for inventory shortlist.,2026-07-21T05:00:00+00:00
LEAD-000637,CUST-000637,VEH-002558,SALES-013,Website,Qualified,90,"profile=Hot, 30-day, vehicle selected, down payment",Specific near-term purchase intent; ready for inventory shortlist.,2026-08-19T06:00:00+00:00
LEAD-000638,CUST-000638,VEH-006671,SALES-014,Inbound Call,Won,42,"profile=Research, vehicle selected, down payment",Early research stage; provide options without pressuring for commitment.,2026-08-15T06:00:00+00:00
LEAD-000639,CUST-000639,VEH-001485,SALES-015,Referral,Contacted,37,"profile=Research, vehicle selected",Early research stage; provide options without pressuring for commitment.,2026-04-28T07:00:00+00:00
LEAD-000640,CUST-000640,VEH-001068,SALES-016,Referral,Qualified,65,"profile=Warm, 30-day, vehicle selected",Preferences captured; comparing suitable vehicles and ownership costs.,2026-07-09T08:00:00+00:00
LEAD-000641,CUST-000641,VEH-004894,SALES-017,Social Media,Contacted,37,"profile=Research, vehicle selected",Early research stage; provide options without pressuring for commitment.,2026-08-16T07:00:00+00:00
LEAD-000642,CUST-000642,VEH-009430,SALES-018,Inbound Call,New,65,"profile=Warm, 30-day, vehicle selected",Preferences captured; comparing suitable vehicles and ownership costs.,2026-05-28T23:00:00+00:00
LEAD-000643,CUST-000643,VEH-001490,SALES-019,Social Media,Qualified,62,"profile=Warm, vehicle selected, down payment",Preferences captured; comparing suitable vehicles and ownership costs.,2026-06-23T14:00:00+00:00
LEAD-000644,CUST-000644,,SALES-020,Vehicle Marketplace,Qualified,90,"profile=Hot, near-term, down payment",Specific near-term purchase intent; ready for inventory shortlist.,2026-05-21T21:00:00+00:00
LEAD-000645,CUST-000645,VEH-004495,SALES-021,Inbound Call,New,27,"profile=Edge Case, vehicle selected",Requirements may conflict with budget or contact preferences; clarify before action.,2026-06-15T12:00:00+00:00
LEAD-000646,CUST-000646,,SALES-022,Referral,Won,55,"profile=Warm, down payment",Preferences captured; comparing suitable vehicles and ownership costs.,2026-04-30T17:00:00+00:00
LEAD-000647,CUST-000647,VEH-006731,SALES-023,Website,Qualified,42,"profile=Research, vehicle selected, down payment",Early research stage; provide options without pressuring for commitment.,2026-08-12T21:00:00+00:00
LEAD-000648,CUST-000648,VEH-004945,SALES-024,Social Media,New,47,"profile=Edge Case, near-term, vehicle selected, down payment",Requirements may conflict with budget or contact preferences; clarify before action.,2026-06-01T11:00:00+00:00
LEAD-000649,CUST-000649,VEH-007934,SALES-001,Walk-In,Contacted,70,"profile=Warm, 30-day, vehicle selected, down payment",Preferences captured; comparing suitable vehicles and ownership costs.,2026-05-06T12:00:00+00:00
LEAD-000650,CUST-000650,VEH-001231,SALES-002,Inbound Call,New,35,"profile=Edge Case, 30-day, vehicle selected",Requirements may conflict with budget or contact preferences; clarify before action.,2026-07-19T14:00:00+00:00
LEAD-000651,CUST-000651,VEH-000811,SALES-003,Social Media,Contacted,35,"profile=Edge Case, 30-day, vehicle selected",Requirements may conflict with budget or contact preferences; clarify before action.,2026-07-18T06:00:00+00:00
LEAD-000652,CUST-000652,VEH-001161,SALES-004,Inbound Call,Qualified,70,"profile=Warm, 30-day, vehicle selected, down payment",Preferences captured; comparing suitable vehicles and ownership costs.,2026-07-26T05:00:00+00:00
LEAD-000653,CUST-000653,VEH-008740,SALES-005,Website,Contacted,90,"profile=Hot, 30-day, vehicle selected, down payment",Specific near-term purchase intent; ready for inventory shortlist.,2026-06-24T09:00:00+00:00
LEAD-000654,CUST-000654,VEH-003311,SALES-006,Social Media,Appointment Set,70,"profile=Warm, 30-day, vehicle selected, down payment",Preferences captured; comparing suitable vehicles and ownership costs.,2026-08-07T09:00:00+00:00
LEAD-000655,CUST-000655,VEH-005992,SALES-007,Website,New,57,"profile=Warm, vehicle selected",Preferences captured; comparing suitable vehicles and ownership costs.,2026-07-22T16:00:00+00:00
LEAD-000656,CUST-000656,VEH-001045,SALES-008,Website,Appointment Set,90,"profile=Hot, 30-day, vehicle selected, down payment",Specific near-term purchase intent; ready for inventory shortlist.,2026-06-27T06:00:00+00:00
LEAD-000657,CUST-000657,VEH-001932,SALES-009,Website,Qualified,32,"profile=Edge Case, vehicle selected, down payment",Requirements may conflict with budget or contact preferences; clarify before action.,2026-05-12T05:00:00+00:00
LEAD-000658,CUST-000658,,SALES-010,Vehicle Marketplace,Qualified,55,"profile=Warm, down payment",Preferences captured; comparing suitable vehicles and ownership costs.,2026-06-21T23:00:00+00:00
LEAD-000659,CUST-000659,,SALES-011,Website,Won,58,"profile=Warm, 30-day",Preferences captured; comparing suitable vehicles and ownership costs.,2026-05-12T03:00:00+00:00
LEAD-000660,CUST-000660,VEH-007953,SALES-012,Website,Appointment Set,70,"profile=Warm, 30-day, vehicle selected, down payment",Preferences captured; comparing suitable vehicles and ownership costs.,2026-06-22T18:00:00+00:00
LEAD-000661,CUST-000661,,SALES-013,Referral,Appointment Set,30,profile=Research,Early research stage; provide options without pressuring for commitment.,2026-05-08T18:00:00+00:00
LEAD-000662,CUST-000662,,SALES-014,Inbound Call,Qualified,40,"profile=Edge Case, near-term, down payment",Requirements may conflict with budget or contact preferences; clarify before action.,2026-07-17T21:00:00+00:00
LEAD-000663,CUST-000663,VEH-000196,SALES-015,Website,New,70,"profile=Warm, 30-day, vehicle selected, down payment",Preferences captured; comparing suitable vehicles and ownership costs.,2026-05-22T23:00:00+00:00
LEAD-000664,CUST-000664,VEH-008993,SALES-016,Vehicle Marketplace,New,70,"profile=Warm, 30-day, vehicle selected, down payment",Preferences captured; comparing suitable vehicles and ownership costs.,2026-08-11T01:00:00+00:00
LEAD-000665,CUST-000665,VEH-000690,SALES-017,Walk-In,Qualified,47,"profile=Edge Case, near-term, vehicle selected, down payment",Requirements may conflict with budget or contact preferences; clarify before action.,2026-07-19T07:00:00+00:00
LEAD-000666,CUST-000666,,SALES-018,Inbound Call,New,85,"profile=Hot, near-term",Specific near-term purchase intent; ready for inventory shortlist.,2026-05-31T09:00:00+00:00
LEAD-000667,CUST-000667,VEH-004012,SALES-019,Website,Appointment Set,97,"profile=Hot, near-term, vehicle selected, down payment",Specific near-term purchase intent; ready for inventory shortlist.,2026-07-02T20:00:00+00:00
LEAD-000668,CUST-000668,VEH-005436,SALES-020,Paid Search,New,42,"profile=Research, vehicle selected, down payment",Early research stage; provide options without pressuring for commitment.,2026-08-24T14:00:00+00:00
LEAD-000669,CUST-000669,VEH-001861,SALES-021,Paid Search,Appointment Set,42,"profile=Research, vehicle selected, down payment",Early research stage; provide options without pressuring for commitment.,2026-06-02T20:00:00+00:00
LEAD-000670,CUST-000670,VEH-009175,SALES-022,Referral,New,37,"profile=Research, vehicle selected",Early research stage; provide options without pressuring for commitment.,2026-06-23T03:00:00+00:00
LEAD-000671,CUST-000671,VEH-006560,SALES-023,Referral,Qualified,42,"profile=Research, vehicle selected, down payment",Early research stage; provide options without pressuring for commitment.,2026-05-24T12:00:00+00:00
LEAD-000672,CUST-000672,VEH-008026,SALES-024,Website,Appointment Set,37,"profile=Research, vehicle selected",Early research stage; provide options without pressuring for commitment.,2026-04-29T06:00:00+00:00
LEAD-000673,CUST-000673,VEH-003582,SALES-001,Website,Won,32,"profile=Edge Case, vehicle selected, down payment",Requirements may conflict with budget or contact preferences; clarify before action.,2026-05-05T09:00:00+00:00
LEAD-000674,CUST-000674,VEH-001801,SALES-002,Inbound Call,Lost,85,"profile=Hot, 30-day, vehicle selected",Specific near-term purchase intent; ready for inventory shortlist.,2026-07-06T11:00:00+00:00
LEAD-000675,CUST-000675,VEH-005394,SALES-003,Referral,Contacted,42,"profile=Research, vehicle selected, down payment",Early research stage; provide options without pressuring for commitment.,2026-06-11T09:00:00+00:00
LEAD-000676,CUST-000676,VEH-002548,SALES-004,Website,Qualified,42,"profile=Research, vehicle selected, down payment",Early research stage; provide options without pressuring for commitment.,2026-05-11T09:00:00+00:00
LEAD-000677,CUST-000677,VEH-006388,SALES-005,Paid Search,Won,90,"profile=Hot, 30-day, vehicle selected, down payment",Specific near-term purchase intent; ready for inventory shortlist.,2026-07-11T03:00:00+00:00
LEAD-000678,CUST-000678,VEH-005870,SALES-006,Paid Search,New,62,"profile=Warm, vehicle selected, down payment",Preferences captured; comparing suitable vehicles and ownership costs.,2026-08-12T04:00:00+00:00
LEAD-000679,CUST-000679,VEH-004311,SALES-007,Website,New,70,"profile=Warm, 30-day, vehicle selected, down payment",Preferences captured; comparing suitable vehicles and ownership costs.,2026-05-30T15:00:00+00:00
LEAD-000680,CUST-000680,VEH-001499,SALES-008,Referral,Contacted,37,"profile=Research, vehicle selected",Early research stage; provide options without pressuring for commitment.,2026-07-24T07:00:00+00:00
LEAD-000681,CUST-000681,VEH-001894,SALES-009,Paid Search,Contacted,37,"profile=Research, vehicle selected",Early research stage; provide options without pressuring for commitment.,2026-04-29T02:00:00+00:00
LEAD-000682,CUST-000682,VEH-008741,SALES-010,Website,Qualified,37,"profile=Research, vehicle selected",Early research stage; provide options without pressuring for commitment.,2026-07-02T12:00:00+00:00
LEAD-000683,CUST-000683,VEH-001836,SALES-011,Website,Appointment Set,97,"profile=Hot, near-term, vehicle selected, down payment",Specific near-term purchase intent; ready for inventory shortlist.,2026-06-03T12:00:00+00:00
LEAD-000684,CUST-000684,VEH-005116,SALES-012,Social Media,Contacted,62,"profile=Warm, vehicle selected, down payment",Preferences captured; comparing suitable vehicles and ownership costs.,2026-05-06T08:00:00+00:00
LEAD-000685,CUST-000685,VEH-006769,SALES-013,Inbound Call,Qualified,42,"profile=Research, vehicle selected, down payment",Early research stage; provide options without pressuring for commitment.,2026-07-14T23:00:00+00:00
LEAD-000686,CUST-000686,VEH-004713,SALES-014,Walk-In,Qualified,62,"profile=Warm, vehicle selected, down payment",Preferences captured; comparing suitable vehicles and ownership costs.,2026-06-03T20:00:00+00:00
LEAD-000687,CUST-000687,VEH-002665,SALES-015,Website,Qualified,65,"profile=Warm, 30-day, vehicle selected",Preferences captured; comparing suitable vehicles and ownership costs.,2026-06-10T07:00:00+00:00
LEAD-000688,CUST-000688,VEH-005504,SALES-016,Paid Search,New,62,"profile=Warm, vehicle selected, down payment",Preferences captured; comparing suitable vehicles and ownership costs.,2026-07-12T03:00:00+00:00
LEAD-000689,CUST-000689,VEH-006612,SALES-017,Website,New,57,"profile=Warm, vehicle selected",Preferences captured; comparing suitable vehicles and ownership costs.,2026-04-30T00:00:00+00:00
LEAD-000690,CUST-000690,VEH-009066,SALES-018,Inbound Call,Appointment Set,57,"profile=Warm, vehicle selected",Preferences captured; comparing suitable vehicles and ownership costs.,2026-06-15T11:00:00+00:00
LEAD-000691,CUST-000691,VEH-008105,SALES-019,Paid Search,Qualified,37,"profile=Research, vehicle selected",Early research stage; provide options without pressuring for commitment.,2026-06-19T18:00:00+00:00
LEAD-000692,CUST-000692,VEH-008462,SALES-020,Referral,Won,32,"profile=Edge Case, vehicle selected, down payment",Requirements may conflict with budget or contact preferences; clarify before action.,2026-07-20T02:00:00+00:00
LEAD-000693,CUST-000693,VEH-000199,SALES-021,Vehicle Marketplace,New,62,"profile=Warm, vehicle selected, down payment",Preferences captured; comparing suitable vehicles and ownership costs.,2026-07-03T13:00:00+00:00
LEAD-000694,CUST-000694,VEH-000239,SALES-022,Referral,New,97,"profile=Hot, near-term, vehicle selected, down payment",Specific near-term purchase intent; ready for inventory shortlist.,2026-06-07T22:00:00+00:00
LEAD-000695,CUST-000695,VEH-008961,SALES-023,Inbound Call,New,42,"profile=Research, vehicle selected, down payment",Early research stage; provide options without pressuring for commitment.,2026-07-20T22:00:00+00:00
LEAD-000696,CUST-000696,VEH-000252,SALES-024,Vehicle Marketplace,Appointment Set,37,"profile=Research, vehicle selected",Early research stage; provide options without pressuring for commitment.,2026-05-19T03:00:00+00:00
LEAD-000697,CUST-000697,,SALES-001,Inbound Call,Contacted,55,"profile=Warm, down payment",Preferences captured; comparing suitable vehicles and ownership costs.,2026-08-06T13:00:00+00:00
LEAD-000698,CUST-000698,VEH-000908,SALES-002,Website,Qualified,62,"profile=Warm, vehicle selected, down payment",Preferences captured; comparing suitable vehicles and ownership costs.,2026-05-18T01:00:00+00:00
LEAD-000699,CUST-000699,VEH-006755,SALES-003,Website,Appointment Set,32,"profile=Edge Case, vehicle selected, down payment",Requirements may conflict with budget or contact preferences; clarify before action.,2026-07-01T13:00:00+00:00
LEAD-000700,CUST-000700,VEH-001543,SALES-004,Walk-In,Contacted,42,"profile=Research, vehicle selected, down payment",Early research stage; provide options without pressuring for commitment.,2026-06-21T10:00:00+00:00
LEAD-000701,CUST-000701,VEH-000247,SALES-005,Inbound Call,Appointment Set,42,"profile=Research, vehicle selected, down payment",Early research stage; provide options without pressuring for commitment.,2026-06-20T01:00:00+00:00
LEAD-000702,CUST-000702,,SALES-006,Website,Contacted,58,"profile=Warm, 30-day",Preferences captured; comparing suitable vehicles and ownership costs.,2026-06-04T12:00:00+00:00
LEAD-000703,CUST-000703,VEH-006727,SALES-007,Vehicle Marketplace,New,42,"profile=Research, vehicle selected, down payment",Early research stage; provide options without pressuring for commitment.,2026-05-09T21:00:00+00:00
LEAD-000704,CUST-000704,VEH-007250,SALES-008,Inbound Call,Contacted,85,"profile=Hot, 30-day, vehicle selected",Specific near-term purchase intent; ready for inventory shortlist.,2026-07-19T03:00:00+00:00
LEAD-000705,CUST-000705,VEH-001322,SALES-009,Referral,New,70,"profile=Warm, 30-day, vehicle selected, down payment",Preferences captured; comparing suitable vehicles and ownership costs.,2026-07-07T15:00:00+00:00
LEAD-000706,CUST-000706,VEH-004097,SALES-010,Website,Appointment Set,57,"profile=Warm, vehicle selected",Preferences captured; comparing suitable vehicles and ownership costs.,2026-06-03T21:00:00+00:00
LEAD-000707,CUST-000707,VEH-004693,SALES-011,Referral,Contacted,97,"profile=Hot, near-term, vehicle selected, down payment",Specific near-term purchase intent; ready for inventory shortlist.,2026-06-08T22:00:00+00:00
LEAD-000708,CUST-000708,VEH-001492,SALES-012,Inbound Call,New,42,"profile=Research, vehicle selected, down payment",Early research stage; provide options without pressuring for commitment.,2026-07-09T00:00:00+00:00
LEAD-000709,CUST-000709,VEH-006660,SALES-013,Website,Won,97,"profile=Hot, near-term, vehicle selected, down payment",Specific near-term purchase intent; ready for inventory shortlist.,2026-06-17T03:00:00+00:00
LEAD-000710,CUST-000710,,SALES-014,Vehicle Marketplace,Appointment Set,85,"profile=Hot, near-term",Specific near-term purchase intent; ready for inventory shortlist.,2026-07-01T00:00:00+00:00
LEAD-000711,CUST-000711,VEH-003371,SALES-015,Walk-In,Contacted,57,"profile=Warm, vehicle selected",Preferences captured; comparing suitable vehicles and ownership costs.,2026-07-23T16:00:00+00:00
LEAD-000712,CUST-000712,VEH-002493,SALES-016,Website,Appointment Set,70,"profile=Warm, 30-day, vehicle selected, down payment",Preferences captured; comparing suitable vehicles and ownership costs.,2026-07-14T12:00:00+00:00
LEAD-000713,CUST-000713,VEH-000088,SALES-017,Website,Qualified,62,"profile=Warm, vehicle selected, down payment",Preferences captured; comparing suitable vehicles and ownership costs.,2026-05-13T04:00:00+00:00
LEAD-000714,CUST-000714,VEH-001414,SALES-018,Social Media,New,70,"profile=Warm, 30-day, vehicle selected, down payment",Preferences captured; comparing suitable vehicles and ownership costs.,2026-07-12T09:00:00+00:00
LEAD-000715,CUST-000715,VEH-004792,SALES-019,Inbound Call,Qualified,62,"profile=Warm, vehicle selected, down payment",Preferences captured; comparing suitable vehicles and ownership costs.,2026-06-11T08:00:00+00:00
LEAD-000716,CUST-000716,VEH-001639,SALES-020,Walk-In,New,37,"profile=Research, vehicle selected",Early research stage; provide options without pressuring for commitment.,2026-05-27T03:00:00+00:00
LEAD-000717,CUST-000717,,SALES-021,Referral,New,55,"profile=Warm, down payment",Preferences captured; comparing suitable vehicles and ownership costs.,2026-06-20T03:00:00+00:00
LEAD-000718,CUST-000718,VEH-007346,SALES-022,Inbound Call,Qualified,42,"profile=Edge Case, near-term, vehicle selected",Requirements may conflict with budget or contact preferences; clarify before action.,2026-06-11T17:00:00+00:00
LEAD-000719,CUST-000719,VEH-007792,SALES-023,Paid Search,New,42,"profile=Research, vehicle selected, down payment",Early research stage; provide options without pressuring for commitment.,2026-06-16T13:00:00+00:00
LEAD-000720,CUST-000720,VEH-009003,SALES-024,Inbound Call,Contacted,27,"profile=Edge Case, vehicle selected",Requirements may conflict with budget or contact preferences; clarify before action.,2026-06-10T07:00:00+00:00
LEAD-000721,CUST-000721,VEH-009067,SALES-001,Walk-In,Lost,42,"profile=Research, vehicle selected, down payment",Early research stage; provide options without pressuring for commitment.,2026-07-05T12:00:00+00:00
LEAD-000722,CUST-000722,,SALES-002,Walk-In,Contacted,63,"profile=Warm, 30-day, down payment",Preferences captured; comparing suitable vehicles and ownership costs.,2026-06-15T05:00:00+00:00
LEAD-000723,CUST-000723,VEH-005755,SALES-003,Vehicle Marketplace,New,27,"profile=Edge Case, vehicle selected",Requirements may conflict with budget or contact preferences; clarify before action.,2026-05-23T10:00:00+00:00
LEAD-000724,CUST-000724,,SALES-004,Paid Search,Won,30,profile=Research,Early research stage; provide options without pressuring for commitment.,2026-08-03T12:00:00+00:00
LEAD-000725,CUST-000725,VEH-007085,SALES-005,Social Media,New,57,"profile=Warm, vehicle selected",Preferences captured; comparing suitable vehicles and ownership costs.,2026-05-16T00:00:00+00:00
LEAD-000726,CUST-000726,VEH-002197,SALES-006,Website,New,70,"profile=Warm, 30-day, vehicle selected, down payment",Preferences captured; comparing suitable vehicles and ownership costs.,2026-06-08T03:00:00+00:00
LEAD-000727,CUST-000727,,SALES-007,Website,Won,30,profile=Research,Early research stage; provide options without pressuring for commitment.,2026-07-11T02:00:00+00:00
LEAD-000728,CUST-000728,VEH-008389,SALES-008,Website,Qualified,62,"profile=Warm, vehicle selected, down payment",Preferences captured; comparing suitable vehicles and ownership costs.,2026-04-27T21:00:00+00:00
LEAD-000729,CUST-000729,VEH-005371,SALES-009,Inbound Call,Contacted,90,"profile=Hot, 30-day, vehicle selected, down payment",Specific near-term purchase intent; ready for inventory shortlist.,2026-07-06T05:00:00+00:00
LEAD-000730,CUST-000730,VEH-008422,SALES-010,Walk-In,Contacted,70,"profile=Warm, 30-day, vehicle selected, down payment",Preferences captured; comparing suitable vehicles and ownership costs.,2026-08-24T12:00:00+00:00
LEAD-000731,CUST-000731,VEH-001219,SALES-011,Paid Search,Qualified,42,"profile=Research, vehicle selected, down payment",Early research stage; provide options without pressuring for commitment.,2026-07-03T16:00:00+00:00
LEAD-000732,CUST-000732,VEH-004629,SALES-012,Paid Search,New,57,"profile=Warm, vehicle selected",Preferences captured; comparing suitable vehicles and ownership costs.,2026-06-02T21:00:00+00:00
LEAD-000733,CUST-000733,VEH-003931,SALES-013,Walk-In,Contacted,62,"profile=Warm, vehicle selected, down payment",Preferences captured; comparing suitable vehicles and ownership costs.,2026-05-01T10:00:00+00:00
LEAD-000734,CUST-000734,VEH-005286,SALES-014,Paid Search,Qualified,90,"profile=Hot, 30-day, vehicle selected, down payment",Specific near-term purchase intent; ready for inventory shortlist.,2026-07-11T03:00:00+00:00
LEAD-000735,CUST-000735,VEH-003115,SALES-015,Inbound Call,Appointment Set,42,"profile=Research, vehicle selected, down payment",Early research stage; provide options without pressuring for commitment.,2026-06-19T15:00:00+00:00
LEAD-000736,CUST-000736,VEH-000167,SALES-016,Referral,Qualified,57,"profile=Warm, vehicle selected",Preferences captured; comparing suitable vehicles and ownership costs.,2026-08-14T07:00:00+00:00
LEAD-000737,CUST-000737,VEH-009843,SALES-017,Vehicle Marketplace,Contacted,62,"profile=Warm, vehicle selected, down payment",Preferences captured; comparing suitable vehicles and ownership costs.,2026-08-12T09:00:00+00:00
LEAD-000738,CUST-000738,VEH-001264,SALES-018,Paid Search,Qualified,65,"profile=Warm, 30-day, vehicle selected",Preferences captured; comparing suitable vehicles and ownership costs.,2026-05-29T22:00:00+00:00
LEAD-000739,CUST-000739,VEH-006039,SALES-019,Inbound Call,Contacted,37,"profile=Research, vehicle selected",Early research stage; provide options without pressuring for commitment.,2026-05-13T05:00:00+00:00
LEAD-000740,CUST-000740,VEH-004326,SALES-020,Paid Search,Appointment Set,42,"profile=Research, vehicle selected, down payment",Early research stage; provide options without pressuring for commitment.,2026-06-21T11:00:00+00:00
LEAD-000741,CUST-000741,,SALES-021,Website,Contacted,50,profile=Warm,Preferences captured; comparing suitable vehicles and ownership costs.,2026-05-02T21:00:00+00:00
LEAD-000742,CUST-000742,VEH-002048,SALES-022,Vehicle Marketplace,Qualified,70,"profile=Warm, 30-day, vehicle selected, down payment",Preferences captured; comparing suitable vehicles and ownership costs.,2026-06-27T10:00:00+00:00
LEAD-000743,CUST-000743,VEH-005092,SALES-023,Vehicle Marketplace,Won,37,"profile=Research, vehicle selected",Early research stage; provide options without pressuring for commitment.,2026-07-12T03:00:00+00:00
LEAD-000744,CUST-000744,VEH-004406,SALES-024,Social Media,Appointment Set,65,"profile=Warm, 30-day, vehicle selected",Preferences captured; comparing suitable vehicles and ownership costs.,2026-07-25T04:00:00+00:00
LEAD-000745,CUST-000745,VEH-004123,SALES-001,Vehicle Marketplace,Contacted,70,"profile=Warm, 30-day, vehicle selected, down payment",Preferences captured; comparing suitable vehicles and ownership costs.,2026-05-19T06:00:00+00:00
LEAD-000746,CUST-000746,VEH-008456,SALES-002,Website,Qualified,42,"profile=Research, vehicle selected, down payment",Early research stage; provide options without pressuring for commitment.,2026-07-21T20:00:00+00:00
LEAD-000747,CUST-000747,VEH-001521,SALES-003,Paid Search,Contacted,42,"profile=Research, vehicle selected, down payment",Early research stage; provide options without pressuring for commitment.,2026-05-06T23:00:00+00:00
LEAD-000748,CUST-000748,VEH-009522,SALES-004,Website,Qualified,92,"profile=Hot, near-term, vehicle selected",Specific near-term purchase intent; ready for inventory shortlist.,2026-07-17T04:00:00+00:00
LEAD-000749,CUST-000749,VEH-006772,SALES-005,Referral,Contacted,65,"profile=Warm, 30-day, vehicle selected",Preferences captured; comparing suitable vehicles and ownership costs.,2026-08-14T16:00:00+00:00
LEAD-000750,CUST-000750,VEH-002601,SALES-006,Paid Search,Lost,37,"profile=Research, vehicle selected",Early research stage; provide options without pressuring for commitment.,2026-05-12T06:00:00+00:00
LEAD-000751,CUST-000751,,SALES-007,Website,New,35,"profile=Research, down payment",Early research stage; provide options without pressuring for commitment.,2026-05-17T21:00:00+00:00
LEAD-000752,CUST-000752,VEH-003104,SALES-008,Website,Appointment Set,57,"profile=Warm, vehicle selected",Preferences captured; comparing suitable vehicles and ownership costs.,2026-08-04T17:00:00+00:00
LEAD-000753,CUST-000753,,SALES-009,Inbound Call,Appointment Set,58,"profile=Warm, 30-day",Preferences captured; comparing suitable vehicles and ownership costs.,2026-08-03T04:00:00+00:00
LEAD-000754,CUST-000754,VEH-008771,SALES-010,Website,Qualified,62,"profile=Warm, vehicle selected, down payment",Preferences captured; comparing suitable vehicles and ownership costs.,2026-08-13T08:00:00+00:00
LEAD-000755,CUST-000755,VEH-005815,SALES-011,Referral,Qualified,70,"profile=Warm, 30-day, vehicle selected, down payment",Preferences captured; comparing suitable vehicles and ownership costs.,2026-06-22T00:00:00+00:00
LEAD-000756,CUST-000756,VEH-004239,SALES-012,Inbound Call,Appointment Set,37,"profile=Research, vehicle selected",Early research stage; provide options without pressuring for commitment.,2026-05-19T20:00:00+00:00
LEAD-000757,CUST-000757,VEH-002842,SALES-013,Inbound Call,Won,65,"profile=Warm, 30-day, vehicle selected",Preferences captured; comparing suitable vehicles and ownership costs.,2026-06-19T15:00:00+00:00
LEAD-000758,CUST-000758,VEH-005668,SALES-014,Website,Contacted,97,"profile=Hot, near-term, vehicle selected, down payment",Specific near-term purchase intent; ready for inventory shortlist.,2026-05-02T05:00:00+00:00
LEAD-000759,CUST-000759,,SALES-015,Website,Appointment Set,35,"profile=Research, down payment",Early research stage; provide options without pressuring for commitment.,2026-07-04T09:00:00+00:00
LEAD-000760,CUST-000760,VEH-000658,SALES-016,Inbound Call,New,57,"profile=Warm, vehicle selected",Preferences captured; comparing suitable vehicles and ownership costs.,2026-05-13T18:00:00+00:00
LEAD-000761,CUST-000761,VEH-008585,SALES-017,Website,Qualified,62,"profile=Warm, vehicle selected, down payment",Preferences captured; comparing suitable vehicles and ownership costs.,2026-08-09T22:00:00+00:00
LEAD-000762,CUST-000762,VEH-005082,SALES-018,Paid Search,Appointment Set,42,"profile=Research, vehicle selected, down payment",Early research stage; provide options without pressuring for commitment.,2026-06-16T21:00:00+00:00
LEAD-000763,CUST-000763,VEH-000826,SALES-019,Referral,Contacted,92,"profile=Hot, near-term, vehicle selected",Specific near-term purchase intent; ready for inventory shortlist.,2026-08-05T03:00:00+00:00
LEAD-000764,CUST-000764,,SALES-020,Paid Search,New,55,"profile=Warm, down payment",Preferences captured; comparing suitable vehicles and ownership costs.,2026-07-09T23:00:00+00:00
LEAD-000765,CUST-000765,VEH-007581,SALES-021,Inbound Call,Appointment Set,70,"profile=Warm, 30-day, vehicle selected, down payment",Preferences captured; comparing suitable vehicles and ownership costs.,2026-07-02T20:00:00+00:00
LEAD-000766,CUST-000766,VEH-009481,SALES-022,Referral,Lost,42,"profile=Research, vehicle selected, down payment",Early research stage; provide options without pressuring for commitment.,2026-07-09T17:00:00+00:00
LEAD-000767,CUST-000767,VEH-003016,SALES-023,Website,Appointment Set,62,"profile=Warm, vehicle selected, down payment",Preferences captured; comparing suitable vehicles and ownership costs.,2026-08-05T02:00:00+00:00
LEAD-000768,CUST-000768,,SALES-024,Website,Qualified,63,"profile=Warm, 30-day, down payment",Preferences captured; comparing suitable vehicles and ownership costs.,2026-07-07T23:00:00+00:00
LEAD-000769,CUST-000769,VEH-009169,SALES-001,Referral,Contacted,42,"profile=Research, vehicle selected, down payment",Early research stage; provide options without pressuring for commitment.,2026-07-26T15:00:00+00:00
LEAD-000770,CUST-000770,VEH-002075,SALES-002,Website,New,90,"profile=Hot, 30-day, vehicle selected, down payment",Specific near-term purchase intent; ready for inventory shortlist.,2026-06-09T03:00:00+00:00
LEAD-000771,CUST-000771,,SALES-003,Paid Search,New,90,"profile=Hot, near-term, down payment",Specific near-term purchase intent; ready for inventory shortlist.,2026-05-27T05:00:00+00:00
LEAD-000772,CUST-000772,VEH-008011,SALES-004,Walk-In,New,32,"profile=Edge Case, vehicle selected, down payment",Requirements may conflict with budget or contact preferences; clarify before action.,2026-05-26T13:00:00+00:00
LEAD-000773,CUST-000773,VEH-008660,SALES-005,Walk-In,Qualified,97,"profile=Hot, near-term, vehicle selected, down payment",Specific near-term purchase intent; ready for inventory shortlist.,2026-08-23T04:00:00+00:00
LEAD-000774,CUST-000774,,SALES-006,Referral,Contacted,90,"profile=Hot, near-term, down payment",Specific near-term purchase intent; ready for inventory shortlist.,2026-05-24T22:00:00+00:00
LEAD-000775,CUST-000775,VEH-003503,SALES-007,Website,Contacted,42,"profile=Research, vehicle selected, down payment",Early research stage; provide options without pressuring for commitment.,2026-07-18T10:00:00+00:00
LEAD-000776,CUST-000776,VEH-001462,SALES-008,Referral,Contacted,40,"profile=Edge Case, 30-day, vehicle selected, down payment",Requirements may conflict with budget or contact preferences; clarify before action.,2026-08-01T11:00:00+00:00
LEAD-000777,CUST-000777,VEH-009205,SALES-009,Social Media,Qualified,37,"profile=Research, vehicle selected",Early research stage; provide options without pressuring for commitment.,2026-05-19T05:00:00+00:00
LEAD-000778,CUST-000778,,SALES-010,Referral,Qualified,30,profile=Research,Early research stage; provide options without pressuring for commitment.,2026-08-21T23:00:00+00:00
LEAD-000779,CUST-000779,VEH-000826,SALES-011,Social Media,New,37,"profile=Research, vehicle selected",Early research stage; provide options without pressuring for commitment.,2026-06-30T22:00:00+00:00
LEAD-000780,CUST-000780,,SALES-012,Website,Lost,63,"profile=Warm, 30-day, down payment",Preferences captured; comparing suitable vehicles and ownership costs.,2026-08-07T18:00:00+00:00
LEAD-000781,CUST-000781,VEH-001854,SALES-013,Website,Qualified,42,"profile=Research, vehicle selected, down payment",Early research stage; provide options without pressuring for commitment.,2026-07-07T03:00:00+00:00
LEAD-000782,CUST-000782,VEH-001196,SALES-014,Website,Appointment Set,65,"profile=Warm, 30-day, vehicle selected",Preferences captured; comparing suitable vehicles and ownership costs.,2026-05-07T08:00:00+00:00
LEAD-000783,CUST-000783,VEH-009818,SALES-015,Website,Qualified,57,"profile=Warm, vehicle selected",Preferences captured; comparing suitable vehicles and ownership costs.,2026-05-26T08:00:00+00:00
LEAD-000784,CUST-000784,VEH-003387,SALES-016,Vehicle Marketplace,Appointment Set,92,"profile=Hot, near-term, vehicle selected",Specific near-term purchase intent; ready for inventory shortlist.,2026-06-23T09:00:00+00:00
LEAD-000785,CUST-000785,,SALES-017,Paid Search,New,35,"profile=Research, down payment",Early research stage; provide options without pressuring for commitment.,2026-07-31T04:00:00+00:00
LEAD-000786,CUST-000786,VEH-005041,SALES-018,Inbound Call,Lost,65,"profile=Warm, 30-day, vehicle selected",Preferences captured; comparing suitable vehicles and ownership costs.,2026-08-01T18:00:00+00:00
LEAD-000787,CUST-000787,VEH-007858,SALES-019,Referral,Qualified,47,"profile=Edge Case, near-term, vehicle selected, down payment",Requirements may conflict with budget or contact preferences; clarify before action.,2026-08-12T06:00:00+00:00
LEAD-000788,CUST-000788,,SALES-020,Website,New,78,"profile=Hot, 30-day",Specific near-term purchase intent; ready for inventory shortlist.,2026-08-18T11:00:00+00:00
LEAD-000789,CUST-000789,VEH-002767,SALES-021,Walk-In,Contacted,42,"profile=Research, vehicle selected, down payment",Early research stage; provide options without pressuring for commitment.,2026-05-20T03:00:00+00:00
LEAD-000790,CUST-000790,VEH-003923,SALES-022,Paid Search,Lost,37,"profile=Research, vehicle selected",Early research stage; provide options without pressuring for commitment.,2026-07-20T17:00:00+00:00
LEAD-000791,CUST-000791,VEH-007874,SALES-023,Paid Search,Lost,32,"profile=Edge Case, vehicle selected, down payment",Requirements may conflict with budget or contact preferences; clarify before action.,2026-06-23T20:00:00+00:00
LEAD-000792,CUST-000792,VEH-008955,SALES-024,Social Media,Appointment Set,42,"profile=Research, vehicle selected, down payment",Early research stage; provide options without pressuring for commitment.,2026-07-16T05:00:00+00:00
LEAD-000793,CUST-000793,VEH-004870,SALES-001,Inbound Call,Appointment Set,57,"profile=Warm, vehicle selected",Preferences captured; comparing suitable vehicles and ownership costs.,2026-05-31T05:00:00+00:00
LEAD-000794,CUST-000794,,SALES-002,Website,Won,30,profile=Research,Early research stage; provide options without pressuring for commitment.,2026-08-15T15:00:00+00:00
LEAD-000795,CUST-000795,,SALES-003,Walk-In,New,85,"profile=Hot, near-term",Specific near-term purchase intent; ready for inventory shortlist.,2026-05-13T15:00:00+00:00
LEAD-000796,CUST-000796,VEH-005261,SALES-004,Walk-In,Contacted,42,"profile=Research, vehicle selected, down payment",Early research stage; provide options without pressuring for commitment.,2026-05-04T23:00:00+00:00
LEAD-000797,CUST-000797,VEH-003637,SALES-005,Website,Appointment Set,70,"profile=Warm, 30-day, vehicle selected, down payment",Preferences captured; comparing suitable vehicles and ownership costs.,2026-05-03T09:00:00+00:00
LEAD-000798,CUST-000798,VEH-005860,SALES-006,Paid Search,New,57,"profile=Warm, vehicle selected",Preferences captured; comparing suitable vehicles and ownership costs.,2026-07-10T09:00:00+00:00
LEAD-000799,CUST-000799,VEH-001596,SALES-007,Website,New,70,"profile=Warm, 30-day, vehicle selected, down payment",Preferences captured; comparing suitable vehicles and ownership costs.,2026-08-24T16:00:00+00:00
LEAD-000800,CUST-000800,VEH-000118,SALES-008,Paid Search,Appointment Set,32,"profile=Edge Case, vehicle selected, down payment",Requirements may conflict with budget or contact preferences; clarify before action.,2026-05-22T16:00:00+00:00
LEAD-000801,CUST-000801,VEH-006963,SALES-009,Vehicle Marketplace,Won,85,"profile=Hot, 30-day, vehicle selected",Specific near-term purchase intent; ready for inventory shortlist.,2026-07-14T21:00:00+00:00
LEAD-000802,CUST-000802,VEH-000707,SALES-010,Website,Appointment Set,62,"profile=Warm, vehicle selected, down payment",Preferences captured; comparing suitable vehicles and ownership costs.,2026-07-26T09:00:00+00:00
LEAD-000803,CUST-000803,VEH-005991,SALES-011,Vehicle Marketplace,Qualified,42,"profile=Research, vehicle selected, down payment",Early research stage; provide options without pressuring for commitment.,2026-08-14T13:00:00+00:00
LEAD-000804,CUST-000804,VEH-003090,SALES-012,Inbound Call,New,97,"profile=Hot, near-term, vehicle selected, down payment",Specific near-term purchase intent; ready for inventory shortlist.,2026-06-18T01:00:00+00:00
LEAD-000805,CUST-000805,,SALES-013,Walk-In,Qualified,90,"profile=Hot, near-term, down payment",Specific near-term purchase intent; ready for inventory shortlist.,2026-05-17T02:00:00+00:00
LEAD-000806,CUST-000806,VEH-002985,SALES-014,Website,Qualified,70,"profile=Warm, 30-day, vehicle selected, down payment",Preferences captured; comparing suitable vehicles and ownership costs.,2026-05-27T03:00:00+00:00
LEAD-000807,CUST-000807,VEH-002275,SALES-015,Vehicle Marketplace,Qualified,42,"profile=Research, vehicle selected, down payment",Early research stage; provide options without pressuring for commitment.,2026-08-01T22:00:00+00:00
LEAD-000808,CUST-000808,VEH-009229,SALES-016,Social Media,Contacted,37,"profile=Research, vehicle selected",Early research stage; provide options without pressuring for commitment.,2026-05-27T14:00:00+00:00
LEAD-000809,CUST-000809,VEH-007449,SALES-017,Inbound Call,Qualified,42,"profile=Research, vehicle selected, down payment",Early research stage; provide options without pressuring for commitment.,2026-07-02T01:00:00+00:00
LEAD-000810,CUST-000810,VEH-005129,SALES-018,Vehicle Marketplace,Appointment Set,37,"profile=Research, vehicle selected",Early research stage; provide options without pressuring for commitment.,2026-08-24T18:00:00+00:00
LEAD-000811,CUST-000811,VEH-006251,SALES-019,Inbound Call,Qualified,70,"profile=Warm, 30-day, vehicle selected, down payment",Preferences captured; comparing suitable vehicles and ownership costs.,2026-07-07T04:00:00+00:00
LEAD-000812,CUST-000812,,SALES-020,Website,Appointment Set,83,"profile=Hot, 30-day, down payment",Specific near-term purchase intent; ready for inventory shortlist.,2026-07-10T15:00:00+00:00
LEAD-000813,CUST-000813,VEH-001118,SALES-021,Website,Qualified,62,"profile=Warm, vehicle selected, down payment",Preferences captured; comparing suitable vehicles and ownership costs.,2026-06-01T20:00:00+00:00
LEAD-000814,CUST-000814,,SALES-022,Referral,Qualified,50,profile=Warm,Preferences captured; comparing suitable vehicles and ownership costs.,2026-06-20T02:00:00+00:00
LEAD-000815,CUST-000815,VEH-006482,SALES-023,Inbound Call,Contacted,62,"profile=Warm, vehicle selected, down payment",Preferences captured; comparing suitable vehicles and ownership costs.,2026-07-12T03:00:00+00:00
LEAD-000816,CUST-000816,VEH-009279,SALES-024,Website,New,37,"profile=Research, vehicle selected",Early research stage; provide options without pressuring for commitment.,2026-06-21T21:00:00+00:00
LEAD-000817,CUST-000817,VEH-004990,SALES-001,Referral,Contacted,70,"profile=Warm, 30-day, vehicle selected, down payment",Preferences captured; comparing suitable vehicles and ownership costs.,2026-07-06T17:00:00+00:00
LEAD-000818,CUST-000818,VEH-005867,SALES-002,Inbound Call,Qualified,62,"profile=Warm, vehicle selected, down payment",Preferences captured; comparing suitable vehicles and ownership costs.,2026-06-06T19:00:00+00:00
LEAD-000819,CUST-000819,VEH-002809,SALES-003,Paid Search,Appointment Set,37,"profile=Research, vehicle selected",Early research stage; provide options without pressuring for commitment.,2026-07-13T11:00:00+00:00
LEAD-000820,CUST-000820,VEH-006873,SALES-004,Website,Contacted,57,"profile=Warm, vehicle selected",Preferences captured; comparing suitable vehicles and ownership costs.,2026-07-30T05:00:00+00:00
LEAD-000821,CUST-000821,VEH-000370,SALES-005,Inbound Call,New,37,"profile=Research, vehicle selected",Early research stage; provide options without pressuring for commitment.,2026-06-30T04:00:00+00:00
LEAD-000822,CUST-000822,VEH-000781,SALES-006,Vehicle Marketplace,Appointment Set,42,"profile=Research, vehicle selected, down payment",Early research stage; provide options without pressuring for commitment.,2026-06-01T00:00:00+00:00
LEAD-000823,CUST-000823,VEH-000835,SALES-007,Paid Search,New,90,"profile=Hot, 30-day, vehicle selected, down payment",Specific near-term purchase intent; ready for inventory shortlist.,2026-08-09T14:00:00+00:00
LEAD-000824,CUST-000824,VEH-009632,SALES-008,Website,Contacted,37,"profile=Research, vehicle selected",Early research stage; provide options without pressuring for commitment.,2026-07-21T07:00:00+00:00
LEAD-000825,CUST-000825,,SALES-009,Walk-In,Contacted,63,"profile=Warm, 30-day, down payment",Preferences captured; comparing suitable vehicles and ownership costs.,2026-07-30T20:00:00+00:00
LEAD-000826,CUST-000826,VEH-002676,SALES-010,Walk-In,Contacted,42,"profile=Research, vehicle selected, down payment",Early research stage; provide options without pressuring for commitment.,2026-08-13T02:00:00+00:00
LEAD-000827,CUST-000827,VEH-002586,SALES-011,Inbound Call,Contacted,62,"profile=Warm, vehicle selected, down payment",Preferences captured; comparing suitable vehicles and ownership costs.,2026-06-03T11:00:00+00:00
LEAD-000828,CUST-000828,,SALES-012,Website,Qualified,35,"profile=Research, down payment",Early research stage; provide options without pressuring for commitment.,2026-08-25T02:00:00+00:00
LEAD-000829,CUST-000829,,SALES-013,Walk-In,Contacted,25,"profile=Edge Case, down payment",Requirements may conflict with budget or contact preferences; clarify before action.,2026-07-23T11:00:00+00:00
LEAD-000830,CUST-000830,VEH-007882,SALES-014,Inbound Call,Appointment Set,42,"profile=Research, vehicle selected, down payment",Early research stage; provide options without pressuring for commitment.,2026-07-07T04:00:00+00:00
LEAD-000831,CUST-000831,,SALES-015,Inbound Call,Contacted,50,profile=Warm,Preferences captured; comparing suitable vehicles and ownership costs.,2026-06-29T08:00:00+00:00
LEAD-000832,CUST-000832,VEH-002820,SALES-016,Website,Appointment Set,42,"profile=Research, vehicle selected, down payment",Early research stage; provide options without pressuring for commitment.,2026-07-10T11:00:00+00:00
LEAD-000833,CUST-000833,VEH-004224,SALES-017,Social Media,Qualified,85,"profile=Hot, 30-day, vehicle selected",Specific near-term purchase intent; ready for inventory shortlist.,2026-08-07T17:00:00+00:00
LEAD-000834,CUST-000834,VEH-002129,SALES-018,Walk-In,New,42,"profile=Research, vehicle selected, down payment",Early research stage; provide options without pressuring for commitment.,2026-08-17T12:00:00+00:00
LEAD-000835,CUST-000835,VEH-003224,SALES-019,Inbound Call,Won,37,"profile=Research, vehicle selected",Early research stage; provide options without pressuring for commitment.,2026-08-11T17:00:00+00:00
LEAD-000836,CUST-000836,VEH-006950,SALES-020,Social Media,Qualified,42,"profile=Research, vehicle selected, down payment",Early research stage; provide options without pressuring for commitment.,2026-05-11T02:00:00+00:00
LEAD-000837,CUST-000837,,SALES-021,Website,Won,90,"profile=Hot, near-term, down payment",Specific near-term purchase intent; ready for inventory shortlist.,2026-05-22T07:00:00+00:00
LEAD-000838,CUST-000838,VEH-001513,SALES-022,Website,Contacted,37,"profile=Research, vehicle selected",Early research stage; provide options without pressuring for commitment.,2026-05-29T15:00:00+00:00
LEAD-000839,CUST-000839,VEH-007844,SALES-023,Walk-In,Qualified,70,"profile=Warm, 30-day, vehicle selected, down payment",Preferences captured; comparing suitable vehicles and ownership costs.,2026-08-04T19:00:00+00:00
LEAD-000840,CUST-000840,VEH-001098,SALES-024,Paid Search,Qualified,97,"profile=Hot, near-term, vehicle selected, down payment",Specific near-term purchase intent; ready for inventory shortlist.,2026-05-28T09:00:00+00:00
LEAD-000841,CUST-000841,,SALES-001,Social Media,Contacted,30,profile=Research,Early research stage; provide options without pressuring for commitment.,2026-07-02T02:00:00+00:00
LEAD-000842,CUST-000842,,SALES-002,Paid Search,Won,35,"profile=Research, down payment",Early research stage; provide options without pressuring for commitment.,2026-07-01T22:00:00+00:00
LEAD-000843,CUST-000843,VEH-000721,SALES-003,Website,Appointment Set,32,"profile=Edge Case, vehicle selected, down payment",Requirements may conflict with budget or contact preferences; clarify before action.,2026-07-09T02:00:00+00:00
LEAD-000844,CUST-000844,,SALES-004,Walk-In,Contacted,55,"profile=Warm, down payment",Preferences captured; comparing suitable vehicles and ownership costs.,2026-04-27T22:00:00+00:00
LEAD-000845,CUST-000845,,SALES-005,Referral,Contacted,35,"profile=Research, down payment",Early research stage; provide options without pressuring for commitment.,2026-08-03T04:00:00+00:00
LEAD-000846,CUST-000846,VEH-008273,SALES-006,Social Media,New,42,"profile=Research, vehicle selected, down payment",Early research stage; provide options without pressuring for commitment.,2026-05-06T16:00:00+00:00
LEAD-000847,CUST-000847,,SALES-007,Walk-In,New,35,"profile=Research, down payment",Early research stage; provide options without pressuring for commitment.,2026-08-23T04:00:00+00:00
LEAD-000848,CUST-000848,VEH-004721,SALES-008,Vehicle Marketplace,New,37,"profile=Research, vehicle selected",Early research stage; provide options without pressuring for commitment.,2026-08-06T21:00:00+00:00
LEAD-000849,CUST-000849,VEH-009170,SALES-009,Website,Qualified,42,"profile=Research, vehicle selected, down payment",Early research stage; provide options without pressuring for commitment.,2026-08-19T22:00:00+00:00
LEAD-000850,CUST-000850,VEH-007771,SALES-010,Referral,Contacted,32,"profile=Edge Case, vehicle selected, down payment",Requirements may conflict with budget or contact preferences; clarify before action.,2026-06-13T07:00:00+00:00
LEAD-000851,CUST-000851,VEH-004231,SALES-011,Paid Search,New,57,"profile=Warm, vehicle selected",Preferences captured; comparing suitable vehicles and ownership costs.,2026-05-24T21:00:00+00:00
LEAD-000852,CUST-000852,VEH-000736,SALES-012,Website,New,62,"profile=Warm, vehicle selected, down payment",Preferences captured; comparing suitable vehicles and ownership costs.,2026-06-15T22:00:00+00:00
LEAD-000853,CUST-000853,VEH-009689,SALES-013,Website,Qualified,97,"profile=Hot, near-term, vehicle selected, down payment",Specific near-term purchase intent; ready for inventory shortlist.,2026-05-05T00:00:00+00:00
LEAD-000854,CUST-000854,VEH-000849,SALES-014,Website,Qualified,92,"profile=Hot, near-term, vehicle selected",Specific near-term purchase intent; ready for inventory shortlist.,2026-07-08T23:00:00+00:00
LEAD-000855,CUST-000855,,SALES-015,Referral,Appointment Set,63,"profile=Warm, 30-day, down payment",Preferences captured; comparing suitable vehicles and ownership costs.,2026-05-27T15:00:00+00:00
LEAD-000856,CUST-000856,VEH-009742,SALES-016,Walk-In,Qualified,57,"profile=Warm, vehicle selected",Preferences captured; comparing suitable vehicles and ownership costs.,2026-07-03T11:00:00+00:00
LEAD-000857,CUST-000857,VEH-002870,SALES-017,Inbound Call,Lost,70,"profile=Warm, 30-day, vehicle selected, down payment",Preferences captured; comparing suitable vehicles and ownership costs.,2026-05-15T00:00:00+00:00
LEAD-000858,CUST-000858,VEH-005536,SALES-018,Paid Search,Contacted,70,"profile=Warm, 30-day, vehicle selected, down payment",Preferences captured; comparing suitable vehicles and ownership costs.,2026-08-09T09:00:00+00:00
LEAD-000859,CUST-000859,VEH-000471,SALES-019,Inbound Call,New,62,"profile=Warm, vehicle selected, down payment",Preferences captured; comparing suitable vehicles and ownership costs.,2026-06-17T19:00:00+00:00
LEAD-000860,CUST-000860,VEH-008847,SALES-020,Paid Search,Contacted,65,"profile=Warm, 30-day, vehicle selected",Preferences captured; comparing suitable vehicles and ownership costs.,2026-07-14T00:00:00+00:00
LEAD-000861,CUST-000861,,SALES-021,Website,New,55,"profile=Warm, down payment",Preferences captured; comparing suitable vehicles and ownership costs.,2026-07-21T00:00:00+00:00
LEAD-000862,CUST-000862,VEH-003683,SALES-022,Vehicle Marketplace,Appointment Set,97,"profile=Hot, near-term, vehicle selected, down payment",Specific near-term purchase intent; ready for inventory shortlist.,2026-05-10T16:00:00+00:00
LEAD-000863,CUST-000863,VEH-009815,SALES-023,Website,Qualified,92,"profile=Hot, near-term, vehicle selected",Specific near-term purchase intent; ready for inventory shortlist.,2026-06-19T04:00:00+00:00
LEAD-000864,CUST-000864,VEH-000965,SALES-024,Paid Search,Contacted,42,"profile=Research, vehicle selected, down payment",Early research stage; provide options without pressuring for commitment.,2026-08-10T19:00:00+00:00
LEAD-000865,CUST-000865,VEH-005902,SALES-001,Referral,Appointment Set,85,"profile=Hot, 30-day, vehicle selected",Specific near-term purchase intent; ready for inventory shortlist.,2026-07-18T19:00:00+00:00
LEAD-000866,CUST-000866,VEH-007452,SALES-002,Referral,Contacted,57,"profile=Warm, vehicle selected",Preferences captured; comparing suitable vehicles and ownership costs.,2026-05-18T11:00:00+00:00
LEAD-000867,CUST-000867,VEH-009158,SALES-003,Paid Search,Contacted,70,"profile=Warm, 30-day, vehicle selected, down payment",Preferences captured; comparing suitable vehicles and ownership costs.,2026-06-10T17:00:00+00:00
LEAD-000868,CUST-000868,VEH-008776,SALES-004,Referral,Won,70,"profile=Warm, 30-day, vehicle selected, down payment",Preferences captured; comparing suitable vehicles and ownership costs.,2026-08-17T09:00:00+00:00
LEAD-000869,CUST-000869,VEH-000480,SALES-005,Vehicle Marketplace,Appointment Set,42,"profile=Research, vehicle selected, down payment",Early research stage; provide options without pressuring for commitment.,2026-07-08T20:00:00+00:00
LEAD-000870,CUST-000870,VEH-009328,SALES-006,Referral,Qualified,42,"profile=Research, vehicle selected, down payment",Early research stage; provide options without pressuring for commitment.,2026-05-09T02:00:00+00:00
LEAD-000871,CUST-000871,VEH-002592,SALES-007,Website,Contacted,42,"profile=Research, vehicle selected, down payment",Early research stage; provide options without pressuring for commitment.,2026-08-03T19:00:00+00:00
LEAD-000872,CUST-000872,VEH-004319,SALES-008,Inbound Call,Won,42,"profile=Research, vehicle selected, down payment",Early research stage; provide options without pressuring for commitment.,2026-04-27T14:00:00+00:00
LEAD-000873,CUST-000873,VEH-000126,SALES-009,Website,Qualified,90,"profile=Hot, 30-day, vehicle selected, down payment",Specific near-term purchase intent; ready for inventory shortlist.,2026-07-20T06:00:00+00:00
LEAD-000874,CUST-000874,VEH-005924,SALES-010,Paid Search,Appointment Set,42,"profile=Research, vehicle selected, down payment",Early research stage; provide options without pressuring for commitment.,2026-05-07T01:00:00+00:00
LEAD-000875,CUST-000875,VEH-003545,SALES-011,Inbound Call,Qualified,42,"profile=Research, vehicle selected, down payment",Early research stage; provide options without pressuring for commitment.,2026-07-22T08:00:00+00:00
LEAD-000876,CUST-000876,VEH-002073,SALES-012,Vehicle Marketplace,Contacted,97,"profile=Hot, near-term, vehicle selected, down payment",Specific near-term purchase intent; ready for inventory shortlist.,2026-06-17T18:00:00+00:00
LEAD-000877,CUST-000877,VEH-002919,SALES-013,Vehicle Marketplace,Appointment Set,65,"profile=Warm, 30-day, vehicle selected",Preferences captured; comparing suitable vehicles and ownership costs.,2026-05-10T15:00:00+00:00
LEAD-000878,CUST-000878,VEH-008700,SALES-014,Walk-In,Lost,65,"profile=Warm, 30-day, vehicle selected",Preferences captured; comparing suitable vehicles and ownership costs.,2026-05-31T14:00:00+00:00
LEAD-000879,CUST-000879,VEH-000103,SALES-015,Inbound Call,Contacted,70,"profile=Warm, 30-day, vehicle selected, down payment",Preferences captured; comparing suitable vehicles and ownership costs.,2026-08-05T08:00:00+00:00
LEAD-000880,CUST-000880,VEH-006504,SALES-016,Website,Contacted,57,"profile=Warm, vehicle selected",Preferences captured; comparing suitable vehicles and ownership costs.,2026-08-06T05:00:00+00:00
LEAD-000881,CUST-000881,VEH-004539,SALES-017,Vehicle Marketplace,New,47,"profile=Edge Case, near-term, vehicle selected, down payment",Requirements may conflict with budget or contact preferences; clarify before action.,2026-07-25T21:00:00+00:00
LEAD-000882,CUST-000882,VEH-006429,SALES-018,Walk-In,Contacted,97,"profile=Hot, near-term, vehicle selected, down payment",Specific near-term purchase intent; ready for inventory shortlist.,2026-07-04T20:00:00+00:00
LEAD-000883,CUST-000883,VEH-000167,SALES-019,Inbound Call,Qualified,42,"profile=Research, vehicle selected, down payment",Early research stage; provide options without pressuring for commitment.,2026-07-06T21:00:00+00:00
LEAD-000884,CUST-000884,VEH-009675,SALES-020,Vehicle Marketplace,Qualified,65,"profile=Warm, 30-day, vehicle selected",Preferences captured; comparing suitable vehicles and ownership costs.,2026-08-04T01:00:00+00:00
LEAD-000885,CUST-000885,VEH-002537,SALES-021,Referral,Qualified,90,"profile=Hot, 30-day, vehicle selected, down payment",Specific near-term purchase intent; ready for inventory shortlist.,2026-05-16T11:00:00+00:00
LEAD-000886,CUST-000886,VEH-002562,SALES-022,Walk-In,New,85,"profile=Hot, 30-day, vehicle selected",Specific near-term purchase intent; ready for inventory shortlist.,2026-05-23T02:00:00+00:00
LEAD-000887,CUST-000887,VEH-007935,SALES-023,Website,Appointment Set,65,"profile=Warm, 30-day, vehicle selected",Preferences captured; comparing suitable vehicles and ownership costs.,2026-08-02T10:00:00+00:00
LEAD-000888,CUST-000888,VEH-009393,SALES-024,Referral,Qualified,97,"profile=Hot, near-term, vehicle selected, down payment",Specific near-term purchase intent; ready for inventory shortlist.,2026-04-28T14:00:00+00:00
LEAD-000889,CUST-000889,VEH-009375,SALES-001,Inbound Call,New,37,"profile=Research, vehicle selected",Early research stage; provide options without pressuring for commitment.,2026-04-28T04:00:00+00:00
LEAD-000890,CUST-000890,VEH-002023,SALES-002,Website,Appointment Set,37,"profile=Research, vehicle selected",Early research stage; provide options without pressuring for commitment.,2026-08-21T09:00:00+00:00
LEAD-000891,CUST-000891,VEH-009785,SALES-003,Walk-In,Contacted,97,"profile=Hot, near-term, vehicle selected, down payment",Specific near-term purchase intent; ready for inventory shortlist.,2026-05-21T18:00:00+00:00
LEAD-000892,CUST-000892,VEH-001680,SALES-004,Social Media,Won,35,"profile=Edge Case, 30-day, vehicle selected",Requirements may conflict with budget or contact preferences; clarify before action.,2026-06-07T14:00:00+00:00
LEAD-000893,CUST-000893,VEH-004616,SALES-005,Website,Qualified,47,"profile=Edge Case, near-term, vehicle selected, down payment",Requirements may conflict with budget or contact preferences; clarify before action.,2026-08-10T16:00:00+00:00
LEAD-000894,CUST-000894,VEH-002285,SALES-006,Walk-In,New,62,"profile=Warm, vehicle selected, down payment",Preferences captured; comparing suitable vehicles and ownership costs.,2026-07-19T23:00:00+00:00
LEAD-000895,CUST-000895,,SALES-007,Paid Search,New,78,"profile=Hot, 30-day",Specific near-term purchase intent; ready for inventory shortlist.,2026-08-16T20:00:00+00:00
LEAD-000896,CUST-000896,VEH-007413,SALES-008,Social Media,New,62,"profile=Warm, vehicle selected, down payment",Preferences captured; comparing suitable vehicles and ownership costs.,2026-05-17T04:00:00+00:00
LEAD-000897,CUST-000897,VEH-005270,SALES-009,Inbound Call,Qualified,62,"profile=Warm, vehicle selected, down payment",Preferences captured; comparing suitable vehicles and ownership costs.,2026-05-02T19:00:00+00:00
LEAD-000898,CUST-000898,,SALES-010,Referral,New,30,profile=Research,Early research stage; provide options without pressuring for commitment.,2026-08-01T20:00:00+00:00
LEAD-000899,CUST-000899,VEH-004474,SALES-011,Vehicle Marketplace,Contacted,70,"profile=Warm, 30-day, vehicle selected, down payment",Preferences captured; comparing suitable vehicles and ownership costs.,2026-08-07T21:00:00+00:00
LEAD-000900,CUST-000900,VEH-006772,SALES-012,Referral,Qualified,65,"profile=Warm, 30-day, vehicle selected",Preferences captured; comparing suitable vehicles and ownership costs.,2026-08-16T17:00:00+00:00
LEAD-000901,CUST-000901,VEH-001949,SALES-013,Referral,Won,85,"profile=Hot, 30-day, vehicle selected",Specific near-term purchase intent; ready for inventory shortlist.,2026-08-15T10:00:00+00:00
LEAD-000902,CUST-000902,VEH-007429,SALES-014,Referral,Contacted,40,"profile=Edge Case, 30-day, vehicle selected, down payment",Requirements may conflict with budget or contact preferences; clarify before action.,2026-06-11T04:00:00+00:00
LEAD-000903,CUST-000903,VEH-006138,SALES-015,Paid Search,Qualified,32,"profile=Edge Case, vehicle selected, down payment",Requirements may conflict with budget or contact preferences; clarify before action.,2026-05-25T05:00:00+00:00
LEAD-000904,CUST-000904,VEH-005561,SALES-016,Inbound Call,Contacted,65,"profile=Warm, 30-day, vehicle selected",Preferences captured; comparing suitable vehicles and ownership costs.,2026-07-06T21:00:00+00:00
LEAD-000905,CUST-000905,VEH-003782,SALES-017,Inbound Call,Lost,65,"profile=Warm, 30-day, vehicle selected",Preferences captured; comparing suitable vehicles and ownership costs.,2026-06-06T01:00:00+00:00
LEAD-000906,CUST-000906,VEH-009953,SALES-018,Walk-In,Qualified,62,"profile=Warm, vehicle selected, down payment",Preferences captured; comparing suitable vehicles and ownership costs.,2026-05-03T02:00:00+00:00
LEAD-000907,CUST-000907,VEH-002790,SALES-019,Inbound Call,Qualified,62,"profile=Warm, vehicle selected, down payment",Preferences captured; comparing suitable vehicles and ownership costs.,2026-05-16T07:00:00+00:00
LEAD-000908,CUST-000908,VEH-005690,SALES-020,Vehicle Marketplace,Appointment Set,97,"profile=Hot, near-term, vehicle selected, down payment",Specific near-term purchase intent; ready for inventory shortlist.,2026-05-30T01:00:00+00:00
LEAD-000909,CUST-000909,,SALES-021,Inbound Call,New,63,"profile=Warm, 30-day, down payment",Preferences captured; comparing suitable vehicles and ownership costs.,2026-08-19T15:00:00+00:00
LEAD-000910,CUST-000910,VEH-008372,SALES-022,Website,New,97,"profile=Hot, near-term, vehicle selected, down payment",Specific near-term purchase intent; ready for inventory shortlist.,2026-08-20T21:00:00+00:00
LEAD-000911,CUST-000911,VEH-004233,SALES-023,Website,New,70,"profile=Warm, 30-day, vehicle selected, down payment",Preferences captured; comparing suitable vehicles and ownership costs.,2026-06-14T00:00:00+00:00
LEAD-000912,CUST-000912,,SALES-024,Inbound Call,New,55,"profile=Warm, down payment",Preferences captured; comparing suitable vehicles and ownership costs.,2026-08-25T01:00:00+00:00
LEAD-000913,CUST-000913,VEH-005579,SALES-001,Website,Qualified,42,"profile=Research, vehicle selected, down payment",Early research stage; provide options without pressuring for commitment.,2026-08-21T23:00:00+00:00
LEAD-000914,CUST-000914,VEH-003785,SALES-002,Website,Lost,90,"profile=Hot, 30-day, vehicle selected, down payment",Specific near-term purchase intent; ready for inventory shortlist.,2026-06-23T08:00:00+00:00
LEAD-000915,CUST-000915,,SALES-003,Website,Contacted,50,profile=Warm,Preferences captured; comparing suitable vehicles and ownership costs.,2026-07-05T02:00:00+00:00
LEAD-000916,CUST-000916,VEH-006503,SALES-004,Paid Search,Won,97,"profile=Hot, near-term, vehicle selected, down payment",Specific near-term purchase intent; ready for inventory shortlist.,2026-05-26T15:00:00+00:00
LEAD-000917,CUST-000917,VEH-005688,SALES-005,Walk-In,Qualified,70,"profile=Warm, 30-day, vehicle selected, down payment",Preferences captured; comparing suitable vehicles and ownership costs.,2026-05-25T01:00:00+00:00
LEAD-000918,CUST-000918,VEH-000683,SALES-006,Vehicle Marketplace,New,37,"profile=Research, vehicle selected",Early research stage; provide options without pressuring for commitment.,2026-05-10T05:00:00+00:00
LEAD-000919,CUST-000919,VEH-003829,SALES-007,Walk-In,Won,27,"profile=Edge Case, vehicle selected",Requirements may conflict with budget or contact preferences; clarify before action.,2026-06-16T18:00:00+00:00
LEAD-000920,CUST-000920,VEH-008370,SALES-008,Social Media,Appointment Set,62,"profile=Warm, vehicle selected, down payment",Preferences captured; comparing suitable vehicles and ownership costs.,2026-07-10T20:00:00+00:00
LEAD-000921,CUST-000921,VEH-000078,SALES-009,Inbound Call,Appointment Set,92,"profile=Hot, near-term, vehicle selected",Specific near-term purchase intent; ready for inventory shortlist.,2026-07-22T23:00:00+00:00
LEAD-000922,CUST-000922,VEH-005603,SALES-010,Paid Search,New,42,"profile=Research, vehicle selected, down payment",Early research stage; provide options without pressuring for commitment.,2026-05-21T22:00:00+00:00
LEAD-000923,CUST-000923,VEH-002320,SALES-011,Social Media,Contacted,65,"profile=Warm, 30-day, vehicle selected",Preferences captured; comparing suitable vehicles and ownership costs.,2026-07-08T16:00:00+00:00
LEAD-000924,CUST-000924,VEH-009198,SALES-012,Social Media,Contacted,37,"profile=Research, vehicle selected",Early research stage; provide options without pressuring for commitment.,2026-06-12T17:00:00+00:00
LEAD-000925,CUST-000925,VEH-006384,SALES-013,Website,Qualified,97,"profile=Hot, near-term, vehicle selected, down payment",Specific near-term purchase intent; ready for inventory shortlist.,2026-05-06T03:00:00+00:00
LEAD-000926,CUST-000926,VEH-000585,SALES-014,Inbound Call,Won,97,"profile=Hot, near-term, vehicle selected, down payment",Specific near-term purchase intent; ready for inventory shortlist.,2026-06-14T03:00:00+00:00
LEAD-000927,CUST-000927,VEH-008774,SALES-015,Social Media,Won,90,"profile=Hot, 30-day, vehicle selected, down payment",Specific near-term purchase intent; ready for inventory shortlist.,2026-06-28T12:00:00+00:00
LEAD-000928,CUST-000928,VEH-002536,SALES-016,Website,Appointment Set,97,"profile=Hot, near-term, vehicle selected, down payment",Specific near-term purchase intent; ready for inventory shortlist.,2026-06-04T09:00:00+00:00
LEAD-000929,CUST-000929,VEH-002257,SALES-017,Vehicle Marketplace,Contacted,70,"profile=Warm, 30-day, vehicle selected, down payment",Preferences captured; comparing suitable vehicles and ownership costs.,2026-06-29T00:00:00+00:00
LEAD-000930,CUST-000930,VEH-002270,SALES-018,Inbound Call,New,42,"profile=Research, vehicle selected, down payment",Early research stage; provide options without pressuring for commitment.,2026-05-08T21:00:00+00:00
LEAD-000931,CUST-000931,VEH-000978,SALES-019,Social Media,Won,85,"profile=Hot, 30-day, vehicle selected",Specific near-term purchase intent; ready for inventory shortlist.,2026-08-20T10:00:00+00:00
LEAD-000932,CUST-000932,VEH-009612,SALES-020,Website,New,32,"profile=Edge Case, vehicle selected, down payment",Requirements may conflict with budget or contact preferences; clarify before action.,2026-07-11T04:00:00+00:00
LEAD-000933,CUST-000933,VEH-007851,SALES-021,Website,Won,90,"profile=Hot, 30-day, vehicle selected, down payment",Specific near-term purchase intent; ready for inventory shortlist.,2026-05-16T23:00:00+00:00
LEAD-000934,CUST-000934,VEH-007776,SALES-022,Website,Won,70,"profile=Warm, 30-day, vehicle selected, down payment",Preferences captured; comparing suitable vehicles and ownership costs.,2026-07-17T20:00:00+00:00
LEAD-000935,CUST-000935,VEH-000799,SALES-023,Website,Contacted,70,"profile=Warm, 30-day, vehicle selected, down payment",Preferences captured; comparing suitable vehicles and ownership costs.,2026-07-29T14:00:00+00:00
LEAD-000936,CUST-000936,VEH-008030,SALES-024,Walk-In,New,62,"profile=Warm, vehicle selected, down payment",Preferences captured; comparing suitable vehicles and ownership costs.,2026-05-02T17:00:00+00:00
LEAD-000937,CUST-000937,,SALES-001,Paid Search,Qualified,55,"profile=Warm, down payment",Preferences captured; comparing suitable vehicles and ownership costs.,2026-07-29T07:00:00+00:00
LEAD-000938,CUST-000938,VEH-002968,SALES-002,Paid Search,Appointment Set,42,"profile=Research, vehicle selected, down payment",Early research stage; provide options without pressuring for commitment.,2026-06-10T17:00:00+00:00
LEAD-000939,CUST-000939,VEH-005146,SALES-003,Paid Search,Appointment Set,42,"profile=Research, vehicle selected, down payment",Early research stage; provide options without pressuring for commitment.,2026-06-19T10:00:00+00:00
LEAD-000940,CUST-000940,VEH-001711,SALES-004,Paid Search,New,57,"profile=Warm, vehicle selected",Preferences captured; comparing suitable vehicles and ownership costs.,2026-06-02T15:00:00+00:00
LEAD-000941,CUST-000941,VEH-004297,SALES-005,Inbound Call,Contacted,57,"profile=Warm, vehicle selected",Preferences captured; comparing suitable vehicles and ownership costs.,2026-08-05T11:00:00+00:00
LEAD-000942,CUST-000942,,SALES-006,Paid Search,Won,55,"profile=Warm, down payment",Preferences captured; comparing suitable vehicles and ownership costs.,2026-07-24T12:00:00+00:00
LEAD-000943,CUST-000943,VEH-001319,SALES-007,Inbound Call,Qualified,57,"profile=Warm, vehicle selected",Preferences captured; comparing suitable vehicles and ownership costs.,2026-08-01T10:00:00+00:00
LEAD-000944,CUST-000944,VEH-003709,SALES-008,Website,Lost,62,"profile=Warm, vehicle selected, down payment",Preferences captured; comparing suitable vehicles and ownership costs.,2026-06-18T10:00:00+00:00
LEAD-000945,CUST-000945,,SALES-009,Inbound Call,Appointment Set,63,"profile=Warm, 30-day, down payment",Preferences captured; comparing suitable vehicles and ownership costs.,2026-06-27T13:00:00+00:00
LEAD-000946,CUST-000946,,SALES-010,Website,Contacted,63,"profile=Warm, 30-day, down payment",Preferences captured; comparing suitable vehicles and ownership costs.,2026-05-08T07:00:00+00:00
LEAD-000947,CUST-000947,VEH-004522,SALES-011,Inbound Call,Appointment Set,42,"profile=Research, vehicle selected, down payment",Early research stage; provide options without pressuring for commitment.,2026-05-29T01:00:00+00:00
LEAD-000948,CUST-000948,VEH-002167,SALES-012,Referral,Qualified,57,"profile=Warm, vehicle selected",Preferences captured; comparing suitable vehicles and ownership costs.,2026-07-05T14:00:00+00:00
LEAD-000949,CUST-000949,VEH-005122,SALES-013,Inbound Call,Contacted,65,"profile=Warm, 30-day, vehicle selected",Preferences captured; comparing suitable vehicles and ownership costs.,2026-08-16T20:00:00+00:00
LEAD-000950,CUST-000950,VEH-004944,SALES-014,Website,Appointment Set,37,"profile=Research, vehicle selected",Early research stage; provide options without pressuring for commitment.,2026-06-15T18:00:00+00:00
LEAD-000951,CUST-000951,VEH-008629,SALES-015,Referral,Contacted,92,"profile=Hot, near-term, vehicle selected",Specific near-term purchase intent; ready for inventory shortlist.,2026-06-14T03:00:00+00:00
LEAD-000952,CUST-000952,VEH-005109,SALES-016,Walk-In,Lost,42,"profile=Research, vehicle selected, down payment",Early research stage; provide options without pressuring for commitment.,2026-05-05T05:00:00+00:00
LEAD-000953,CUST-000953,VEH-002246,SALES-017,Vehicle Marketplace,Qualified,42,"profile=Research, vehicle selected, down payment",Early research stage; provide options without pressuring for commitment.,2026-07-09T17:00:00+00:00
LEAD-000954,CUST-000954,VEH-007990,SALES-018,Walk-In,Appointment Set,37,"profile=Research, vehicle selected",Early research stage; provide options without pressuring for commitment.,2026-05-18T22:00:00+00:00
LEAD-000955,CUST-000955,VEH-006841,SALES-019,Website,Contacted,42,"profile=Edge Case, near-term, vehicle selected",Requirements may conflict with budget or contact preferences; clarify before action.,2026-07-21T12:00:00+00:00
LEAD-000956,CUST-000956,,SALES-020,Inbound Call,Contacted,35,"profile=Research, down payment",Early research stage; provide options without pressuring for commitment.,2026-05-31T09:00:00+00:00
LEAD-000957,CUST-000957,,SALES-021,Inbound Call,Qualified,63,"profile=Warm, 30-day, down payment",Preferences captured; comparing suitable vehicles and ownership costs.,2026-07-06T08:00:00+00:00
LEAD-000958,CUST-000958,VEH-008176,SALES-022,Website,Qualified,42,"profile=Research, vehicle selected, down payment",Early research stage; provide options without pressuring for commitment.,2026-08-17T11:00:00+00:00
LEAD-000959,CUST-000959,VEH-000935,SALES-023,Website,New,37,"profile=Research, vehicle selected",Early research stage; provide options without pressuring for commitment.,2026-06-11T21:00:00+00:00
LEAD-000960,CUST-000960,VEH-009335,SALES-024,Inbound Call,Contacted,37,"profile=Research, vehicle selected",Early research stage; provide options without pressuring for commitment.,2026-07-11T15:00:00+00:00
LEAD-000961,CUST-000961,VEH-006435,SALES-001,Paid Search,Appointment Set,42,"profile=Research, vehicle selected, down payment",Early research stage; provide options without pressuring for commitment.,2026-05-31T07:00:00+00:00
LEAD-000962,CUST-000962,VEH-008885,SALES-002,Walk-In,Contacted,65,"profile=Warm, 30-day, vehicle selected",Preferences captured; comparing suitable vehicles and ownership costs.,2026-07-07T05:00:00+00:00
LEAD-000963,CUST-000963,VEH-001228,SALES-003,Website,Qualified,42,"profile=Research, vehicle selected, down payment",Early research stage; provide options without pressuring for commitment.,2026-05-21T13:00:00+00:00
LEAD-000964,CUST-000964,VEH-004553,SALES-004,Vehicle Marketplace,Won,42,"profile=Research, vehicle selected, down payment",Early research stage; provide options without pressuring for commitment.,2026-05-13T23:00:00+00:00
LEAD-000965,CUST-000965,VEH-001961,SALES-005,Social Media,Contacted,70,"profile=Warm, 30-day, vehicle selected, down payment",Preferences captured; comparing suitable vehicles and ownership costs.,2026-06-11T21:00:00+00:00
LEAD-000966,CUST-000966,VEH-001094,SALES-006,Social Media,Appointment Set,97,"profile=Hot, near-term, vehicle selected, down payment",Specific near-term purchase intent; ready for inventory shortlist.,2026-06-17T19:00:00+00:00
LEAD-000967,CUST-000967,VEH-009858,SALES-007,Inbound Call,Lost,42,"profile=Research, vehicle selected, down payment",Early research stage; provide options without pressuring for commitment.,2026-07-09T20:00:00+00:00
LEAD-000968,CUST-000968,VEH-002462,SALES-008,Inbound Call,Appointment Set,42,"profile=Research, vehicle selected, down payment",Early research stage; provide options without pressuring for commitment.,2026-08-19T22:00:00+00:00
LEAD-000969,CUST-000969,,SALES-009,Website,Qualified,35,"profile=Research, down payment",Early research stage; provide options without pressuring for commitment.,2026-08-09T04:00:00+00:00
LEAD-000970,CUST-000970,,SALES-010,Inbound Call,New,58,"profile=Warm, 30-day",Preferences captured; comparing suitable vehicles and ownership costs.,2026-07-24T11:00:00+00:00
LEAD-000971,CUST-000971,VEH-009697,SALES-011,Inbound Call,Qualified,62,"profile=Warm, vehicle selected, down payment",Preferences captured; comparing suitable vehicles and ownership costs.,2026-07-24T06:00:00+00:00
LEAD-000972,CUST-000972,VEH-007130,SALES-012,Website,Lost,42,"profile=Edge Case, near-term, vehicle selected",Requirements may conflict with budget or contact preferences; clarify before action.,2026-06-23T11:00:00+00:00
LEAD-000973,CUST-000973,VEH-000447,SALES-013,Paid Search,Appointment Set,65,"profile=Warm, 30-day, vehicle selected",Preferences captured; comparing suitable vehicles and ownership costs.,2026-07-21T11:00:00+00:00
LEAD-000974,CUST-000974,VEH-007812,SALES-014,Social Media,Qualified,65,"profile=Warm, 30-day, vehicle selected",Preferences captured; comparing suitable vehicles and ownership costs.,2026-06-12T10:00:00+00:00
LEAD-000975,CUST-000975,VEH-003100,SALES-015,Referral,Contacted,42,"profile=Research, vehicle selected, down payment",Early research stage; provide options without pressuring for commitment.,2026-07-18T10:00:00+00:00
LEAD-000976,CUST-000976,VEH-008505,SALES-016,Paid Search,Contacted,62,"profile=Warm, vehicle selected, down payment",Preferences captured; comparing suitable vehicles and ownership costs.,2026-05-07T19:00:00+00:00
LEAD-000977,CUST-000977,VEH-007224,SALES-017,Inbound Call,Qualified,90,"profile=Hot, 30-day, vehicle selected, down payment",Specific near-term purchase intent; ready for inventory shortlist.,2026-07-22T17:00:00+00:00
LEAD-000978,CUST-000978,VEH-002187,SALES-018,Website,New,70,"profile=Warm, 30-day, vehicle selected, down payment",Preferences captured; comparing suitable vehicles and ownership costs.,2026-07-28T01:00:00+00:00
LEAD-000979,CUST-000979,,SALES-019,Website,Appointment Set,63,"profile=Warm, 30-day, down payment",Preferences captured; comparing suitable vehicles and ownership costs.,2026-07-19T10:00:00+00:00
LEAD-000980,CUST-000980,VEH-000429,SALES-020,Inbound Call,Contacted,62,"profile=Warm, vehicle selected, down payment",Preferences captured; comparing suitable vehicles and ownership costs.,2026-05-21T12:00:00+00:00
LEAD-000981,CUST-000981,VEH-001359,SALES-021,Website,Lost,32,"profile=Edge Case, vehicle selected, down payment",Requirements may conflict with budget or contact preferences; clarify before action.,2026-05-13T19:00:00+00:00
LEAD-000982,CUST-000982,VEH-005944,SALES-022,Website,New,70,"profile=Warm, 30-day, vehicle selected, down payment",Preferences captured; comparing suitable vehicles and ownership costs.,2026-08-22T04:00:00+00:00
LEAD-000983,CUST-000983,VEH-002481,SALES-023,Website,Won,57,"profile=Warm, vehicle selected",Preferences captured; comparing suitable vehicles and ownership costs.,2026-08-04T09:00:00+00:00
LEAD-000984,CUST-000984,VEH-005062,SALES-024,Inbound Call,Contacted,70,"profile=Warm, 30-day, vehicle selected, down payment",Preferences captured; comparing suitable vehicles and ownership costs.,2026-06-23T15:00:00+00:00
LEAD-000985,CUST-000985,VEH-005899,SALES-001,Referral,New,42,"profile=Research, vehicle selected, down payment",Early research stage; provide options without pressuring for commitment.,2026-06-28T13:00:00+00:00
LEAD-000986,CUST-000986,VEH-000551,SALES-002,Referral,Contacted,37,"profile=Research, vehicle selected",Early research stage; provide options without pressuring for commitment.,2026-05-27T16:00:00+00:00
LEAD-000987,CUST-000987,,SALES-003,Inbound Call,Lost,83,"profile=Hot, 30-day, down payment",Specific near-term purchase intent; ready for inventory shortlist.,2026-06-22T00:00:00+00:00
LEAD-000988,CUST-000988,VEH-000065,SALES-004,Paid Search,New,42,"profile=Research, vehicle selected, down payment",Early research stage; provide options without pressuring for commitment.,2026-08-04T01:00:00+00:00
LEAD-000989,CUST-000989,VEH-006408,SALES-005,Referral,Qualified,57,"profile=Warm, vehicle selected",Preferences captured; comparing suitable vehicles and ownership costs.,2026-07-06T14:00:00+00:00
LEAD-000990,CUST-000990,VEH-005186,SALES-006,Vehicle Marketplace,Won,97,"profile=Hot, near-term, vehicle selected, down payment",Specific near-term purchase intent; ready for inventory shortlist.,2026-06-13T09:00:00+00:00
LEAD-000991,CUST-000991,VEH-003272,SALES-007,Referral,Appointment Set,62,"profile=Warm, vehicle selected, down payment",Preferences captured; comparing suitable vehicles and ownership costs.,2026-07-21T13:00:00+00:00
LEAD-000992,CUST-000992,VEH-001111,SALES-008,Website,Qualified,62,"profile=Warm, vehicle selected, down payment",Preferences captured; comparing suitable vehicles and ownership costs.,2026-05-02T02:00:00+00:00
LEAD-000993,CUST-000993,VEH-007767,SALES-009,Social Media,New,90,"profile=Hot, 30-day, vehicle selected, down payment",Specific near-term purchase intent; ready for inventory shortlist.,2026-08-23T05:00:00+00:00
LEAD-000994,CUST-000994,VEH-005679,SALES-010,Website,Contacted,92,"profile=Hot, near-term, vehicle selected",Specific near-term purchase intent; ready for inventory shortlist.,2026-07-12T23:00:00+00:00
LEAD-000995,CUST-000995,VEH-005341,SALES-011,Social Media,Qualified,37,"profile=Research, vehicle selected",Early research stage; provide options without pressuring for commitment.,2026-05-10T21:00:00+00:00
LEAD-000996,CUST-000996,,SALES-012,Website,Qualified,30,profile=Research,Early research stage; provide options without pressuring for commitment.,2026-08-08T20:00:00+00:00
LEAD-000997,CUST-000997,VEH-001327,SALES-013,Walk-In,New,42,"profile=Research, vehicle selected, down payment",Early research stage; provide options without pressuring for commitment.,2026-05-02T15:00:00+00:00
LEAD-000998,CUST-000998,VEH-009963,SALES-014,Inbound Call,Qualified,97,"profile=Hot, near-term, vehicle selected, down payment",Specific near-term purchase intent; ready for inventory shortlist.,2026-08-17T21:00:00+00:00
LEAD-000999,CUST-000999,VEH-007039,SALES-015,Website,Contacted,57,"profile=Warm, vehicle selected",Preferences captured; comparing suitable vehicles and ownership costs.,2026-06-28T03:00:00+00:00
LEAD-001000,CUST-001000,VEH-002311,SALES-016,Website,Qualified,70,"profile=Warm, 30-day, vehicle selected, down payment",Preferences captured; comparing suitable vehicles and ownership costs.,2026-05-22T07:00:00+00:00
LEAD-001001,CUST-001001,VEH-007805,SALES-017,Social Media,Contacted,97,"profile=Hot, near-term, vehicle selected, down payment",Specific near-term purchase intent; ready for inventory shortlist.,2026-08-21T23:00:00+00:00
LEAD-001002,CUST-001002,VEH-001958,SALES-018,Website,New,70,"profile=Warm, 30-day, vehicle selected, down payment",Preferences captured; comparing suitable vehicles and ownership costs.,2026-04-26T16:00:00+00:00
LEAD-001003,CUST-001003,,SALES-019,Website,Appointment Set,50,profile=Warm,Preferences captured; comparing suitable vehicles and ownership costs.,2026-06-18T23:00:00+00:00
LEAD-001004,CUST-001004,VEH-008549,SALES-020,Vehicle Marketplace,Contacted,37,"profile=Research, vehicle selected",Early research stage; provide options without pressuring for commitment.,2026-08-17T00:00:00+00:00
LEAD-001005,CUST-001005,,SALES-021,Paid Search,Appointment Set,35,"profile=Research, down payment",Early research stage; provide options without pressuring for commitment.,2026-08-05T00:00:00+00:00
LEAD-001006,CUST-001006,VEH-002504,SALES-022,Website,New,57,"profile=Warm, vehicle selected",Preferences captured; comparing suitable vehicles and ownership costs.,2026-06-09T04:00:00+00:00
LEAD-001007,CUST-001007,VEH-005661,SALES-023,Social Media,Qualified,62,"profile=Warm, vehicle selected, down payment",Preferences captured; comparing suitable vehicles and ownership costs.,2026-08-06T12:00:00+00:00
LEAD-001008,CUST-001008,,SALES-024,Website,Contacted,85,"profile=Hot, near-term",Specific near-term purchase intent; ready for inventory shortlist.,2026-07-27T15:00:00+00:00
LEAD-001009,CUST-001009,VEH-009556,SALES-001,Website,Qualified,42,"profile=Research, vehicle selected, down payment",Early research stage; provide options without pressuring for commitment.,2026-06-11T11:00:00+00:00
LEAD-001010,CUST-001010,VEH-008840,SALES-002,Social Media,Contacted,57,"profile=Warm, vehicle selected",Preferences captured; comparing suitable vehicles and ownership costs.,2026-06-16T14:00:00+00:00
LEAD-001011,CUST-001011,VEH-007302,SALES-003,Paid Search,Appointment Set,42,"profile=Research, vehicle selected, down payment",Early research stage; provide options without pressuring for commitment.,2026-05-26T21:00:00+00:00
LEAD-001012,CUST-001012,VEH-002422,SALES-004,Inbound Call,Lost,92,"profile=Hot, near-term, vehicle selected",Specific near-term purchase intent; ready for inventory shortlist.,2026-06-20T11:00:00+00:00
LEAD-001013,CUST-001013,VEH-001392,SALES-005,Referral,Contacted,70,"profile=Warm, 30-day, vehicle selected, down payment",Preferences captured; comparing suitable vehicles and ownership costs.,2026-06-04T22:00:00+00:00
LEAD-001014,CUST-001014,VEH-004000,SALES-006,Paid Search,New,65,"profile=Warm, 30-day, vehicle selected",Preferences captured; comparing suitable vehicles and ownership costs.,2026-08-01T21:00:00+00:00
LEAD-001015,CUST-001015,VEH-009505,SALES-007,Walk-In,Lost,42,"profile=Research, vehicle selected, down payment",Early research stage; provide options without pressuring for commitment.,2026-06-16T19:00:00+00:00
LEAD-001016,CUST-001016,VEH-007607,SALES-008,Website,Contacted,42,"profile=Research, vehicle selected, down payment",Early research stage; provide options without pressuring for commitment.,2026-06-24T09:00:00+00:00
LEAD-001017,CUST-001017,VEH-000676,SALES-009,Social Media,Appointment Set,42,"profile=Research, vehicle selected, down payment",Early research stage; provide options without pressuring for commitment.,2026-06-03T16:00:00+00:00
LEAD-001018,CUST-001018,,SALES-010,Inbound Call,Contacted,25,"profile=Edge Case, down payment",Requirements may conflict with budget or contact preferences; clarify before action.,2026-08-15T08:00:00+00:00
LEAD-001019,CUST-001019,VEH-002832,SALES-011,Inbound Call,Appointment Set,62,"profile=Warm, vehicle selected, down payment",Preferences captured; comparing suitable vehicles and ownership costs.,2026-07-23T22:00:00+00:00
LEAD-001020,CUST-001020,VEH-000198,SALES-012,Referral,New,70,"profile=Warm, 30-day, vehicle selected, down payment",Preferences captured; comparing suitable vehicles and ownership costs.,2026-07-04T00:00:00+00:00
LEAD-001021,CUST-001021,VEH-000974,SALES-013,Walk-In,Contacted,42,"profile=Research, vehicle selected, down payment",Early research stage; provide options without pressuring for commitment.,2026-05-24T16:00:00+00:00
LEAD-001022,CUST-001022,,SALES-014,Paid Search,Contacted,25,"profile=Edge Case, down payment",Requirements may conflict with budget or contact preferences; clarify before action.,2026-05-15T08:00:00+00:00
LEAD-001023,CUST-001023,VEH-005271,SALES-015,Website,Qualified,70,"profile=Warm, 30-day, vehicle selected, down payment",Preferences captured; comparing suitable vehicles and ownership costs.,2026-05-19T19:00:00+00:00
LEAD-001024,CUST-001024,,SALES-016,Website,New,58,"profile=Warm, 30-day",Preferences captured; comparing suitable vehicles and ownership costs.,2026-06-20T13:00:00+00:00
LEAD-001025,CUST-001025,VEH-005128,SALES-017,Referral,Appointment Set,62,"profile=Warm, vehicle selected, down payment",Preferences captured; comparing suitable vehicles and ownership costs.,2026-07-07T09:00:00+00:00
LEAD-001026,CUST-001026,VEH-001711,SALES-018,Referral,New,70,"profile=Warm, 30-day, vehicle selected, down payment",Preferences captured; comparing suitable vehicles and ownership costs.,2026-07-12T20:00:00+00:00
LEAD-001027,CUST-001027,VEH-002831,SALES-019,Paid Search,New,37,"profile=Research, vehicle selected",Early research stage; provide options without pressuring for commitment.,2026-07-24T20:00:00+00:00
LEAD-001028,CUST-001028,VEH-000607,SALES-020,Inbound Call,Contacted,97,"profile=Hot, near-term, vehicle selected, down payment",Specific near-term purchase intent; ready for inventory shortlist.,2026-07-20T15:00:00+00:00
LEAD-001029,CUST-001029,VEH-000718,SALES-021,Referral,New,62,"profile=Warm, vehicle selected, down payment",Preferences captured; comparing suitable vehicles and ownership costs.,2026-05-14T08:00:00+00:00
LEAD-001030,CUST-001030,,SALES-022,Paid Search,Qualified,40,"profile=Edge Case, near-term, down payment",Requirements may conflict with budget or contact preferences; clarify before action.,2026-08-01T09:00:00+00:00
LEAD-001031,CUST-001031,VEH-007715,SALES-023,Walk-In,Qualified,90,"profile=Hot, 30-day, vehicle selected, down payment",Specific near-term purchase intent; ready for inventory shortlist.,2026-07-04T12:00:00+00:00
LEAD-001032,CUST-001032,VEH-001409,SALES-024,Paid Search,Qualified,62,"profile=Warm, vehicle selected, down payment",Preferences captured; comparing suitable vehicles and ownership costs.,2026-05-19T17:00:00+00:00
LEAD-001033,CUST-001033,VEH-003827,SALES-001,Vehicle Marketplace,Contacted,70,"profile=Warm, 30-day, vehicle selected, down payment",Preferences captured; comparing suitable vehicles and ownership costs.,2026-08-18T03:00:00+00:00
LEAD-001034,CUST-001034,VEH-005208,SALES-002,Paid Search,New,70,"profile=Warm, 30-day, vehicle selected, down payment",Preferences captured; comparing suitable vehicles and ownership costs.,2026-06-22T04:00:00+00:00
LEAD-001035,CUST-001035,VEH-009710,SALES-003,Vehicle Marketplace,Lost,57,"profile=Warm, vehicle selected",Preferences captured; comparing suitable vehicles and ownership costs.,2026-05-30T23:00:00+00:00
LEAD-001036,CUST-001036,VEH-005740,SALES-004,Vehicle Marketplace,New,42,"profile=Research, vehicle selected, down payment",Early research stage; provide options without pressuring for commitment.,2026-04-26T20:00:00+00:00
LEAD-001037,CUST-001037,VEH-002906,SALES-005,Website,Qualified,62,"profile=Warm, vehicle selected, down payment",Preferences captured; comparing suitable vehicles and ownership costs.,2026-07-02T04:00:00+00:00
LEAD-001038,CUST-001038,VEH-000925,SALES-006,Website,Appointment Set,42,"profile=Research, vehicle selected, down payment",Early research stage; provide options without pressuring for commitment.,2026-05-26T16:00:00+00:00
LEAD-001039,CUST-001039,VEH-000548,SALES-007,Referral,New,57,"profile=Warm, vehicle selected",Preferences captured; comparing suitable vehicles and ownership costs.,2026-06-19T17:00:00+00:00
LEAD-001040,CUST-001040,VEH-004100,SALES-008,Paid Search,Lost,65,"profile=Warm, 30-day, vehicle selected",Preferences captured; comparing suitable vehicles and ownership costs.,2026-08-08T07:00:00+00:00
LEAD-001041,CUST-001041,VEH-000176,SALES-009,Paid Search,Contacted,90,"profile=Hot, 30-day, vehicle selected, down payment",Specific near-term purchase intent; ready for inventory shortlist.,2026-08-04T05:00:00+00:00
LEAD-001042,CUST-001042,VEH-002963,SALES-010,Website,Appointment Set,32,"profile=Edge Case, vehicle selected, down payment",Requirements may conflict with budget or contact preferences; clarify before action.,2026-06-04T00:00:00+00:00
LEAD-001043,CUST-001043,VEH-001976,SALES-011,Vehicle Marketplace,New,37,"profile=Research, vehicle selected",Early research stage; provide options without pressuring for commitment.,2026-05-11T14:00:00+00:00
LEAD-001044,CUST-001044,VEH-007106,SALES-012,Website,Appointment Set,37,"profile=Research, vehicle selected",Early research stage; provide options without pressuring for commitment.,2026-07-24T13:00:00+00:00
LEAD-001045,CUST-001045,VEH-002354,SALES-013,Website,Appointment Set,65,"profile=Warm, 30-day, vehicle selected",Preferences captured; comparing suitable vehicles and ownership costs.,2026-05-30T07:00:00+00:00
LEAD-001046,CUST-001046,VEH-002927,SALES-014,Walk-In,New,70,"profile=Warm, 30-day, vehicle selected, down payment",Preferences captured; comparing suitable vehicles and ownership costs.,2026-05-27T19:00:00+00:00
LEAD-001047,CUST-001047,VEH-009772,SALES-015,Website,Qualified,85,"profile=Hot, 30-day, vehicle selected",Specific near-term purchase intent; ready for inventory shortlist.,2026-08-22T07:00:00+00:00
LEAD-001048,CUST-001048,VEH-002783,SALES-016,Social Media,Won,42,"profile=Research, vehicle selected, down payment",Early research stage; provide options without pressuring for commitment.,2026-07-08T14:00:00+00:00
LEAD-001049,CUST-001049,,SALES-017,Paid Search,New,58,"profile=Warm, 30-day",Preferences captured; comparing suitable vehicles and ownership costs.,2026-07-22T15:00:00+00:00
LEAD-001050,CUST-001050,VEH-005170,SALES-018,Website,Contacted,37,"profile=Research, vehicle selected",Early research stage; provide options without pressuring for commitment.,2026-08-14T01:00:00+00:00
LEAD-001051,CUST-001051,VEH-006413,SALES-019,Website,Contacted,70,"profile=Warm, 30-day, vehicle selected, down payment",Preferences captured; comparing suitable vehicles and ownership costs.,2026-06-03T05:00:00+00:00
LEAD-001052,CUST-001052,VEH-004835,SALES-020,Paid Search,Appointment Set,62,"profile=Warm, vehicle selected, down payment",Preferences captured; comparing suitable vehicles and ownership costs.,2026-07-10T15:00:00+00:00
LEAD-001053,CUST-001053,VEH-001691,SALES-021,Inbound Call,New,42,"profile=Research, vehicle selected, down payment",Early research stage; provide options without pressuring for commitment.,2026-08-08T03:00:00+00:00
LEAD-001054,CUST-001054,,SALES-022,Paid Search,New,50,profile=Warm,Preferences captured; comparing suitable vehicles and ownership costs.,2026-08-22T04:00:00+00:00
LEAD-001055,CUST-001055,VEH-000904,SALES-023,Referral,Appointment Set,37,"profile=Research, vehicle selected",Early research stage; provide options without pressuring for commitment.,2026-07-13T13:00:00+00:00
LEAD-001056,CUST-001056,,SALES-024,Website,Qualified,33,"profile=Edge Case, 30-day, down payment",Requirements may conflict with budget or contact preferences; clarify before action.,2026-06-13T06:00:00+00:00
LEAD-001057,CUST-001057,VEH-008503,SALES-001,Paid Search,New,42,"profile=Research, vehicle selected, down payment",Early research stage; provide options without pressuring for commitment.,2026-06-29T16:00:00+00:00
LEAD-001058,CUST-001058,,SALES-002,Walk-In,New,30,profile=Research,Early research stage; provide options without pressuring for commitment.,2026-07-02T19:00:00+00:00
LEAD-001059,CUST-001059,VEH-009275,SALES-003,Website,Qualified,90,"profile=Hot, 30-day, vehicle selected, down payment",Specific near-term purchase intent; ready for inventory shortlist.,2026-07-31T11:00:00+00:00
LEAD-001060,CUST-001060,VEH-001985,SALES-004,Social Media,New,90,"profile=Hot, 30-day, vehicle selected, down payment",Specific near-term purchase intent; ready for inventory shortlist.,2026-05-06T21:00:00+00:00
LEAD-001061,CUST-001061,VEH-002341,SALES-005,Website,New,70,"profile=Warm, 30-day, vehicle selected, down payment",Preferences captured; comparing suitable vehicles and ownership costs.,2026-08-23T11:00:00+00:00
LEAD-001062,CUST-001062,,SALES-006,Social Media,Qualified,40,"profile=Edge Case, near-term, down payment",Requirements may conflict with budget or contact preferences; clarify before action.,2026-06-03T09:00:00+00:00
LEAD-001063,CUST-001063,VEH-003172,SALES-007,Website,Contacted,42,"profile=Research, vehicle selected, down payment",Early research stage; provide options without pressuring for commitment.,2026-06-08T06:00:00+00:00
LEAD-001064,CUST-001064,VEH-003730,SALES-008,Referral,Appointment Set,57,"profile=Warm, vehicle selected",Preferences captured; comparing suitable vehicles and ownership costs.,2026-07-11T01:00:00+00:00
LEAD-001065,CUST-001065,VEH-005952,SALES-009,Website,New,62,"profile=Warm, vehicle selected, down payment",Preferences captured; comparing suitable vehicles and ownership costs.,2026-08-16T17:00:00+00:00
LEAD-001066,CUST-001066,VEH-008955,SALES-010,Social Media,Qualified,65,"profile=Warm, 30-day, vehicle selected",Preferences captured; comparing suitable vehicles and ownership costs.,2026-08-17T10:00:00+00:00
LEAD-001067,CUST-001067,VEH-004152,SALES-011,Website,New,62,"profile=Warm, vehicle selected, down payment",Preferences captured; comparing suitable vehicles and ownership costs.,2026-07-22T18:00:00+00:00
LEAD-001068,CUST-001068,VEH-009260,SALES-012,Referral,Won,57,"profile=Warm, vehicle selected",Preferences captured; comparing suitable vehicles and ownership costs.,2026-05-27T20:00:00+00:00
LEAD-001069,CUST-001069,VEH-009059,SALES-013,Walk-In,Won,27,"profile=Edge Case, vehicle selected",Requirements may conflict with budget or contact preferences; clarify before action.,2026-06-18T03:00:00+00:00
LEAD-001070,CUST-001070,VEH-002187,SALES-014,Paid Search,Qualified,70,"profile=Warm, 30-day, vehicle selected, down payment",Preferences captured; comparing suitable vehicles and ownership costs.,2026-06-04T16:00:00+00:00
LEAD-001071,CUST-001071,VEH-004955,SALES-015,Website,New,35,"profile=Edge Case, 30-day, vehicle selected",Requirements may conflict with budget or contact preferences; clarify before action.,2026-05-05T15:00:00+00:00
LEAD-001072,CUST-001072,VEH-009497,SALES-016,Paid Search,Contacted,65,"profile=Warm, 30-day, vehicle selected",Preferences captured; comparing suitable vehicles and ownership costs.,2026-07-14T14:00:00+00:00
LEAD-001073,CUST-001073,VEH-003884,SALES-017,Website,Contacted,37,"profile=Research, vehicle selected",Early research stage; provide options without pressuring for commitment.,2026-07-06T15:00:00+00:00
LEAD-001074,CUST-001074,VEH-008291,SALES-018,Website,Lost,42,"profile=Research, vehicle selected, down payment",Early research stage; provide options without pressuring for commitment.,2026-07-13T03:00:00+00:00
LEAD-001075,CUST-001075,VEH-006474,SALES-019,Inbound Call,New,57,"profile=Warm, vehicle selected",Preferences captured; comparing suitable vehicles and ownership costs.,2026-07-30T02:00:00+00:00
LEAD-001076,CUST-001076,,SALES-020,Website,Appointment Set,83,"profile=Hot, 30-day, down payment",Specific near-term purchase intent; ready for inventory shortlist.,2026-06-25T16:00:00+00:00
LEAD-001077,CUST-001077,VEH-007878,SALES-021,Website,Qualified,37,"profile=Research, vehicle selected",Early research stage; provide options without pressuring for commitment.,2026-05-15T01:00:00+00:00
LEAD-001078,CUST-001078,VEH-002757,SALES-022,Vehicle Marketplace,New,70,"profile=Warm, 30-day, vehicle selected, down payment",Preferences captured; comparing suitable vehicles and ownership costs.,2026-05-21T22:00:00+00:00
LEAD-001079,CUST-001079,VEH-001029,SALES-023,Walk-In,Contacted,70,"profile=Warm, 30-day, vehicle selected, down payment",Preferences captured; comparing suitable vehicles and ownership costs.,2026-07-30T15:00:00+00:00
LEAD-001080,CUST-001080,,SALES-024,Website,Contacted,85,"profile=Hot, near-term",Specific near-term purchase intent; ready for inventory shortlist.,2026-05-25T13:00:00+00:00
LEAD-001081,CUST-001081,VEH-002200,SALES-001,Inbound Call,Won,65,"profile=Warm, 30-day, vehicle selected",Preferences captured; comparing suitable vehicles and ownership costs.,2026-05-11T13:00:00+00:00
LEAD-001082,CUST-001082,VEH-009009,SALES-002,Social Media,New,70,"profile=Warm, 30-day, vehicle selected, down payment",Preferences captured; comparing suitable vehicles and ownership costs.,2026-07-24T05:00:00+00:00
LEAD-001083,CUST-001083,VEH-006103,SALES-003,Inbound Call,New,37,"profile=Research, vehicle selected",Early research stage; provide options without pressuring for commitment.,2026-05-30T21:00:00+00:00
LEAD-001084,CUST-001084,VEH-008484,SALES-004,Inbound Call,Appointment Set,37,"profile=Research, vehicle selected",Early research stage; provide options without pressuring for commitment.,2026-06-10T03:00:00+00:00
LEAD-001085,CUST-001085,VEH-002652,SALES-005,Inbound Call,Appointment Set,62,"profile=Warm, vehicle selected, down payment",Preferences captured; comparing suitable vehicles and ownership costs.,2026-07-06T11:00:00+00:00
LEAD-001086,CUST-001086,VEH-007530,SALES-006,Referral,Qualified,37,"profile=Research, vehicle selected",Early research stage; provide options without pressuring for commitment.,2026-06-23T00:00:00+00:00
LEAD-001087,CUST-001087,VEH-005022,SALES-007,Inbound Call,Lost,37,"profile=Research, vehicle selected",Early research stage; provide options without pressuring for commitment.,2026-08-05T22:00:00+00:00
LEAD-001088,CUST-001088,VEH-004823,SALES-008,Website,Appointment Set,57,"profile=Warm, vehicle selected",Preferences captured; comparing suitable vehicles and ownership costs.,2026-06-24T16:00:00+00:00
LEAD-001089,CUST-001089,VEH-005590,SALES-009,Social Media,Appointment Set,70,"profile=Warm, 30-day, vehicle selected, down payment",Preferences captured; comparing suitable vehicles and ownership costs.,2026-06-18T09:00:00+00:00
LEAD-001090,CUST-001090,VEH-005566,SALES-010,Website,Appointment Set,97,"profile=Hot, near-term, vehicle selected, down payment",Specific near-term purchase intent; ready for inventory shortlist.,2026-06-07T05:00:00+00:00
LEAD-001091,CUST-001091,VEH-001317,SALES-011,Website,Appointment Set,42,"profile=Research, vehicle selected, down payment",Early research stage; provide options without pressuring for commitment.,2026-07-26T19:00:00+00:00
LEAD-001092,CUST-001092,,SALES-012,Vehicle Marketplace,Contacted,90,"profile=Hot, near-term, down payment",Specific near-term purchase intent; ready for inventory shortlist.,2026-05-30T09:00:00+00:00
LEAD-001093,CUST-001093,VEH-003816,SALES-013,Paid Search,Appointment Set,70,"profile=Warm, 30-day, vehicle selected, down payment",Preferences captured; comparing suitable vehicles and ownership costs.,2026-06-29T08:00:00+00:00
LEAD-001094,CUST-001094,VEH-009545,SALES-014,Website,Qualified,42,"profile=Research, vehicle selected, down payment",Early research stage; provide options without pressuring for commitment.,2026-08-15T00:00:00+00:00
LEAD-001095,CUST-001095,VEH-005679,SALES-015,Social Media,Qualified,42,"profile=Research, vehicle selected, down payment",Early research stage; provide options without pressuring for commitment.,2026-05-16T10:00:00+00:00
LEAD-001096,CUST-001096,VEH-004596,SALES-016,Paid Search,Lost,40,"profile=Edge Case, 30-day, vehicle selected, down payment",Requirements may conflict with budget or contact preferences; clarify before action.,2026-08-16T20:00:00+00:00
LEAD-001097,CUST-001097,VEH-004169,SALES-017,Website,New,37,"profile=Research, vehicle selected",Early research stage; provide options without pressuring for commitment.,2026-06-16T18:00:00+00:00
LEAD-001098,CUST-001098,VEH-009899,SALES-018,Paid Search,Won,42,"profile=Research, vehicle selected, down payment",Early research stage; provide options without pressuring for commitment.,2026-07-29T20:00:00+00:00
LEAD-001099,CUST-001099,VEH-009514,SALES-019,Walk-In,Contacted,90,"profile=Hot, 30-day, vehicle selected, down payment",Specific near-term purchase intent; ready for inventory shortlist.,2026-07-12T12:00:00+00:00
LEAD-001100,CUST-001100,VEH-000431,SALES-020,Walk-In,Appointment Set,62,"profile=Warm, vehicle selected, down payment",Preferences captured; comparing suitable vehicles and ownership costs.,2026-05-30T08:00:00+00:00
LEAD-001101,CUST-001101,VEH-002418,SALES-021,Vehicle Marketplace,Contacted,97,"profile=Hot, near-term, vehicle selected, down payment",Specific near-term purchase intent; ready for inventory shortlist.,2026-07-27T12:00:00+00:00
LEAD-001102,CUST-001102,VEH-000694,SALES-022,Inbound Call,New,42,"profile=Research, vehicle selected, down payment",Early research stage; provide options without pressuring for commitment.,2026-07-27T12:00:00+00:00
LEAD-001103,CUST-001103,VEH-002297,SALES-023,Referral,Appointment Set,70,"profile=Warm, 30-day, vehicle selected, down payment",Preferences captured; comparing suitable vehicles and ownership costs.,2026-06-13T00:00:00+00:00
LEAD-001104,CUST-001104,,SALES-024,Referral,Qualified,63,"profile=Warm, 30-day, down payment",Preferences captured; comparing suitable vehicles and ownership costs.,2026-04-29T20:00:00+00:00
LEAD-001105,CUST-001105,VEH-006977,SALES-001,Vehicle Marketplace,Qualified,70,"profile=Warm, 30-day, vehicle selected, down payment",Preferences captured; comparing suitable vehicles and ownership costs.,2026-08-09T09:00:00+00:00
LEAD-001106,CUST-001106,VEH-006706,SALES-002,Walk-In,Won,92,"profile=Hot, near-term, vehicle selected",Specific near-term purchase intent; ready for inventory shortlist.,2026-06-22T16:00:00+00:00
LEAD-001107,CUST-001107,VEH-006222,SALES-003,Referral,New,62,"profile=Warm, vehicle selected, down payment",Preferences captured; comparing suitable vehicles and ownership costs.,2026-07-02T16:00:00+00:00
LEAD-001108,CUST-001108,,SALES-004,Social Media,New,25,"profile=Edge Case, down payment",Requirements may conflict with budget or contact preferences; clarify before action.,2026-05-13T17:00:00+00:00
LEAD-001109,CUST-001109,VEH-000970,SALES-005,Website,New,70,"profile=Warm, 30-day, vehicle selected, down payment",Preferences captured; comparing suitable vehicles and ownership costs.,2026-05-08T16:00:00+00:00
LEAD-001110,CUST-001110,,SALES-006,Walk-In,Appointment Set,35,"profile=Research, down payment",Early research stage; provide options without pressuring for commitment.,2026-05-31T00:00:00+00:00
LEAD-001111,CUST-001111,VEH-009734,SALES-007,Walk-In,New,97,"profile=Hot, near-term, vehicle selected, down payment",Specific near-term purchase intent; ready for inventory shortlist.,2026-07-23T18:00:00+00:00
LEAD-001112,CUST-001112,VEH-009985,SALES-008,Social Media,New,85,"profile=Hot, 30-day, vehicle selected",Specific near-term purchase intent; ready for inventory shortlist.,2026-05-12T06:00:00+00:00
LEAD-001113,CUST-001113,VEH-002241,SALES-009,Website,Qualified,85,"profile=Hot, 30-day, vehicle selected",Specific near-term purchase intent; ready for inventory shortlist.,2026-08-02T15:00:00+00:00
LEAD-001114,CUST-001114,VEH-002789,SALES-010,Inbound Call,Won,42,"profile=Research, vehicle selected, down payment",Early research stage; provide options without pressuring for commitment.,2026-06-05T16:00:00+00:00
LEAD-001115,CUST-001115,VEH-001046,SALES-011,Referral,New,42,"profile=Research, vehicle selected, down payment",Early research stage; provide options without pressuring for commitment.,2026-07-28T19:00:00+00:00
LEAD-001116,CUST-001116,VEH-004563,SALES-012,Inbound Call,Won,57,"profile=Warm, vehicle selected",Preferences captured; comparing suitable vehicles and ownership costs.,2026-07-09T08:00:00+00:00
LEAD-001117,CUST-001117,VEH-001870,SALES-013,Website,Qualified,37,"profile=Research, vehicle selected",Early research stage; provide options without pressuring for commitment.,2026-06-19T16:00:00+00:00
LEAD-001118,CUST-001118,VEH-004833,SALES-014,Social Media,Won,37,"profile=Research, vehicle selected",Early research stage; provide options without pressuring for commitment.,2026-05-28T19:00:00+00:00
LEAD-001119,CUST-001119,VEH-004982,SALES-015,Inbound Call,Qualified,42,"profile=Research, vehicle selected, down payment",Early research stage; provide options without pressuring for commitment.,2026-08-24T18:00:00+00:00
LEAD-001120,CUST-001120,VEH-003093,SALES-016,Website,Lost,85,"profile=Hot, 30-day, vehicle selected",Specific near-term purchase intent; ready for inventory shortlist.,2026-07-01T08:00:00+00:00
LEAD-001121,CUST-001121,VEH-006601,SALES-017,Inbound Call,New,40,"profile=Edge Case, 30-day, vehicle selected, down payment",Requirements may conflict with budget or contact preferences; clarify before action.,2026-05-27T20:00:00+00:00
LEAD-001122,CUST-001122,VEH-007923,SALES-018,Website,New,42,"profile=Research, vehicle selected, down payment",Early research stage; provide options without pressuring for commitment.,2026-07-23T07:00:00+00:00
LEAD-001123,CUST-001123,VEH-002769,SALES-019,Website,Lost,92,"profile=Hot, near-term, vehicle selected",Specific near-term purchase intent; ready for inventory shortlist.,2026-06-22T03:00:00+00:00
LEAD-001124,CUST-001124,VEH-006315,SALES-020,Vehicle Marketplace,Contacted,65,"profile=Warm, 30-day, vehicle selected",Preferences captured; comparing suitable vehicles and ownership costs.,2026-07-09T19:00:00+00:00
LEAD-001125,CUST-001125,VEH-007165,SALES-021,Social Media,Contacted,70,"profile=Warm, 30-day, vehicle selected, down payment",Preferences captured; comparing suitable vehicles and ownership costs.,2026-06-03T21:00:00+00:00
LEAD-001126,CUST-001126,VEH-006090,SALES-022,Social Media,Qualified,92,"profile=Hot, near-term, vehicle selected",Specific near-term purchase intent; ready for inventory shortlist.,2026-07-07T04:00:00+00:00
LEAD-001127,CUST-001127,VEH-000979,SALES-023,Inbound Call,New,37,"profile=Research, vehicle selected",Early research stage; provide options without pressuring for commitment.,2026-06-03T06:00:00+00:00
LEAD-001128,CUST-001128,,SALES-024,Vehicle Marketplace,New,63,"profile=Warm, 30-day, down payment",Preferences captured; comparing suitable vehicles and ownership costs.,2026-08-18T09:00:00+00:00
LEAD-001129,CUST-001129,VEH-003445,SALES-001,Website,Won,97,"profile=Hot, near-term, vehicle selected, down payment",Specific near-term purchase intent; ready for inventory shortlist.,2026-07-06T07:00:00+00:00
LEAD-001130,CUST-001130,VEH-008409,SALES-002,Paid Search,Contacted,37,"profile=Research, vehicle selected",Early research stage; provide options without pressuring for commitment.,2026-07-07T02:00:00+00:00
LEAD-001131,CUST-001131,VEH-006522,SALES-003,Inbound Call,Appointment Set,42,"profile=Research, vehicle selected, down payment",Early research stage; provide options without pressuring for commitment.,2026-05-08T19:00:00+00:00
LEAD-001132,CUST-001132,VEH-001219,SALES-004,Paid Search,Appointment Set,65,"profile=Warm, 30-day, vehicle selected",Preferences captured; comparing suitable vehicles and ownership costs.,2026-07-25T20:00:00+00:00
LEAD-001133,CUST-001133,VEH-004608,SALES-005,Inbound Call,Won,37,"profile=Research, vehicle selected",Early research stage; provide options without pressuring for commitment.,2026-05-25T05:00:00+00:00
LEAD-001134,CUST-001134,VEH-003841,SALES-006,Website,New,65,"profile=Warm, 30-day, vehicle selected",Preferences captured; comparing suitable vehicles and ownership costs.,2026-07-01T01:00:00+00:00
LEAD-001135,CUST-001135,,SALES-007,Referral,Won,30,profile=Research,Early research stage; provide options without pressuring for commitment.,2026-04-28T04:00:00+00:00
LEAD-001136,CUST-001136,VEH-000470,SALES-008,Referral,Appointment Set,97,"profile=Hot, near-term, vehicle selected, down payment",Specific near-term purchase intent; ready for inventory shortlist.,2026-07-30T17:00:00+00:00
LEAD-001137,CUST-001137,VEH-008559,SALES-009,Social Media,Contacted,27,"profile=Edge Case, vehicle selected",Requirements may conflict with budget or contact preferences; clarify before action.,2026-07-25T08:00:00+00:00
LEAD-001138,CUST-001138,VEH-001423,SALES-010,Website,Lost,97,"profile=Hot, near-term, vehicle selected, down payment",Specific near-term purchase intent; ready for inventory shortlist.,2026-07-13T12:00:00+00:00
LEAD-001139,CUST-001139,VEH-007995,SALES-011,Website,Contacted,62,"profile=Warm, vehicle selected, down payment",Preferences captured; comparing suitable vehicles and ownership costs.,2026-05-03T21:00:00+00:00
LEAD-001140,CUST-001140,VEH-001254,SALES-012,Social Media,Lost,42,"profile=Research, vehicle selected, down payment",Early research stage; provide options without pressuring for commitment.,2026-06-25T07:00:00+00:00
LEAD-001141,CUST-001141,VEH-002227,SALES-013,Website,New,42,"profile=Research, vehicle selected, down payment",Early research stage; provide options without pressuring for commitment.,2026-08-20T08:00:00+00:00
LEAD-001142,CUST-001142,VEH-005762,SALES-014,Walk-In,Appointment Set,65,"profile=Warm, 30-day, vehicle selected",Preferences captured; comparing suitable vehicles and ownership costs.,2026-05-27T07:00:00+00:00
LEAD-001143,CUST-001143,VEH-001434,SALES-015,Website,Appointment Set,92,"profile=Hot, near-term, vehicle selected",Specific near-term purchase intent; ready for inventory shortlist.,2026-05-13T04:00:00+00:00
LEAD-001144,CUST-001144,VEH-007702,SALES-016,Vehicle Marketplace,Qualified,37,"profile=Research, vehicle selected",Early research stage; provide options without pressuring for commitment.,2026-08-16T12:00:00+00:00
LEAD-001145,CUST-001145,VEH-005105,SALES-017,Vehicle Marketplace,Won,42,"profile=Research, vehicle selected, down payment",Early research stage; provide options without pressuring for commitment.,2026-05-16T14:00:00+00:00
LEAD-001146,CUST-001146,VEH-001629,SALES-018,Website,New,65,"profile=Warm, 30-day, vehicle selected",Preferences captured; comparing suitable vehicles and ownership costs.,2026-08-14T20:00:00+00:00
LEAD-001147,CUST-001147,VEH-008950,SALES-019,Website,Lost,47,"profile=Edge Case, near-term, vehicle selected, down payment",Requirements may conflict with budget or contact preferences; clarify before action.,2026-08-20T05:00:00+00:00
LEAD-001148,CUST-001148,VEH-007197,SALES-020,Inbound Call,Qualified,47,"profile=Edge Case, near-term, vehicle selected, down payment",Requirements may conflict with budget or contact preferences; clarify before action.,2026-05-19T08:00:00+00:00
LEAD-001149,CUST-001149,VEH-009994,SALES-021,Website,Appointment Set,42,"profile=Research, vehicle selected, down payment",Early research stage; provide options without pressuring for commitment.,2026-06-10T11:00:00+00:00
LEAD-001150,CUST-001150,VEH-007895,SALES-022,Website,New,85,"profile=Hot, 30-day, vehicle selected",Specific near-term purchase intent; ready for inventory shortlist.,2026-07-21T09:00:00+00:00
LEAD-001151,CUST-001151,VEH-000944,SALES-023,Walk-In,Qualified,70,"profile=Warm, 30-day, vehicle selected, down payment",Preferences captured; comparing suitable vehicles and ownership costs.,2026-06-11T06:00:00+00:00
LEAD-001152,CUST-001152,,SALES-024,Paid Search,Qualified,63,"profile=Warm, 30-day, down payment",Preferences captured; comparing suitable vehicles and ownership costs.,2026-07-05T06:00:00+00:00
LEAD-001153,CUST-001153,VEH-007457,SALES-001,Referral,Qualified,42,"profile=Research, vehicle selected, down payment",Early research stage; provide options without pressuring for commitment.,2026-05-13T12:00:00+00:00
LEAD-001154,CUST-001154,,SALES-002,Inbound Call,Contacted,35,"profile=Research, down payment",Early research stage; provide options without pressuring for commitment.,2026-07-03T07:00:00+00:00
LEAD-001155,CUST-001155,VEH-006559,SALES-003,Paid Search,Lost,92,"profile=Hot, near-term, vehicle selected",Specific near-term purchase intent; ready for inventory shortlist.,2026-08-14T11:00:00+00:00
LEAD-001156,CUST-001156,VEH-007401,SALES-004,Inbound Call,Qualified,62,"profile=Warm, vehicle selected, down payment",Preferences captured; comparing suitable vehicles and ownership costs.,2026-06-10T07:00:00+00:00
LEAD-001157,CUST-001157,VEH-000503,SALES-005,Social Media,Contacted,37,"profile=Research, vehicle selected",Early research stage; provide options without pressuring for commitment.,2026-06-30T01:00:00+00:00
LEAD-001158,CUST-001158,VEH-004670,SALES-006,Referral,Contacted,70,"profile=Warm, 30-day, vehicle selected, down payment",Preferences captured; comparing suitable vehicles and ownership costs.,2026-05-23T09:00:00+00:00
LEAD-001159,CUST-001159,VEH-006138,SALES-007,Website,Contacted,37,"profile=Research, vehicle selected",Early research stage; provide options without pressuring for commitment.,2026-06-17T23:00:00+00:00
LEAD-001160,CUST-001160,VEH-001992,SALES-008,Referral,New,40,"profile=Edge Case, 30-day, vehicle selected, down payment",Requirements may conflict with budget or contact preferences; clarify before action.,2026-05-01T22:00:00+00:00
LEAD-001161,CUST-001161,VEH-009723,SALES-009,Social Media,Contacted,62,"profile=Warm, vehicle selected, down payment",Preferences captured; comparing suitable vehicles and ownership costs.,2026-07-15T18:00:00+00:00
LEAD-001162,CUST-001162,VEH-004656,SALES-010,Paid Search,Won,70,"profile=Warm, 30-day, vehicle selected, down payment",Preferences captured; comparing suitable vehicles and ownership costs.,2026-08-08T19:00:00+00:00
LEAD-001163,CUST-001163,,SALES-011,Social Media,Contacted,55,"profile=Warm, down payment",Preferences captured; comparing suitable vehicles and ownership costs.,2026-07-02T19:00:00+00:00
LEAD-001164,CUST-001164,,SALES-012,Walk-In,Appointment Set,63,"profile=Warm, 30-day, down payment",Preferences captured; comparing suitable vehicles and ownership costs.,2026-05-15T13:00:00+00:00
LEAD-001165,CUST-001165,VEH-009758,SALES-013,Referral,New,65,"profile=Warm, 30-day, vehicle selected",Preferences captured; comparing suitable vehicles and ownership costs.,2026-07-12T21:00:00+00:00
LEAD-001166,CUST-001166,VEH-009494,SALES-014,Vehicle Marketplace,New,65,"profile=Warm, 30-day, vehicle selected",Preferences captured; comparing suitable vehicles and ownership costs.,2026-05-21T19:00:00+00:00
LEAD-001167,CUST-001167,VEH-007148,SALES-015,Inbound Call,New,97,"profile=Hot, near-term, vehicle selected, down payment",Specific near-term purchase intent; ready for inventory shortlist.,2026-06-28T01:00:00+00:00
LEAD-001168,CUST-001168,VEH-006712,SALES-016,Website,Appointment Set,42,"profile=Research, vehicle selected, down payment",Early research stage; provide options without pressuring for commitment.,2026-05-19T19:00:00+00:00
LEAD-001169,CUST-001169,VEH-005918,SALES-017,Paid Search,Appointment Set,57,"profile=Warm, vehicle selected",Preferences captured; comparing suitable vehicles and ownership costs.,2026-05-28T02:00:00+00:00
LEAD-001170,CUST-001170,VEH-008061,SALES-018,Vehicle Marketplace,Contacted,62,"profile=Warm, vehicle selected, down payment",Preferences captured; comparing suitable vehicles and ownership costs.,2026-07-05T02:00:00+00:00
LEAD-001171,CUST-001171,VEH-007530,SALES-019,Inbound Call,Contacted,85,"profile=Hot, 30-day, vehicle selected",Specific near-term purchase intent; ready for inventory shortlist.,2026-05-29T20:00:00+00:00
LEAD-001172,CUST-001172,VEH-007297,SALES-020,Walk-In,Appointment Set,97,"profile=Hot, near-term, vehicle selected, down payment",Specific near-term purchase intent; ready for inventory shortlist.,2026-06-22T02:00:00+00:00
LEAD-001173,CUST-001173,VEH-004097,SALES-021,Paid Search,Lost,62,"profile=Warm, vehicle selected, down payment",Preferences captured; comparing suitable vehicles and ownership costs.,2026-08-23T22:00:00+00:00
LEAD-001174,CUST-001174,VEH-000597,SALES-022,Walk-In,Won,70,"profile=Warm, 30-day, vehicle selected, down payment",Preferences captured; comparing suitable vehicles and ownership costs.,2026-06-17T05:00:00+00:00
LEAD-001175,CUST-001175,VEH-004277,SALES-023,Vehicle Marketplace,Qualified,42,"profile=Research, vehicle selected, down payment",Early research stage; provide options without pressuring for commitment.,2026-07-14T04:00:00+00:00
LEAD-001176,CUST-001176,VEH-001167,SALES-024,Website,Lost,37,"profile=Research, vehicle selected",Early research stage; provide options without pressuring for commitment.,2026-07-07T05:00:00+00:00
LEAD-001177,CUST-001177,VEH-004620,SALES-001,Inbound Call,Qualified,70,"profile=Warm, 30-day, vehicle selected, down payment",Preferences captured; comparing suitable vehicles and ownership costs.,2026-08-08T01:00:00+00:00
LEAD-001178,CUST-001178,VEH-005741,SALES-002,Website,Appointment Set,90,"profile=Hot, 30-day, vehicle selected, down payment",Specific near-term purchase intent; ready for inventory shortlist.,2026-05-02T10:00:00+00:00
LEAD-001179,CUST-001179,VEH-005430,SALES-003,Website,Appointment Set,97,"profile=Hot, near-term, vehicle selected, down payment",Specific near-term purchase intent; ready for inventory shortlist.,2026-05-14T09:00:00+00:00
LEAD-001180,CUST-001180,VEH-000383,SALES-004,Paid Search,Lost,42,"profile=Research, vehicle selected, down payment",Early research stage; provide options without pressuring for commitment.,2026-06-21T15:00:00+00:00
LEAD-001181,CUST-001181,,SALES-005,Inbound Call,Contacted,85,"profile=Hot, near-term",Specific near-term purchase intent; ready for inventory shortlist.,2026-05-10T06:00:00+00:00
LEAD-001182,CUST-001182,,SALES-006,Social Media,Appointment Set,63,"profile=Warm, 30-day, down payment",Preferences captured; comparing suitable vehicles and ownership costs.,2026-05-05T06:00:00+00:00
LEAD-001183,CUST-001183,VEH-005272,SALES-007,Paid Search,Appointment Set,70,"profile=Warm, 30-day, vehicle selected, down payment",Preferences captured; comparing suitable vehicles and ownership costs.,2026-07-25T22:00:00+00:00
LEAD-001184,CUST-001184,VEH-002604,SALES-008,Inbound Call,Appointment Set,32,"profile=Edge Case, vehicle selected, down payment",Requirements may conflict with budget or contact preferences; clarify before action.,2026-06-15T06:00:00+00:00
LEAD-001185,CUST-001185,VEH-007626,SALES-009,Website,Appointment Set,42,"profile=Research, vehicle selected, down payment",Early research stage; provide options without pressuring for commitment.,2026-04-28T14:00:00+00:00
LEAD-001186,CUST-001186,VEH-005996,SALES-010,Vehicle Marketplace,New,62,"profile=Warm, vehicle selected, down payment",Preferences captured; comparing suitable vehicles and ownership costs.,2026-05-22T15:00:00+00:00
LEAD-001187,CUST-001187,VEH-002213,SALES-011,Referral,Lost,97,"profile=Hot, near-term, vehicle selected, down payment",Specific near-term purchase intent; ready for inventory shortlist.,2026-07-21T11:00:00+00:00
LEAD-001188,CUST-001188,VEH-005235,SALES-012,Website,Won,57,"profile=Warm, vehicle selected",Preferences captured; comparing suitable vehicles and ownership costs.,2026-06-05T15:00:00+00:00
LEAD-001189,CUST-001189,VEH-003942,SALES-013,Inbound Call,Qualified,90,"profile=Hot, 30-day, vehicle selected, down payment",Specific near-term purchase intent; ready for inventory shortlist.,2026-07-03T00:00:00+00:00
LEAD-001190,CUST-001190,VEH-005588,SALES-014,Vehicle Marketplace,Won,42,"profile=Research, vehicle selected, down payment",Early research stage; provide options without pressuring for commitment.,2026-08-22T15:00:00+00:00
LEAD-001191,CUST-001191,VEH-003191,SALES-015,Vehicle Marketplace,New,90,"profile=Hot, 30-day, vehicle selected, down payment",Specific near-term purchase intent; ready for inventory shortlist.,2026-06-20T13:00:00+00:00
LEAD-001192,CUST-001192,VEH-001016,SALES-016,Walk-In,Contacted,37,"profile=Research, vehicle selected",Early research stage; provide options without pressuring for commitment.,2026-05-16T19:00:00+00:00
LEAD-001193,CUST-001193,VEH-008856,SALES-017,Walk-In,New,70,"profile=Warm, 30-day, vehicle selected, down payment",Preferences captured; comparing suitable vehicles and ownership costs.,2026-08-18T00:00:00+00:00
LEAD-001194,CUST-001194,VEH-009265,SALES-018,Inbound Call,Contacted,57,"profile=Warm, vehicle selected",Preferences captured; comparing suitable vehicles and ownership costs.,2026-05-12T03:00:00+00:00
LEAD-001195,CUST-001195,VEH-009627,SALES-019,Walk-In,New,37,"profile=Research, vehicle selected",Early research stage; provide options without pressuring for commitment.,2026-08-24T18:00:00+00:00
LEAD-001196,CUST-001196,VEH-000594,SALES-020,Walk-In,Won,40,"profile=Edge Case, 30-day, vehicle selected, down payment",Requirements may conflict with budget or contact preferences; clarify before action.,2026-05-02T02:00:00+00:00
LEAD-001197,CUST-001197,VEH-005539,SALES-021,Website,Qualified,37,"profile=Research, vehicle selected",Early research stage; provide options without pressuring for commitment.,2026-07-12T01:00:00+00:00
LEAD-001198,CUST-001198,,SALES-022,Inbound Call,New,50,profile=Warm,Preferences captured; comparing suitable vehicles and ownership costs.,2026-05-21T14:00:00+00:00
LEAD-001199,CUST-001199,VEH-009640,SALES-023,Social Media,Contacted,70,"profile=Warm, 30-day, vehicle selected, down payment",Preferences captured; comparing suitable vehicles and ownership costs.,2026-07-25T14:00:00+00:00
LEAD-001200,CUST-001200,VEH-000219,SALES-024,Inbound Call,Won,42,"profile=Research, vehicle selected, down payment",Early research stage; provide options without pressuring for commitment.,2026-07-04T20:00:00+00:00
LEAD-001201,CUST-001201,VEH-003403,SALES-001,Inbound Call,Contacted,32,"profile=Edge Case, vehicle selected, down payment",Requirements may conflict with budget or contact preferences; clarify before action.,2026-08-07T20:00:00+00:00
LEAD-001202,CUST-001202,VEH-003185,SALES-002,Walk-In,Appointment Set,62,"profile=Warm, vehicle selected, down payment",Preferences captured; comparing suitable vehicles and ownership costs.,2026-07-06T00:00:00+00:00
LEAD-001203,CUST-001203,VEH-002958,SALES-003,Website,Won,42,"profile=Research, vehicle selected, down payment",Early research stage; provide options without pressuring for commitment.,2026-04-30T23:00:00+00:00
LEAD-001204,CUST-001204,VEH-004597,SALES-004,Social Media,Qualified,62,"profile=Warm, vehicle selected, down payment",Preferences captured; comparing suitable vehicles and ownership costs.,2026-07-16T23:00:00+00:00
LEAD-001205,CUST-001205,,SALES-005,Vehicle Marketplace,Lost,35,"profile=Research, down payment",Early research stage; provide options without pressuring for commitment.,2026-04-28T03:00:00+00:00
LEAD-001206,CUST-001206,VEH-009931,SALES-006,Vehicle Marketplace,New,37,"profile=Research, vehicle selected",Early research stage; provide options without pressuring for commitment.,2026-08-12T00:00:00+00:00
LEAD-001207,CUST-001207,VEH-003549,SALES-007,Website,Qualified,70,"profile=Warm, 30-day, vehicle selected, down payment",Preferences captured; comparing suitable vehicles and ownership costs.,2026-06-23T23:00:00+00:00
LEAD-001208,CUST-001208,,SALES-008,Inbound Call,Won,35,"profile=Research, down payment",Early research stage; provide options without pressuring for commitment.,2026-07-07T05:00:00+00:00
LEAD-001209,CUST-001209,VEH-009818,SALES-009,Website,Qualified,70,"profile=Warm, 30-day, vehicle selected, down payment",Preferences captured; comparing suitable vehicles and ownership costs.,2026-05-09T02:00:00+00:00
LEAD-001210,CUST-001210,VEH-009800,SALES-010,Website,Won,42,"profile=Research, vehicle selected, down payment",Early research stage; provide options without pressuring for commitment.,2026-07-16T10:00:00+00:00
LEAD-001211,CUST-001211,VEH-008973,SALES-011,Referral,New,62,"profile=Warm, vehicle selected, down payment",Preferences captured; comparing suitable vehicles and ownership costs.,2026-06-17T17:00:00+00:00
LEAD-001212,CUST-001212,VEH-008347,SALES-012,Walk-In,Won,42,"profile=Research, vehicle selected, down payment",Early research stage; provide options without pressuring for commitment.,2026-05-11T08:00:00+00:00
LEAD-001213,CUST-001213,VEH-000788,SALES-013,Website,Qualified,97,"profile=Hot, near-term, vehicle selected, down payment",Specific near-term purchase intent; ready for inventory shortlist.,2026-07-10T15:00:00+00:00
LEAD-001214,CUST-001214,VEH-007254,SALES-014,Inbound Call,Contacted,57,"profile=Warm, vehicle selected",Preferences captured; comparing suitable vehicles and ownership costs.,2026-05-21T16:00:00+00:00
LEAD-001215,CUST-001215,VEH-004466,SALES-015,Website,Qualified,37,"profile=Research, vehicle selected",Early research stage; provide options without pressuring for commitment.,2026-06-12T10:00:00+00:00
LEAD-001216,CUST-001216,VEH-000242,SALES-016,Referral,Contacted,65,"profile=Warm, 30-day, vehicle selected",Preferences captured; comparing suitable vehicles and ownership costs.,2026-07-19T05:00:00+00:00
LEAD-001217,CUST-001217,VEH-004793,SALES-017,Paid Search,Qualified,37,"profile=Research, vehicle selected",Early research stage; provide options without pressuring for commitment.,2026-07-17T12:00:00+00:00
LEAD-001218,CUST-001218,VEH-004500,SALES-018,Website,Contacted,62,"profile=Warm, vehicle selected, down payment",Preferences captured; comparing suitable vehicles and ownership costs.,2026-06-04T23:00:00+00:00
LEAD-001219,CUST-001219,VEH-007329,SALES-019,Social Media,Contacted,42,"profile=Research, vehicle selected, down payment",Early research stage; provide options without pressuring for commitment.,2026-07-16T11:00:00+00:00
LEAD-001220,CUST-001220,,SALES-020,Social Media,Lost,63,"profile=Warm, 30-day, down payment",Preferences captured; comparing suitable vehicles and ownership costs.,2026-05-06T13:00:00+00:00
LEAD-001221,CUST-001221,VEH-002937,SALES-021,Paid Search,Lost,97,"profile=Hot, near-term, vehicle selected, down payment",Specific near-term purchase intent; ready for inventory shortlist.,2026-05-29T18:00:00+00:00
LEAD-001222,CUST-001222,VEH-008526,SALES-022,Website,New,70,"profile=Warm, 30-day, vehicle selected, down payment",Preferences captured; comparing suitable vehicles and ownership costs.,2026-08-24T04:00:00+00:00
LEAD-001223,CUST-001223,VEH-005793,SALES-023,Inbound Call,Contacted,90,"profile=Hot, 30-day, vehicle selected, down payment",Specific near-term purchase intent; ready for inventory shortlist.,2026-06-19T22:00:00+00:00
LEAD-001224,CUST-001224,VEH-008416,SALES-024,Website,Qualified,37,"profile=Research, vehicle selected",Early research stage; provide options without pressuring for commitment.,2026-08-24T19:00:00+00:00
LEAD-001225,CUST-001225,VEH-006020,SALES-001,Social Media,Contacted,62,"profile=Warm, vehicle selected, down payment",Preferences captured; comparing suitable vehicles and ownership costs.,2026-06-07T18:00:00+00:00
LEAD-001226,CUST-001226,VEH-004622,SALES-002,Walk-In,Appointment Set,90,"profile=Hot, 30-day, vehicle selected, down payment",Specific near-term purchase intent; ready for inventory shortlist.,2026-06-15T14:00:00+00:00
LEAD-001227,CUST-001227,VEH-005607,SALES-003,Walk-In,Appointment Set,85,"profile=Hot, 30-day, vehicle selected",Specific near-term purchase intent; ready for inventory shortlist.,2026-08-02T03:00:00+00:00
LEAD-001228,CUST-001228,VEH-008676,SALES-004,Walk-In,Contacted,37,"profile=Research, vehicle selected",Early research stage; provide options without pressuring for commitment.,2026-05-29T20:00:00+00:00
LEAD-001229,CUST-001229,,SALES-005,Referral,Contacted,85,"profile=Hot, near-term",Specific near-term purchase intent; ready for inventory shortlist.,2026-05-11T12:00:00+00:00
LEAD-001230,CUST-001230,,SALES-006,Social Media,New,30,profile=Research,Early research stage; provide options without pressuring for commitment.,2026-08-05T00:00:00+00:00
LEAD-001231,CUST-001231,VEH-001847,SALES-007,Website,Qualified,57,"profile=Warm, vehicle selected",Preferences captured; comparing suitable vehicles and ownership costs.,2026-08-01T03:00:00+00:00
LEAD-001232,CUST-001232,VEH-005387,SALES-008,Referral,Contacted,42,"profile=Research, vehicle selected, down payment",Early research stage; provide options without pressuring for commitment.,2026-07-24T21:00:00+00:00
LEAD-001233,CUST-001233,VEH-002085,SALES-009,Inbound Call,New,42,"profile=Research, vehicle selected, down payment",Early research stage; provide options without pressuring for commitment.,2026-06-04T00:00:00+00:00
LEAD-001234,CUST-001234,VEH-002175,SALES-010,Vehicle Marketplace,Lost,70,"profile=Warm, 30-day, vehicle selected, down payment",Preferences captured; comparing suitable vehicles and ownership costs.,2026-06-06T12:00:00+00:00
LEAD-001235,CUST-001235,,SALES-011,Inbound Call,Lost,83,"profile=Hot, 30-day, down payment",Specific near-term purchase intent; ready for inventory shortlist.,2026-06-14T00:00:00+00:00
LEAD-001236,CUST-001236,VEH-001991,SALES-012,Walk-In,Qualified,90,"profile=Hot, 30-day, vehicle selected, down payment",Specific near-term purchase intent; ready for inventory shortlist.,2026-06-23T20:00:00+00:00
LEAD-001237,CUST-001237,,SALES-013,Website,New,63,"profile=Warm, 30-day, down payment",Preferences captured; comparing suitable vehicles and ownership costs.,2026-05-01T00:00:00+00:00
LEAD-001238,CUST-001238,VEH-002244,SALES-014,Vehicle Marketplace,New,62,"profile=Warm, vehicle selected, down payment",Preferences captured; comparing suitable vehicles and ownership costs.,2026-06-02T08:00:00+00:00
LEAD-001239,CUST-001239,VEH-007133,SALES-015,Website,Qualified,65,"profile=Warm, 30-day, vehicle selected",Preferences captured; comparing suitable vehicles and ownership costs.,2026-07-21T00:00:00+00:00
LEAD-001240,CUST-001240,VEH-007499,SALES-016,Vehicle Marketplace,New,42,"profile=Research, vehicle selected, down payment",Early research stage; provide options without pressuring for commitment.,2026-06-18T22:00:00+00:00
LEAD-001241,CUST-001241,VEH-001400,SALES-017,Social Media,Contacted,40,"profile=Edge Case, 30-day, vehicle selected, down payment",Requirements may conflict with budget or contact preferences; clarify before action.,2026-05-31T05:00:00+00:00
LEAD-001242,CUST-001242,VEH-005590,SALES-018,Website,New,42,"profile=Research, vehicle selected, down payment",Early research stage; provide options without pressuring for commitment.,2026-05-16T03:00:00+00:00
LEAD-001243,CUST-001243,VEH-003990,SALES-019,Walk-In,Qualified,97,"profile=Hot, near-term, vehicle selected, down payment",Specific near-term purchase intent; ready for inventory shortlist.,2026-08-06T00:00:00+00:00
LEAD-001244,CUST-001244,VEH-003832,SALES-020,Referral,New,57,"profile=Warm, vehicle selected",Preferences captured; comparing suitable vehicles and ownership costs.,2026-08-06T18:00:00+00:00
LEAD-001245,CUST-001245,VEH-008549,SALES-021,Paid Search,Contacted,97,"profile=Hot, near-term, vehicle selected, down payment",Specific near-term purchase intent; ready for inventory shortlist.,2026-08-13T07:00:00+00:00
LEAD-001246,CUST-001246,VEH-001664,SALES-022,Vehicle Marketplace,Won,90,"profile=Hot, 30-day, vehicle selected, down payment",Specific near-term purchase intent; ready for inventory shortlist.,2026-05-29T00:00:00+00:00
LEAD-001247,CUST-001247,VEH-006040,SALES-023,Social Media,Contacted,40,"profile=Edge Case, 30-day, vehicle selected, down payment",Requirements may conflict with budget or contact preferences; clarify before action.,2026-04-28T13:00:00+00:00
LEAD-001248,CUST-001248,VEH-001948,SALES-024,Vehicle Marketplace,Contacted,32,"profile=Edge Case, vehicle selected, down payment",Requirements may conflict with budget or contact preferences; clarify before action.,2026-07-04T03:00:00+00:00
LEAD-001249,CUST-001249,VEH-004422,SALES-001,Inbound Call,Qualified,42,"profile=Research, vehicle selected, down payment",Early research stage; provide options without pressuring for commitment.,2026-05-26T11:00:00+00:00
LEAD-001250,CUST-001250,VEH-009047,SALES-002,Social Media,Qualified,37,"profile=Research, vehicle selected",Early research stage; provide options without pressuring for commitment.,2026-06-03T15:00:00+00:00
LEAD-001251,CUST-001251,VEH-003372,SALES-003,Vehicle Marketplace,Contacted,62,"profile=Warm, vehicle selected, down payment",Preferences captured; comparing suitable vehicles and ownership costs.,2026-07-04T11:00:00+00:00
LEAD-001252,CUST-001252,VEH-006035,SALES-004,Website,New,90,"profile=Hot, 30-day, vehicle selected, down payment",Specific near-term purchase intent; ready for inventory shortlist.,2026-07-07T22:00:00+00:00
LEAD-001253,CUST-001253,VEH-007585,SALES-005,Social Media,Contacted,42,"profile=Research, vehicle selected, down payment",Early research stage; provide options without pressuring for commitment.,2026-05-11T17:00:00+00:00
LEAD-001254,CUST-001254,,SALES-006,Referral,Qualified,35,"profile=Research, down payment",Early research stage; provide options without pressuring for commitment.,2026-05-05T18:00:00+00:00
LEAD-001255,CUST-001255,VEH-005405,SALES-007,Website,Contacted,27,"profile=Edge Case, vehicle selected",Requirements may conflict with budget or contact preferences; clarify before action.,2026-07-26T20:00:00+00:00
LEAD-001256,CUST-001256,VEH-004693,SALES-008,Inbound Call,Qualified,57,"profile=Warm, vehicle selected",Preferences captured; comparing suitable vehicles and ownership costs.,2026-07-18T17:00:00+00:00
LEAD-001257,CUST-001257,,SALES-009,Website,New,63,"profile=Warm, 30-day, down payment",Preferences captured; comparing suitable vehicles and ownership costs.,2026-08-03T18:00:00+00:00
LEAD-001258,CUST-001258,VEH-007321,SALES-010,Paid Search,New,57,"profile=Warm, vehicle selected",Preferences captured; comparing suitable vehicles and ownership costs.,2026-05-29T02:00:00+00:00
LEAD-001259,CUST-001259,VEH-005212,SALES-011,Social Media,New,57,"profile=Warm, vehicle selected",Preferences captured; comparing suitable vehicles and ownership costs.,2026-07-09T13:00:00+00:00
LEAD-001260,CUST-001260,VEH-002474,SALES-012,Vehicle Marketplace,Contacted,65,"profile=Warm, 30-day, vehicle selected",Preferences captured; comparing suitable vehicles and ownership costs.,2026-06-06T03:00:00+00:00
LEAD-001261,CUST-001261,VEH-009209,SALES-013,Paid Search,Qualified,37,"profile=Research, vehicle selected",Early research stage; provide options without pressuring for commitment.,2026-06-26T11:00:00+00:00
LEAD-001262,CUST-001262,VEH-007308,SALES-014,Inbound Call,Lost,70,"profile=Warm, 30-day, vehicle selected, down payment",Preferences captured; comparing suitable vehicles and ownership costs.,2026-07-30T07:00:00+00:00
LEAD-001263,CUST-001263,,SALES-015,Walk-In,Appointment Set,55,"profile=Warm, down payment",Preferences captured; comparing suitable vehicles and ownership costs.,2026-06-07T21:00:00+00:00
LEAD-001264,CUST-001264,,SALES-016,Social Media,Appointment Set,35,"profile=Research, down payment",Early research stage; provide options without pressuring for commitment.,2026-07-03T14:00:00+00:00
LEAD-001265,CUST-001265,VEH-000317,SALES-017,Vehicle Marketplace,Qualified,47,"profile=Edge Case, near-term, vehicle selected, down payment",Requirements may conflict with budget or contact preferences; clarify before action.,2026-05-01T23:00:00+00:00
LEAD-001266,CUST-001266,VEH-004290,SALES-018,Inbound Call,Appointment Set,70,"profile=Warm, 30-day, vehicle selected, down payment",Preferences captured; comparing suitable vehicles and ownership costs.,2026-05-21T00:00:00+00:00
LEAD-001267,CUST-001267,VEH-009696,SALES-019,Paid Search,Lost,70,"profile=Warm, 30-day, vehicle selected, down payment",Preferences captured; comparing suitable vehicles and ownership costs.,2026-07-31T14:00:00+00:00
LEAD-001268,CUST-001268,VEH-002894,SALES-020,Inbound Call,New,42,"profile=Research, vehicle selected, down payment",Early research stage; provide options without pressuring for commitment.,2026-06-21T04:00:00+00:00
LEAD-001269,CUST-001269,VEH-003042,SALES-021,Walk-In,Qualified,90,"profile=Hot, 30-day, vehicle selected, down payment",Specific near-term purchase intent; ready for inventory shortlist.,2026-08-10T03:00:00+00:00
LEAD-001270,CUST-001270,VEH-004752,SALES-022,Vehicle Marketplace,Appointment Set,65,"profile=Warm, 30-day, vehicle selected",Preferences captured; comparing suitable vehicles and ownership costs.,2026-06-26T16:00:00+00:00
LEAD-001271,CUST-001271,,SALES-023,Website,Contacted,58,"profile=Warm, 30-day",Preferences captured; comparing suitable vehicles and ownership costs.,2026-07-27T16:00:00+00:00
LEAD-001272,CUST-001272,VEH-002841,SALES-024,Website,Appointment Set,42,"profile=Research, vehicle selected, down payment",Early research stage; provide options without pressuring for commitment.,2026-07-12T03:00:00+00:00
LEAD-001273,CUST-001273,,SALES-001,Paid Search,Qualified,63,"profile=Warm, 30-day, down payment",Preferences captured; comparing suitable vehicles and ownership costs.,2026-08-02T12:00:00+00:00
LEAD-001274,CUST-001274,VEH-008512,SALES-002,Paid Search,Lost,97,"profile=Hot, near-term, vehicle selected, down payment",Specific near-term purchase intent; ready for inventory shortlist.,2026-07-18T20:00:00+00:00
LEAD-001275,CUST-001275,VEH-009716,SALES-003,Referral,Contacted,62,"profile=Warm, vehicle selected, down payment",Preferences captured; comparing suitable vehicles and ownership costs.,2026-05-11T09:00:00+00:00
LEAD-001276,CUST-001276,VEH-008932,SALES-004,Vehicle Marketplace,Appointment Set,37,"profile=Research, vehicle selected",Early research stage; provide options without pressuring for commitment.,2026-07-15T23:00:00+00:00
LEAD-001277,CUST-001277,VEH-006674,SALES-005,Referral,New,62,"profile=Warm, vehicle selected, down payment",Preferences captured; comparing suitable vehicles and ownership costs.,2026-07-30T05:00:00+00:00
LEAD-001278,CUST-001278,VEH-004495,SALES-006,Referral,Contacted,70,"profile=Warm, 30-day, vehicle selected, down payment",Preferences captured; comparing suitable vehicles and ownership costs.,2026-08-23T12:00:00+00:00
LEAD-001279,CUST-001279,VEH-006493,SALES-007,Social Media,New,42,"profile=Research, vehicle selected, down payment",Early research stage; provide options without pressuring for commitment.,2026-07-06T23:00:00+00:00
LEAD-001280,CUST-001280,,SALES-008,Website,Appointment Set,30,profile=Research,Early research stage; provide options without pressuring for commitment.,2026-05-29T17:00:00+00:00
LEAD-001281,CUST-001281,,SALES-009,Paid Search,Contacted,63,"profile=Warm, 30-day, down payment",Preferences captured; comparing suitable vehicles and ownership costs.,2026-05-20T20:00:00+00:00
LEAD-001282,CUST-001282,VEH-005031,SALES-010,Paid Search,Appointment Set,37,"profile=Research, vehicle selected",Early research stage; provide options without pressuring for commitment.,2026-06-27T20:00:00+00:00
LEAD-001283,CUST-001283,,SALES-011,Paid Search,Contacted,55,"profile=Warm, down payment",Preferences captured; comparing suitable vehicles and ownership costs.,2026-06-24T09:00:00+00:00
LEAD-001284,CUST-001284,VEH-001050,SALES-012,Inbound Call,Contacted,42,"profile=Research, vehicle selected, down payment",Early research stage; provide options without pressuring for commitment.,2026-05-15T14:00:00+00:00
LEAD-001285,CUST-001285,VEH-003363,SALES-013,Website,Qualified,62,"profile=Warm, vehicle selected, down payment",Preferences captured; comparing suitable vehicles and ownership costs.,2026-07-27T01:00:00+00:00
LEAD-001286,CUST-001286,VEH-007668,SALES-014,Walk-In,Qualified,90,"profile=Hot, 30-day, vehicle selected, down payment",Specific near-term purchase intent; ready for inventory shortlist.,2026-05-04T06:00:00+00:00
LEAD-001287,CUST-001287,VEH-001481,SALES-015,Website,Contacted,42,"profile=Research, vehicle selected, down payment",Early research stage; provide options without pressuring for commitment.,2026-06-02T17:00:00+00:00
LEAD-001288,CUST-001288,VEH-002201,SALES-016,Website,Lost,37,"profile=Research, vehicle selected",Early research stage; provide options without pressuring for commitment.,2026-05-02T03:00:00+00:00
LEAD-001289,CUST-001289,VEH-000875,SALES-017,Website,Contacted,65,"profile=Warm, 30-day, vehicle selected",Preferences captured; comparing suitable vehicles and ownership costs.,2026-07-01T03:00:00+00:00
LEAD-001290,CUST-001290,VEH-004768,SALES-018,Vehicle Marketplace,Qualified,27,"profile=Edge Case, vehicle selected",Requirements may conflict with budget or contact preferences; clarify before action.,2026-08-17T00:00:00+00:00
LEAD-001291,CUST-001291,VEH-001907,SALES-019,Vehicle Marketplace,New,62,"profile=Warm, vehicle selected, down payment",Preferences captured; comparing suitable vehicles and ownership costs.,2026-05-28T03:00:00+00:00
LEAD-001292,CUST-001292,VEH-009503,SALES-020,Inbound Call,New,62,"profile=Warm, vehicle selected, down payment",Preferences captured; comparing suitable vehicles and ownership costs.,2026-05-10T19:00:00+00:00
LEAD-001293,CUST-001293,VEH-008648,SALES-021,Inbound Call,Lost,90,"profile=Hot, 30-day, vehicle selected, down payment",Specific near-term purchase intent; ready for inventory shortlist.,2026-06-12T07:00:00+00:00
LEAD-001294,CUST-001294,VEH-003695,SALES-022,Paid Search,Appointment Set,70,"profile=Warm, 30-day, vehicle selected, down payment",Preferences captured; comparing suitable vehicles and ownership costs.,2026-05-27T17:00:00+00:00
LEAD-001295,CUST-001295,VEH-006605,SALES-023,Paid Search,Lost,62,"profile=Warm, vehicle selected, down payment",Preferences captured; comparing suitable vehicles and ownership costs.,2026-06-21T08:00:00+00:00
LEAD-001296,CUST-001296,VEH-006454,SALES-024,Social Media,Qualified,62,"profile=Warm, vehicle selected, down payment",Preferences captured; comparing suitable vehicles and ownership costs.,2026-08-05T19:00:00+00:00
LEAD-001297,CUST-001297,VEH-004662,SALES-001,Inbound Call,Qualified,70,"profile=Warm, 30-day, vehicle selected, down payment",Preferences captured; comparing suitable vehicles and ownership costs.,2026-08-21T18:00:00+00:00
LEAD-001298,CUST-001298,VEH-009032,SALES-002,Website,Won,70,"profile=Warm, 30-day, vehicle selected, down payment",Preferences captured; comparing suitable vehicles and ownership costs.,2026-05-23T09:00:00+00:00
LEAD-001299,CUST-001299,,SALES-003,Walk-In,Appointment Set,78,"profile=Hot, 30-day",Specific near-term purchase intent; ready for inventory shortlist.,2026-07-08T16:00:00+00:00
LEAD-001300,CUST-001300,VEH-001576,SALES-004,Inbound Call,Contacted,70,"profile=Warm, 30-day, vehicle selected, down payment",Preferences captured; comparing suitable vehicles and ownership costs.,2026-06-30T19:00:00+00:00
LEAD-001301,CUST-001301,VEH-004337,SALES-005,Paid Search,Appointment Set,70,"profile=Warm, 30-day, vehicle selected, down payment",Preferences captured; comparing suitable vehicles and ownership costs.,2026-06-02T17:00:00+00:00
LEAD-001302,CUST-001302,VEH-007337,SALES-006,Website,New,37,"profile=Research, vehicle selected",Early research stage; provide options without pressuring for commitment.,2026-06-15T00:00:00+00:00
LEAD-001303,CUST-001303,VEH-009374,SALES-007,Social Media,New,37,"profile=Research, vehicle selected",Early research stage; provide options without pressuring for commitment.,2026-05-15T11:00:00+00:00
LEAD-001304,CUST-001304,VEH-006294,SALES-008,Website,Contacted,90,"profile=Hot, 30-day, vehicle selected, down payment",Specific near-term purchase intent; ready for inventory shortlist.,2026-06-25T12:00:00+00:00
LEAD-001305,CUST-001305,VEH-003687,SALES-009,Walk-In,Qualified,97,"profile=Hot, near-term, vehicle selected, down payment",Specific near-term purchase intent; ready for inventory shortlist.,2026-07-21T01:00:00+00:00
LEAD-001306,CUST-001306,VEH-008706,SALES-010,Paid Search,New,57,"profile=Warm, vehicle selected",Preferences captured; comparing suitable vehicles and ownership costs.,2026-05-22T19:00:00+00:00
LEAD-001307,CUST-001307,VEH-005303,SALES-011,Website,Contacted,42,"profile=Research, vehicle selected, down payment",Early research stage; provide options without pressuring for commitment.,2026-06-27T12:00:00+00:00
LEAD-001308,CUST-001308,VEH-001421,SALES-012,Paid Search,Contacted,37,"profile=Research, vehicle selected",Early research stage; provide options without pressuring for commitment.,2026-08-14T16:00:00+00:00
LEAD-001309,CUST-001309,VEH-005281,SALES-013,Website,Contacted,32,"profile=Edge Case, vehicle selected, down payment",Requirements may conflict with budget or contact preferences; clarify before action.,2026-08-18T00:00:00+00:00
LEAD-001310,CUST-001310,VEH-005566,SALES-014,Website,Contacted,57,"profile=Warm, vehicle selected",Preferences captured; comparing suitable vehicles and ownership costs.,2026-06-08T15:00:00+00:00
LEAD-001311,CUST-001311,VEH-006762,SALES-015,Referral,Appointment Set,42,"profile=Research, vehicle selected, down payment",Early research stage; provide options without pressuring for commitment.,2026-08-15T07:00:00+00:00
LEAD-001312,CUST-001312,,SALES-016,Paid Search,New,63,"profile=Warm, 30-day, down payment",Preferences captured; comparing suitable vehicles and ownership costs.,2026-05-20T02:00:00+00:00
LEAD-001313,CUST-001313,VEH-005354,SALES-017,Website,Contacted,62,"profile=Warm, vehicle selected, down payment",Preferences captured; comparing suitable vehicles and ownership costs.,2026-08-09T03:00:00+00:00
LEAD-001314,CUST-001314,VEH-006722,SALES-018,Paid Search,Qualified,90,"profile=Hot, 30-day, vehicle selected, down payment",Specific near-term purchase intent; ready for inventory shortlist.,2026-06-11T19:00:00+00:00
LEAD-001315,CUST-001315,,SALES-019,Website,Appointment Set,30,profile=Research,Early research stage; provide options without pressuring for commitment.,2026-07-26T12:00:00+00:00
LEAD-001316,CUST-001316,,SALES-020,Vehicle Marketplace,Contacted,90,"profile=Hot, near-term, down payment",Specific near-term purchase intent; ready for inventory shortlist.,2026-08-20T19:00:00+00:00
LEAD-001317,CUST-001317,VEH-002129,SALES-021,Website,New,40,"profile=Edge Case, 30-day, vehicle selected, down payment",Requirements may conflict with budget or contact preferences; clarify before action.,2026-05-22T17:00:00+00:00
LEAD-001318,CUST-001318,VEH-001224,SALES-022,Referral,New,90,"profile=Hot, 30-day, vehicle selected, down payment",Specific near-term purchase intent; ready for inventory shortlist.,2026-05-12T15:00:00+00:00
LEAD-001319,CUST-001319,VEH-009588,SALES-023,Website,Contacted,90,"profile=Hot, 30-day, vehicle selected, down payment",Specific near-term purchase intent; ready for inventory shortlist.,2026-06-05T02:00:00+00:00
LEAD-001320,CUST-001320,VEH-009317,SALES-024,Website,Appointment Set,97,"profile=Hot, near-term, vehicle selected, down payment",Specific near-term purchase intent; ready for inventory shortlist.,2026-05-02T13:00:00+00:00
LEAD-001321,CUST-001321,VEH-008105,SALES-001,Walk-In,New,42,"profile=Research, vehicle selected, down payment",Early research stage; provide options without pressuring for commitment.,2026-06-28T19:00:00+00:00
LEAD-001322,CUST-001322,VEH-009624,SALES-002,Social Media,Qualified,57,"profile=Warm, vehicle selected",Preferences captured; comparing suitable vehicles and ownership costs.,2026-05-14T02:00:00+00:00
LEAD-001323,CUST-001323,VEH-000113,SALES-003,Social Media,Qualified,37,"profile=Research, vehicle selected",Early research stage; provide options without pressuring for commitment.,2026-06-19T07:00:00+00:00
LEAD-001324,CUST-001324,VEH-008264,SALES-004,Vehicle Marketplace,New,57,"profile=Warm, vehicle selected",Preferences captured; comparing suitable vehicles and ownership costs.,2026-07-31T08:00:00+00:00
LEAD-001325,CUST-001325,VEH-007719,SALES-005,Social Media,Appointment Set,62,"profile=Warm, vehicle selected, down payment",Preferences captured; comparing suitable vehicles and ownership costs.,2026-05-26T07:00:00+00:00
LEAD-001326,CUST-001326,VEH-007820,SALES-006,Inbound Call,Won,42,"profile=Research, vehicle selected, down payment",Early research stage; provide options without pressuring for commitment.,2026-05-27T19:00:00+00:00
LEAD-001327,CUST-001327,VEH-007050,SALES-007,Social Media,Appointment Set,62,"profile=Warm, vehicle selected, down payment",Preferences captured; comparing suitable vehicles and ownership costs.,2026-08-05T23:00:00+00:00
LEAD-001328,CUST-001328,VEH-001475,SALES-008,Vehicle Marketplace,Appointment Set,42,"profile=Research, vehicle selected, down payment",Early research stage; provide options without pressuring for commitment.,2026-06-08T15:00:00+00:00
LEAD-001329,CUST-001329,VEH-001634,SALES-009,Vehicle Marketplace,Contacted,57,"profile=Warm, vehicle selected",Preferences captured; comparing suitable vehicles and ownership costs.,2026-07-26T18:00:00+00:00
LEAD-001330,CUST-001330,VEH-001077,SALES-010,Website,Contacted,37,"profile=Research, vehicle selected",Early research stage; provide options without pressuring for commitment.,2026-06-09T17:00:00+00:00
LEAD-001331,CUST-001331,VEH-006003,SALES-011,Inbound Call,New,57,"profile=Warm, vehicle selected",Preferences captured; comparing suitable vehicles and ownership costs.,2026-06-15T04:00:00+00:00
LEAD-001332,CUST-001332,VEH-001563,SALES-012,Inbound Call,Won,62,"profile=Warm, vehicle selected, down payment",Preferences captured; comparing suitable vehicles and ownership costs.,2026-06-17T03:00:00+00:00
LEAD-001333,CUST-001333,VEH-007700,SALES-013,Website,New,37,"profile=Research, vehicle selected",Early research stage; provide options without pressuring for commitment.,2026-05-13T08:00:00+00:00
LEAD-001334,CUST-001334,VEH-003851,SALES-014,Website,Contacted,42,"profile=Research, vehicle selected, down payment",Early research stage; provide options without pressuring for commitment.,2026-08-04T04:00:00+00:00
LEAD-001335,CUST-001335,,SALES-015,Website,New,63,"profile=Warm, 30-day, down payment",Preferences captured; comparing suitable vehicles and ownership costs.,2026-07-24T13:00:00+00:00
LEAD-001336,CUST-001336,VEH-002920,SALES-016,Paid Search,Lost,42,"profile=Research, vehicle selected, down payment",Early research stage; provide options without pressuring for commitment.,2026-05-20T20:00:00+00:00
LEAD-001337,CUST-001337,VEH-009239,SALES-017,Inbound Call,New,65,"profile=Warm, 30-day, vehicle selected",Preferences captured; comparing suitable vehicles and ownership costs.,2026-07-05T17:00:00+00:00
LEAD-001338,CUST-001338,VEH-002034,SALES-018,Website,Contacted,65,"profile=Warm, 30-day, vehicle selected",Preferences captured; comparing suitable vehicles and ownership costs.,2026-07-20T14:00:00+00:00
LEAD-001339,CUST-001339,VEH-001219,SALES-019,Referral,Contacted,70,"profile=Warm, 30-day, vehicle selected, down payment",Preferences captured; comparing suitable vehicles and ownership costs.,2026-07-13T10:00:00+00:00
LEAD-001340,CUST-001340,VEH-000414,SALES-020,Website,New,42,"profile=Research, vehicle selected, down payment",Early research stage; provide options without pressuring for commitment.,2026-07-09T13:00:00+00:00
LEAD-001341,CUST-001341,VEH-003707,SALES-021,Paid Search,Contacted,47,"profile=Edge Case, near-term, vehicle selected, down payment",Requirements may conflict with budget or contact preferences; clarify before action.,2026-07-06T00:00:00+00:00
LEAD-001342,CUST-001342,,SALES-022,Website,Contacted,83,"profile=Hot, 30-day, down payment",Specific near-term purchase intent; ready for inventory shortlist.,2026-06-19T19:00:00+00:00
LEAD-001343,CUST-001343,VEH-006117,SALES-023,Website,New,62,"profile=Warm, vehicle selected, down payment",Preferences captured; comparing suitable vehicles and ownership costs.,2026-06-05T13:00:00+00:00
LEAD-001344,CUST-001344,VEH-005904,SALES-024,Social Media,Qualified,85,"profile=Hot, 30-day, vehicle selected",Specific near-term purchase intent; ready for inventory shortlist.,2026-05-12T08:00:00+00:00
LEAD-001345,CUST-001345,,SALES-001,Inbound Call,Appointment Set,55,"profile=Warm, down payment",Preferences captured; comparing suitable vehicles and ownership costs.,2026-08-14T22:00:00+00:00
LEAD-001346,CUST-001346,,SALES-002,Website,New,58,"profile=Warm, 30-day",Preferences captured; comparing suitable vehicles and ownership costs.,2026-04-30T01:00:00+00:00
LEAD-001347,CUST-001347,VEH-004891,SALES-003,Paid Search,Lost,57,"profile=Warm, vehicle selected",Preferences captured; comparing suitable vehicles and ownership costs.,2026-08-11T22:00:00+00:00
LEAD-001348,CUST-001348,VEH-007577,SALES-004,Inbound Call,Contacted,70,"profile=Warm, 30-day, vehicle selected, down payment",Preferences captured; comparing suitable vehicles and ownership costs.,2026-05-04T16:00:00+00:00
LEAD-001349,CUST-001349,VEH-006223,SALES-005,Website,Qualified,62,"profile=Warm, vehicle selected, down payment",Preferences captured; comparing suitable vehicles and ownership costs.,2026-08-17T20:00:00+00:00
LEAD-001350,CUST-001350,VEH-005473,SALES-006,Paid Search,Contacted,42,"profile=Research, vehicle selected, down payment",Early research stage; provide options without pressuring for commitment.,2026-06-01T11:00:00+00:00
LEAD-001351,CUST-001351,VEH-006837,SALES-007,Website,Contacted,40,"profile=Edge Case, 30-day, vehicle selected, down payment",Requirements may conflict with budget or contact preferences; clarify before action.,2026-06-09T16:00:00+00:00
LEAD-001352,CUST-001352,VEH-009878,SALES-008,Referral,Qualified,62,"profile=Warm, vehicle selected, down payment",Preferences captured; comparing suitable vehicles and ownership costs.,2026-08-04T21:00:00+00:00
LEAD-001353,CUST-001353,VEH-005259,SALES-009,Website,Qualified,62,"profile=Warm, vehicle selected, down payment",Preferences captured; comparing suitable vehicles and ownership costs.,2026-07-30T17:00:00+00:00
LEAD-001354,CUST-001354,VEH-006395,SALES-010,Inbound Call,Contacted,92,"profile=Hot, near-term, vehicle selected",Specific near-term purchase intent; ready for inventory shortlist.,2026-07-01T05:00:00+00:00
LEAD-001355,CUST-001355,VEH-001930,SALES-011,Social Media,Appointment Set,57,"profile=Warm, vehicle selected",Preferences captured; comparing suitable vehicles and ownership costs.,2026-04-27T03:00:00+00:00
LEAD-001356,CUST-001356,,SALES-012,Walk-In,Appointment Set,30,profile=Research,Early research stage; provide options without pressuring for commitment.,2026-07-12T23:00:00+00:00
LEAD-001357,CUST-001357,VEH-004775,SALES-013,Inbound Call,Contacted,47,"profile=Edge Case, near-term, vehicle selected, down payment",Requirements may conflict with budget or contact preferences; clarify before action.,2026-05-19T09:00:00+00:00
LEAD-001358,CUST-001358,VEH-003248,SALES-014,Website,Qualified,42,"profile=Research, vehicle selected, down payment",Early research stage; provide options without pressuring for commitment.,2026-07-06T13:00:00+00:00
LEAD-001359,CUST-001359,VEH-008967,SALES-015,Website,New,37,"profile=Research, vehicle selected",Early research stage; provide options without pressuring for commitment.,2026-06-30T08:00:00+00:00
LEAD-001360,CUST-001360,,SALES-016,Social Media,Qualified,63,"profile=Warm, 30-day, down payment",Preferences captured; comparing suitable vehicles and ownership costs.,2026-08-24T16:00:00+00:00
LEAD-001361,CUST-001361,VEH-001716,SALES-017,Social Media,Contacted,70,"profile=Warm, 30-day, vehicle selected, down payment",Preferences captured; comparing suitable vehicles and ownership costs.,2026-07-15T02:00:00+00:00
LEAD-001362,CUST-001362,VEH-002325,SALES-018,Referral,Contacted,70,"profile=Warm, 30-day, vehicle selected, down payment",Preferences captured; comparing suitable vehicles and ownership costs.,2026-06-15T08:00:00+00:00
LEAD-001363,CUST-001363,VEH-009878,SALES-019,Website,Appointment Set,62,"profile=Warm, vehicle selected, down payment",Preferences captured; comparing suitable vehicles and ownership costs.,2026-05-07T10:00:00+00:00
LEAD-001364,CUST-001364,VEH-000617,SALES-020,Inbound Call,Contacted,37,"profile=Research, vehicle selected",Early research stage; provide options without pressuring for commitment.,2026-08-17T13:00:00+00:00
LEAD-001365,CUST-001365,VEH-002406,SALES-021,Social Media,Appointment Set,42,"profile=Research, vehicle selected, down payment",Early research stage; provide options without pressuring for commitment.,2026-06-05T01:00:00+00:00
LEAD-001366,CUST-001366,VEH-001898,SALES-022,Website,New,57,"profile=Warm, vehicle selected",Preferences captured; comparing suitable vehicles and ownership costs.,2026-07-10T20:00:00+00:00
LEAD-001367,CUST-001367,VEH-003293,SALES-023,Inbound Call,Contacted,32,"profile=Edge Case, vehicle selected, down payment",Requirements may conflict with budget or contact preferences; clarify before action.,2026-07-15T12:00:00+00:00
LEAD-001368,CUST-001368,VEH-007176,SALES-024,Social Media,Qualified,32,"profile=Edge Case, vehicle selected, down payment",Requirements may conflict with budget or contact preferences; clarify before action.,2026-07-02T13:00:00+00:00
LEAD-001369,CUST-001369,VEH-007745,SALES-001,Walk-In,New,70,"profile=Warm, 30-day, vehicle selected, down payment",Preferences captured; comparing suitable vehicles and ownership costs.,2026-07-24T09:00:00+00:00
LEAD-001370,CUST-001370,VEH-001677,SALES-002,Inbound Call,New,70,"profile=Warm, 30-day, vehicle selected, down payment",Preferences captured; comparing suitable vehicles and ownership costs.,2026-07-24T13:00:00+00:00
LEAD-001371,CUST-001371,VEH-008254,SALES-003,Paid Search,Qualified,42,"profile=Research, vehicle selected, down payment",Early research stage; provide options without pressuring for commitment.,2026-07-09T09:00:00+00:00
LEAD-001372,CUST-001372,,SALES-004,Walk-In,Qualified,63,"profile=Warm, 30-day, down payment",Preferences captured; comparing suitable vehicles and ownership costs.,2026-08-04T16:00:00+00:00
LEAD-001373,CUST-001373,VEH-004133,SALES-005,Website,Contacted,62,"profile=Warm, vehicle selected, down payment",Preferences captured; comparing suitable vehicles and ownership costs.,2026-07-03T23:00:00+00:00
LEAD-001374,CUST-001374,VEH-008718,SALES-006,Paid Search,Appointment Set,62,"profile=Warm, vehicle selected, down payment",Preferences captured; comparing suitable vehicles and ownership costs.,2026-06-13T02:00:00+00:00
LEAD-001375,CUST-001375,VEH-005463,SALES-007,Vehicle Marketplace,Lost,70,"profile=Warm, 30-day, vehicle selected, down payment",Preferences captured; comparing suitable vehicles and ownership costs.,2026-06-12T08:00:00+00:00
LEAD-001376,CUST-001376,VEH-007482,SALES-008,Referral,Qualified,42,"profile=Research, vehicle selected, down payment",Early research stage; provide options without pressuring for commitment.,2026-06-05T05:00:00+00:00
LEAD-001377,CUST-001377,VEH-000087,SALES-009,Paid Search,Contacted,70,"profile=Warm, 30-day, vehicle selected, down payment",Preferences captured; comparing suitable vehicles and ownership costs.,2026-05-17T07:00:00+00:00
LEAD-001378,CUST-001378,,SALES-010,Paid Search,Contacted,35,"profile=Research, down payment",Early research stage; provide options without pressuring for commitment.,2026-08-20T09:00:00+00:00
LEAD-001379,CUST-001379,VEH-004978,SALES-011,Social Media,Qualified,62,"profile=Warm, vehicle selected, down payment",Preferences captured; comparing suitable vehicles and ownership costs.,2026-05-29T06:00:00+00:00
LEAD-001380,CUST-001380,VEH-004389,SALES-012,Vehicle Marketplace,Contacted,65,"profile=Warm, 30-day, vehicle selected",Preferences captured; comparing suitable vehicles and ownership costs.,2026-06-08T13:00:00+00:00
LEAD-001381,CUST-001381,VEH-008929,SALES-013,Referral,New,70,"profile=Warm, 30-day, vehicle selected, down payment",Preferences captured; comparing suitable vehicles and ownership costs.,2026-05-27T03:00:00+00:00
LEAD-001382,CUST-001382,VEH-007508,SALES-014,Website,Contacted,42,"profile=Research, vehicle selected, down payment",Early research stage; provide options without pressuring for commitment.,2026-05-16T20:00:00+00:00
LEAD-001383,CUST-001383,VEH-002306,SALES-015,Inbound Call,Contacted,42,"profile=Research, vehicle selected, down payment",Early research stage; provide options without pressuring for commitment.,2026-08-21T01:00:00+00:00
LEAD-001384,CUST-001384,,SALES-016,Paid Search,Contacted,30,profile=Research,Early research stage; provide options without pressuring for commitment.,2026-07-05T05:00:00+00:00
LEAD-001385,CUST-001385,VEH-002606,SALES-017,Website,Contacted,85,"profile=Hot, 30-day, vehicle selected",Specific near-term purchase intent; ready for inventory shortlist.,2026-08-05T19:00:00+00:00
LEAD-001386,CUST-001386,,SALES-018,Website,Contacted,55,"profile=Warm, down payment",Preferences captured; comparing suitable vehicles and ownership costs.,2026-08-10T04:00:00+00:00
LEAD-001387,CUST-001387,VEH-004503,SALES-019,Inbound Call,Lost,70,"profile=Warm, 30-day, vehicle selected, down payment",Preferences captured; comparing suitable vehicles and ownership costs.,2026-05-07T21:00:00+00:00
LEAD-001388,CUST-001388,VEH-006121,SALES-020,Website,New,42,"profile=Research, vehicle selected, down payment",Early research stage; provide options without pressuring for commitment.,2026-06-20T15:00:00+00:00
LEAD-001389,CUST-001389,,SALES-021,Paid Search,Qualified,25,"profile=Edge Case, down payment",Requirements may conflict with budget or contact preferences; clarify before action.,2026-07-26T03:00:00+00:00
LEAD-001390,CUST-001390,VEH-001546,SALES-022,Social Media,New,37,"profile=Research, vehicle selected",Early research stage; provide options without pressuring for commitment.,2026-05-26T00:00:00+00:00
LEAD-001391,CUST-001391,VEH-001012,SALES-023,Website,Contacted,37,"profile=Research, vehicle selected",Early research stage; provide options without pressuring for commitment.,2026-06-27T12:00:00+00:00
LEAD-001392,CUST-001392,,SALES-024,Website,New,55,"profile=Warm, down payment",Preferences captured; comparing suitable vehicles and ownership costs.,2026-05-19T14:00:00+00:00
LEAD-001393,CUST-001393,VEH-003285,SALES-001,Paid Search,Qualified,62,"profile=Warm, vehicle selected, down payment",Preferences captured; comparing suitable vehicles and ownership costs.,2026-05-27T16:00:00+00:00
LEAD-001394,CUST-001394,VEH-000327,SALES-002,Referral,Lost,90,"profile=Hot, 30-day, vehicle selected, down payment",Specific near-term purchase intent; ready for inventory shortlist.,2026-05-03T11:00:00+00:00
LEAD-001395,CUST-001395,VEH-002531,SALES-003,Website,New,97,"profile=Hot, near-term, vehicle selected, down payment",Specific near-term purchase intent; ready for inventory shortlist.,2026-05-06T16:00:00+00:00
LEAD-001396,CUST-001396,VEH-007359,SALES-004,Inbound Call,New,90,"profile=Hot, 30-day, vehicle selected, down payment",Specific near-term purchase intent; ready for inventory shortlist.,2026-06-15T09:00:00+00:00
LEAD-001397,CUST-001397,VEH-002371,SALES-005,Referral,Contacted,57,"profile=Warm, vehicle selected",Preferences captured; comparing suitable vehicles and ownership costs.,2026-07-15T05:00:00+00:00
LEAD-001398,CUST-001398,VEH-002099,SALES-006,Inbound Call,New,42,"profile=Research, vehicle selected, down payment",Early research stage; provide options without pressuring for commitment.,2026-07-26T01:00:00+00:00
LEAD-001399,CUST-001399,VEH-006164,SALES-007,Website,Appointment Set,70,"profile=Warm, 30-day, vehicle selected, down payment",Preferences captured; comparing suitable vehicles and ownership costs.,2026-06-03T17:00:00+00:00
LEAD-001400,CUST-001400,VEH-007300,SALES-008,Inbound Call,Lost,37,"profile=Research, vehicle selected",Early research stage; provide options without pressuring for commitment.,2026-07-10T15:00:00+00:00
LEAD-001401,CUST-001401,VEH-005095,SALES-009,Social Media,Contacted,70,"profile=Warm, 30-day, vehicle selected, down payment",Preferences captured; comparing suitable vehicles and ownership costs.,2026-07-08T20:00:00+00:00
LEAD-001402,CUST-001402,VEH-002533,SALES-010,Referral,New,42,"profile=Research, vehicle selected, down payment",Early research stage; provide options without pressuring for commitment.,2026-05-22T15:00:00+00:00
LEAD-001403,CUST-001403,VEH-003731,SALES-011,Website,Lost,97,"profile=Hot, near-term, vehicle selected, down payment",Specific near-term purchase intent; ready for inventory shortlist.,2026-08-11T07:00:00+00:00
LEAD-001404,CUST-001404,VEH-009673,SALES-012,Referral,Lost,62,"profile=Warm, vehicle selected, down payment",Preferences captured; comparing suitable vehicles and ownership costs.,2026-06-19T21:00:00+00:00
LEAD-001405,CUST-001405,VEH-004998,SALES-013,Vehicle Marketplace,Qualified,97,"profile=Hot, near-term, vehicle selected, down payment",Specific near-term purchase intent; ready for inventory shortlist.,2026-06-16T21:00:00+00:00
LEAD-001406,CUST-001406,VEH-008227,SALES-014,Social Media,Contacted,62,"profile=Warm, vehicle selected, down payment",Preferences captured; comparing suitable vehicles and ownership costs.,2026-06-20T07:00:00+00:00
LEAD-001407,CUST-001407,VEH-002550,SALES-015,Paid Search,Appointment Set,97,"profile=Hot, near-term, vehicle selected, down payment",Specific near-term purchase intent; ready for inventory shortlist.,2026-06-28T14:00:00+00:00
LEAD-001408,CUST-001408,VEH-007190,SALES-016,Inbound Call,Won,57,"profile=Warm, vehicle selected",Preferences captured; comparing suitable vehicles and ownership costs.,2026-08-22T16:00:00+00:00
LEAD-001409,CUST-001409,,SALES-017,Inbound Call,Appointment Set,35,"profile=Research, down payment",Early research stage; provide options without pressuring for commitment.,2026-08-12T17:00:00+00:00
LEAD-001410,CUST-001410,VEH-002309,SALES-018,Website,Contacted,42,"profile=Research, vehicle selected, down payment",Early research stage; provide options without pressuring for commitment.,2026-07-17T04:00:00+00:00
LEAD-001411,CUST-001411,VEH-006674,SALES-019,Social Media,New,37,"profile=Research, vehicle selected",Early research stage; provide options without pressuring for commitment.,2026-08-25T06:00:00+00:00
LEAD-001412,CUST-001412,VEH-004120,SALES-020,Website,Appointment Set,70,"profile=Warm, 30-day, vehicle selected, down payment",Preferences captured; comparing suitable vehicles and ownership costs.,2026-07-02T12:00:00+00:00
LEAD-001413,CUST-001413,VEH-003813,SALES-021,Inbound Call,Won,42,"profile=Research, vehicle selected, down payment",Early research stage; provide options without pressuring for commitment.,2026-05-15T20:00:00+00:00
LEAD-001414,CUST-001414,VEH-003774,SALES-022,Inbound Call,Lost,37,"profile=Research, vehicle selected",Early research stage; provide options without pressuring for commitment.,2026-08-23T01:00:00+00:00
LEAD-001415,CUST-001415,VEH-009917,SALES-023,Paid Search,Qualified,90,"profile=Hot, 30-day, vehicle selected, down payment",Specific near-term purchase intent; ready for inventory shortlist.,2026-04-27T07:00:00+00:00
LEAD-001416,CUST-001416,,SALES-024,Social Media,Qualified,30,profile=Research,Early research stage; provide options without pressuring for commitment.,2026-05-25T22:00:00+00:00
LEAD-001417,CUST-001417,VEH-003719,SALES-001,Social Media,New,90,"profile=Hot, 30-day, vehicle selected, down payment",Specific near-term purchase intent; ready for inventory shortlist.,2026-05-15T03:00:00+00:00
LEAD-001418,CUST-001418,VEH-007206,SALES-002,Paid Search,Appointment Set,70,"profile=Warm, 30-day, vehicle selected, down payment",Preferences captured; comparing suitable vehicles and ownership costs.,2026-06-20T22:00:00+00:00
LEAD-001419,CUST-001419,VEH-002666,SALES-003,Website,Qualified,92,"profile=Hot, near-term, vehicle selected",Specific near-term purchase intent; ready for inventory shortlist.,2026-08-07T03:00:00+00:00
LEAD-001420,CUST-001420,,SALES-004,Referral,Appointment Set,33,"profile=Edge Case, 30-day, down payment",Requirements may conflict with budget or contact preferences; clarify before action.,2026-07-23T00:00:00+00:00
LEAD-001421,CUST-001421,VEH-009296,SALES-005,Inbound Call,Lost,85,"profile=Hot, 30-day, vehicle selected",Specific near-term purchase intent; ready for inventory shortlist.,2026-08-24T17:00:00+00:00
LEAD-001422,CUST-001422,VEH-007061,SALES-006,Referral,Lost,42,"profile=Research, vehicle selected, down payment",Early research stage; provide options without pressuring for commitment.,2026-05-09T04:00:00+00:00
LEAD-001423,CUST-001423,VEH-007261,SALES-007,Website,Appointment Set,97,"profile=Hot, near-term, vehicle selected, down payment",Specific near-term purchase intent; ready for inventory shortlist.,2026-05-13T01:00:00+00:00
LEAD-001424,CUST-001424,VEH-006366,SALES-008,Vehicle Marketplace,Qualified,85,"profile=Hot, 30-day, vehicle selected",Specific near-term purchase intent; ready for inventory shortlist.,2026-05-30T21:00:00+00:00
LEAD-001425,CUST-001425,VEH-006441,SALES-009,Website,Appointment Set,65,"profile=Warm, 30-day, vehicle selected",Preferences captured; comparing suitable vehicles and ownership costs.,2026-06-02T05:00:00+00:00
LEAD-001426,CUST-001426,VEH-008566,SALES-010,Vehicle Marketplace,Appointment Set,70,"profile=Warm, 30-day, vehicle selected, down payment",Preferences captured; comparing suitable vehicles and ownership costs.,2026-05-30T10:00:00+00:00
LEAD-001427,CUST-001427,VEH-008525,SALES-011,Website,Appointment Set,92,"profile=Hot, near-term, vehicle selected",Specific near-term purchase intent; ready for inventory shortlist.,2026-05-02T18:00:00+00:00
LEAD-001428,CUST-001428,VEH-007281,SALES-012,Website,Won,70,"profile=Warm, 30-day, vehicle selected, down payment",Preferences captured; comparing suitable vehicles and ownership costs.,2026-05-04T18:00:00+00:00
LEAD-001429,CUST-001429,,SALES-013,Website,Won,55,"profile=Warm, down payment",Preferences captured; comparing suitable vehicles and ownership costs.,2026-06-22T03:00:00+00:00
LEAD-001430,CUST-001430,VEH-006725,SALES-014,Walk-In,Contacted,37,"profile=Research, vehicle selected",Early research stage; provide options without pressuring for commitment.,2026-07-18T18:00:00+00:00
LEAD-001431,CUST-001431,,SALES-015,Paid Search,Appointment Set,85,"profile=Hot, near-term",Specific near-term purchase intent; ready for inventory shortlist.,2026-07-31T03:00:00+00:00
LEAD-001432,CUST-001432,,SALES-016,Inbound Call,Appointment Set,63,"profile=Warm, 30-day, down payment",Preferences captured; comparing suitable vehicles and ownership costs.,2026-05-07T03:00:00+00:00
LEAD-001433,CUST-001433,VEH-008307,SALES-017,Vehicle Marketplace,Appointment Set,62,"profile=Warm, vehicle selected, down payment",Preferences captured; comparing suitable vehicles and ownership costs.,2026-07-25T09:00:00+00:00
LEAD-001434,CUST-001434,VEH-005626,SALES-018,Website,New,62,"profile=Warm, vehicle selected, down payment",Preferences captured; comparing suitable vehicles and ownership costs.,2026-05-14T16:00:00+00:00
LEAD-001435,CUST-001435,VEH-004864,SALES-019,Website,Contacted,65,"profile=Warm, 30-day, vehicle selected",Preferences captured; comparing suitable vehicles and ownership costs.,2026-07-18T02:00:00+00:00
LEAD-001436,CUST-001436,VEH-003738,SALES-020,Website,Qualified,37,"profile=Research, vehicle selected",Early research stage; provide options without pressuring for commitment.,2026-05-03T04:00:00+00:00
LEAD-001437,CUST-001437,VEH-006508,SALES-021,Website,Lost,37,"profile=Research, vehicle selected",Early research stage; provide options without pressuring for commitment.,2026-06-14T13:00:00+00:00
LEAD-001438,CUST-001438,VEH-006091,SALES-022,Referral,Won,32,"profile=Edge Case, vehicle selected, down payment",Requirements may conflict with budget or contact preferences; clarify before action.,2026-07-10T20:00:00+00:00
LEAD-001439,CUST-001439,VEH-001254,SALES-023,Social Media,Contacted,97,"profile=Hot, near-term, vehicle selected, down payment",Specific near-term purchase intent; ready for inventory shortlist.,2026-05-08T22:00:00+00:00
LEAD-001440,CUST-001440,VEH-005506,SALES-024,Walk-In,Won,85,"profile=Hot, 30-day, vehicle selected",Specific near-term purchase intent; ready for inventory shortlist.,2026-04-28T05:00:00+00:00
LEAD-001441,CUST-001441,VEH-000251,SALES-001,Paid Search,Qualified,70,"profile=Warm, 30-day, vehicle selected, down payment",Preferences captured; comparing suitable vehicles and ownership costs.,2026-05-12T11:00:00+00:00
LEAD-001442,CUST-001442,VEH-003405,SALES-002,Walk-In,Appointment Set,85,"profile=Hot, 30-day, vehicle selected",Specific near-term purchase intent; ready for inventory shortlist.,2026-06-17T23:00:00+00:00
LEAD-001443,CUST-001443,VEH-004494,SALES-003,Walk-In,Won,57,"profile=Warm, vehicle selected",Preferences captured; comparing suitable vehicles and ownership costs.,2026-08-17T07:00:00+00:00
LEAD-001444,CUST-001444,VEH-004434,SALES-004,Paid Search,Appointment Set,32,"profile=Edge Case, vehicle selected, down payment",Requirements may conflict with budget or contact preferences; clarify before action.,2026-06-24T18:00:00+00:00
LEAD-001445,CUST-001445,VEH-003964,SALES-005,Website,New,42,"profile=Research, vehicle selected, down payment",Early research stage; provide options without pressuring for commitment.,2026-06-18T07:00:00+00:00
LEAD-001446,CUST-001446,VEH-008541,SALES-006,Website,Appointment Set,62,"profile=Warm, vehicle selected, down payment",Preferences captured; comparing suitable vehicles and ownership costs.,2026-08-21T04:00:00+00:00
LEAD-001447,CUST-001447,VEH-003020,SALES-007,Paid Search,Contacted,62,"profile=Warm, vehicle selected, down payment",Preferences captured; comparing suitable vehicles and ownership costs.,2026-07-09T17:00:00+00:00
LEAD-001448,CUST-001448,VEH-007920,SALES-008,Inbound Call,Qualified,62,"profile=Warm, vehicle selected, down payment",Preferences captured; comparing suitable vehicles and ownership costs.,2026-07-18T07:00:00+00:00
LEAD-001449,CUST-001449,VEH-003554,SALES-009,Vehicle Marketplace,Qualified,47,"profile=Edge Case, near-term, vehicle selected, down payment",Requirements may conflict with budget or contact preferences; clarify before action.,2026-08-23T14:00:00+00:00
LEAD-001450,CUST-001450,,SALES-010,Website,Appointment Set,35,"profile=Research, down payment",Early research stage; provide options without pressuring for commitment.,2026-07-04T10:00:00+00:00
LEAD-001451,CUST-001451,VEH-002952,SALES-011,Walk-In,Appointment Set,70,"profile=Warm, 30-day, vehicle selected, down payment",Preferences captured; comparing suitable vehicles and ownership costs.,2026-06-16T20:00:00+00:00
LEAD-001452,CUST-001452,VEH-007600,SALES-012,Website,Contacted,42,"profile=Research, vehicle selected, down payment",Early research stage; provide options without pressuring for commitment.,2026-06-12T21:00:00+00:00
LEAD-001453,CUST-001453,VEH-009867,SALES-013,Social Media,Appointment Set,37,"profile=Research, vehicle selected",Early research stage; provide options without pressuring for commitment.,2026-06-16T08:00:00+00:00
LEAD-001454,CUST-001454,VEH-008374,SALES-014,Walk-In,Qualified,42,"profile=Research, vehicle selected, down payment",Early research stage; provide options without pressuring for commitment.,2026-05-09T06:00:00+00:00
LEAD-001455,CUST-001455,VEH-008886,SALES-015,Referral,Contacted,42,"profile=Research, vehicle selected, down payment",Early research stage; provide options without pressuring for commitment.,2026-07-21T05:00:00+00:00
LEAD-001456,CUST-001456,VEH-001668,SALES-016,Website,Qualified,62,"profile=Warm, vehicle selected, down payment",Preferences captured; comparing suitable vehicles and ownership costs.,2026-06-04T22:00:00+00:00
LEAD-001457,CUST-001457,VEH-002511,SALES-017,Website,Won,42,"profile=Research, vehicle selected, down payment",Early research stage; provide options without pressuring for commitment.,2026-06-18T09:00:00+00:00
LEAD-001458,CUST-001458,VEH-004890,SALES-018,Walk-In,Won,62,"profile=Warm, vehicle selected, down payment",Preferences captured; comparing suitable vehicles and ownership costs.,2026-05-06T13:00:00+00:00
LEAD-001459,CUST-001459,VEH-001110,SALES-019,Walk-In,Appointment Set,37,"profile=Research, vehicle selected",Early research stage; provide options without pressuring for commitment.,2026-05-27T15:00:00+00:00
LEAD-001460,CUST-001460,VEH-001495,SALES-020,Inbound Call,New,65,"profile=Warm, 30-day, vehicle selected",Preferences captured; comparing suitable vehicles and ownership costs.,2026-05-26T00:00:00+00:00
LEAD-001461,CUST-001461,,SALES-021,Website,Appointment Set,55,"profile=Warm, down payment",Preferences captured; comparing suitable vehicles and ownership costs.,2026-08-23T15:00:00+00:00
LEAD-001462,CUST-001462,VEH-002680,SALES-022,Social Media,New,90,"profile=Hot, 30-day, vehicle selected, down payment",Specific near-term purchase intent; ready for inventory shortlist.,2026-07-02T19:00:00+00:00
LEAD-001463,CUST-001463,VEH-004931,SALES-023,Inbound Call,Qualified,70,"profile=Warm, 30-day, vehicle selected, down payment",Preferences captured; comparing suitable vehicles and ownership costs.,2026-07-13T08:00:00+00:00
LEAD-001464,CUST-001464,,SALES-024,Website,New,30,profile=Research,Early research stage; provide options without pressuring for commitment.,2026-07-05T01:00:00+00:00
LEAD-001465,CUST-001465,,SALES-001,Inbound Call,Won,63,"profile=Warm, 30-day, down payment",Preferences captured; comparing suitable vehicles and ownership costs.,2026-08-14T09:00:00+00:00
LEAD-001466,CUST-001466,VEH-000576,SALES-002,Paid Search,New,70,"profile=Warm, 30-day, vehicle selected, down payment",Preferences captured; comparing suitable vehicles and ownership costs.,2026-04-29T18:00:00+00:00
LEAD-001467,CUST-001467,VEH-003577,SALES-003,Website,Qualified,97,"profile=Hot, near-term, vehicle selected, down payment",Specific near-term purchase intent; ready for inventory shortlist.,2026-05-25T06:00:00+00:00
LEAD-001468,CUST-001468,VEH-003223,SALES-004,Referral,Won,97,"profile=Hot, near-term, vehicle selected, down payment",Specific near-term purchase intent; ready for inventory shortlist.,2026-08-25T07:00:00+00:00
LEAD-001469,CUST-001469,VEH-004038,SALES-005,Website,Appointment Set,70,"profile=Warm, 30-day, vehicle selected, down payment",Preferences captured; comparing suitable vehicles and ownership costs.,2026-05-15T13:00:00+00:00
LEAD-001470,CUST-001470,,SALES-006,Inbound Call,Won,35,"profile=Research, down payment",Early research stage; provide options without pressuring for commitment.,2026-07-14T12:00:00+00:00
LEAD-001471,CUST-001471,VEH-002626,SALES-007,Vehicle Marketplace,Appointment Set,70,"profile=Warm, 30-day, vehicle selected, down payment",Preferences captured; comparing suitable vehicles and ownership costs.,2026-08-16T13:00:00+00:00
LEAD-001472,CUST-001472,VEH-006654,SALES-008,Referral,New,27,"profile=Edge Case, vehicle selected",Requirements may conflict with budget or contact preferences; clarify before action.,2026-05-08T03:00:00+00:00
LEAD-001473,CUST-001473,VEH-002982,SALES-009,Website,Contacted,90,"profile=Hot, 30-day, vehicle selected, down payment",Specific near-term purchase intent; ready for inventory shortlist.,2026-05-29T16:00:00+00:00
LEAD-001474,CUST-001474,,SALES-010,Website,Qualified,35,"profile=Research, down payment",Early research stage; provide options without pressuring for commitment.,2026-08-11T05:00:00+00:00
LEAD-001475,CUST-001475,VEH-002131,SALES-011,Referral,Appointment Set,92,"profile=Hot, near-term, vehicle selected",Specific near-term purchase intent; ready for inventory shortlist.,2026-06-10T06:00:00+00:00
LEAD-001476,CUST-001476,VEH-003306,SALES-012,Social Media,New,70,"profile=Warm, 30-day, vehicle selected, down payment",Preferences captured; comparing suitable vehicles and ownership costs.,2026-07-30T19:00:00+00:00
LEAD-001477,CUST-001477,VEH-000762,SALES-013,Website,Qualified,37,"profile=Research, vehicle selected",Early research stage; provide options without pressuring for commitment.,2026-06-13T13:00:00+00:00
LEAD-001478,CUST-001478,VEH-009866,SALES-014,Walk-In,Contacted,37,"profile=Research, vehicle selected",Early research stage; provide options without pressuring for commitment.,2026-06-26T21:00:00+00:00
LEAD-001479,CUST-001479,VEH-003130,SALES-015,Inbound Call,New,37,"profile=Research, vehicle selected",Early research stage; provide options without pressuring for commitment.,2026-08-08T21:00:00+00:00
LEAD-001480,CUST-001480,,SALES-016,Inbound Call,Appointment Set,30,profile=Research,Early research stage; provide options without pressuring for commitment.,2026-07-14T20:00:00+00:00
LEAD-001481,CUST-001481,,SALES-017,Paid Search,Lost,30,profile=Research,Early research stage; provide options without pressuring for commitment.,2026-06-16T01:00:00+00:00
LEAD-001482,CUST-001482,VEH-000162,SALES-018,Website,New,97,"profile=Hot, near-term, vehicle selected, down payment",Specific near-term purchase intent; ready for inventory shortlist.,2026-05-12T15:00:00+00:00
LEAD-001483,CUST-001483,VEH-009089,SALES-019,Walk-In,Won,90,"profile=Hot, 30-day, vehicle selected, down payment",Specific near-term purchase intent; ready for inventory shortlist.,2026-05-01T19:00:00+00:00
LEAD-001484,CUST-001484,VEH-007193,SALES-020,Vehicle Marketplace,New,97,"profile=Hot, near-term, vehicle selected, down payment",Specific near-term purchase intent; ready for inventory shortlist.,2026-07-05T14:00:00+00:00
LEAD-001485,CUST-001485,,SALES-021,Website,New,25,"profile=Edge Case, down payment",Requirements may conflict with budget or contact preferences; clarify before action.,2026-06-08T08:00:00+00:00
LEAD-001486,CUST-001486,VEH-001378,SALES-022,Referral,Appointment Set,40,"profile=Edge Case, 30-day, vehicle selected, down payment",Requirements may conflict with budget or contact preferences; clarify before action.,2026-06-05T15:00:00+00:00
LEAD-001487,CUST-001487,VEH-006892,SALES-023,Walk-In,Appointment Set,42,"profile=Research, vehicle selected, down payment",Early research stage; provide options without pressuring for commitment.,2026-07-29T14:00:00+00:00
LEAD-001488,CUST-001488,VEH-000173,SALES-024,Website,Contacted,70,"profile=Warm, 30-day, vehicle selected, down payment",Preferences captured; comparing suitable vehicles and ownership costs.,2026-08-22T13:00:00+00:00
LEAD-001489,CUST-001489,VEH-001481,SALES-001,Website,Qualified,90,"profile=Hot, 30-day, vehicle selected, down payment",Specific near-term purchase intent; ready for inventory shortlist.,2026-08-19T22:00:00+00:00
LEAD-001490,CUST-001490,VEH-006193,SALES-002,Social Media,Appointment Set,97,"profile=Hot, near-term, vehicle selected, down payment",Specific near-term purchase intent; ready for inventory shortlist.,2026-05-16T19:00:00+00:00
LEAD-001491,CUST-001491,VEH-001780,SALES-003,Website,Contacted,90,"profile=Hot, 30-day, vehicle selected, down payment",Specific near-term purchase intent; ready for inventory shortlist.,2026-05-10T20:00:00+00:00
LEAD-001492,CUST-001492,,SALES-004,Referral,Lost,63,"profile=Warm, 30-day, down payment",Preferences captured; comparing suitable vehicles and ownership costs.,2026-06-13T02:00:00+00:00
LEAD-001493,CUST-001493,VEH-004044,SALES-005,Inbound Call,Appointment Set,47,"profile=Edge Case, near-term, vehicle selected, down payment",Requirements may conflict with budget or contact preferences; clarify before action.,2026-06-26T06:00:00+00:00
LEAD-001494,CUST-001494,VEH-009778,SALES-006,Website,Appointment Set,42,"profile=Research, vehicle selected, down payment",Early research stage; provide options without pressuring for commitment.,2026-08-09T04:00:00+00:00
LEAD-001495,CUST-001495,VEH-002042,SALES-007,Paid Search,Contacted,65,"profile=Warm, 30-day, vehicle selected",Preferences captured; comparing suitable vehicles and ownership costs.,2026-05-13T04:00:00+00:00
LEAD-001496,CUST-001496,VEH-009759,SALES-008,Inbound Call,Appointment Set,62,"profile=Warm, vehicle selected, down payment",Preferences captured; comparing suitable vehicles and ownership costs.,2026-05-02T05:00:00+00:00
LEAD-001497,CUST-001497,VEH-008958,SALES-009,Inbound Call,Qualified,70,"profile=Warm, 30-day, vehicle selected, down payment",Preferences captured; comparing suitable vehicles and ownership costs.,2026-08-08T20:00:00+00:00
LEAD-001498,CUST-001498,VEH-007758,SALES-010,Paid Search,New,47,"profile=Edge Case, near-term, vehicle selected, down payment",Requirements may conflict with budget or contact preferences; clarify before action.,2026-05-15T00:00:00+00:00
LEAD-001499,CUST-001499,VEH-003260,SALES-011,Inbound Call,Qualified,42,"profile=Research, vehicle selected, down payment",Early research stage; provide options without pressuring for commitment.,2026-07-02T00:00:00+00:00
LEAD-001500,CUST-001500,,SALES-012,Paid Search,Qualified,20,profile=Edge Case,Requirements may conflict with budget or contact preferences; clarify before action.,2026-06-01T14:00:00+00:00
LEAD-001501,CUST-001501,VEH-008885,SALES-013,Website,Qualified,42,"profile=Research, vehicle selected, down payment",Early research stage; provide options without pressuring for commitment.,2026-08-11T17:00:00+00:00
LEAD-001502,CUST-001502,VEH-001584,SALES-014,Social Media,Qualified,70,"profile=Warm, 30-day, vehicle selected, down payment",Preferences captured; comparing suitable vehicles and ownership costs.,2026-07-23T07:00:00+00:00
LEAD-001503,CUST-001503,,SALES-015,Paid Search,New,90,"profile=Hot, near-term, down payment",Specific near-term purchase intent; ready for inventory shortlist.,2026-06-22T07:00:00+00:00
LEAD-001504,CUST-001504,VEH-005577,SALES-016,Walk-In,Lost,42,"profile=Research, vehicle selected, down payment",Early research stage; provide options without pressuring for commitment.,2026-06-19T15:00:00+00:00
LEAD-001505,CUST-001505,VEH-006267,SALES-017,Social Media,Appointment Set,70,"profile=Warm, 30-day, vehicle selected, down payment",Preferences captured; comparing suitable vehicles and ownership costs.,2026-06-13T16:00:00+00:00
LEAD-001506,CUST-001506,,SALES-018,Inbound Call,Contacted,63,"profile=Warm, 30-day, down payment",Preferences captured; comparing suitable vehicles and ownership costs.,2026-05-04T13:00:00+00:00
LEAD-001507,CUST-001507,VEH-002024,SALES-019,Vehicle Marketplace,New,37,"profile=Research, vehicle selected",Early research stage; provide options without pressuring for commitment.,2026-08-10T00:00:00+00:00
LEAD-001508,CUST-001508,,SALES-020,Referral,Qualified,58,"profile=Warm, 30-day",Preferences captured; comparing suitable vehicles and ownership costs.,2026-07-28T20:00:00+00:00
LEAD-001509,CUST-001509,VEH-006334,SALES-021,Vehicle Marketplace,New,37,"profile=Research, vehicle selected",Early research stage; provide options without pressuring for commitment.,2026-06-18T13:00:00+00:00
LEAD-001510,CUST-001510,VEH-003899,SALES-022,Inbound Call,Appointment Set,62,"profile=Warm, vehicle selected, down payment",Preferences captured; comparing suitable vehicles and ownership costs.,2026-08-23T09:00:00+00:00
LEAD-001511,CUST-001511,VEH-006966,SALES-023,Social Media,Won,70,"profile=Warm, 30-day, vehicle selected, down payment",Preferences captured; comparing suitable vehicles and ownership costs.,2026-07-24T04:00:00+00:00
LEAD-001512,CUST-001512,VEH-000867,SALES-024,Inbound Call,Contacted,42,"profile=Research, vehicle selected, down payment",Early research stage; provide options without pressuring for commitment.,2026-06-02T07:00:00+00:00
LEAD-001513,CUST-001513,VEH-006297,SALES-001,Website,Qualified,65,"profile=Warm, 30-day, vehicle selected",Preferences captured; comparing suitable vehicles and ownership costs.,2026-07-29T13:00:00+00:00
LEAD-001514,CUST-001514,VEH-001425,SALES-002,Social Media,New,62,"profile=Warm, vehicle selected, down payment",Preferences captured; comparing suitable vehicles and ownership costs.,2026-06-22T07:00:00+00:00
LEAD-001515,CUST-001515,VEH-005086,SALES-003,Walk-In,Contacted,65,"profile=Warm, 30-day, vehicle selected",Preferences captured; comparing suitable vehicles and ownership costs.,2026-08-20T20:00:00+00:00
LEAD-001516,CUST-001516,VEH-006818,SALES-004,Paid Search,Contacted,62,"profile=Warm, vehicle selected, down payment",Preferences captured; comparing suitable vehicles and ownership costs.,2026-06-10T09:00:00+00:00
LEAD-001517,CUST-001517,VEH-008588,SALES-005,Website,Contacted,62,"profile=Warm, vehicle selected, down payment",Preferences captured; comparing suitable vehicles and ownership costs.,2026-07-06T19:00:00+00:00
LEAD-001518,CUST-001518,VEH-006702,SALES-006,Paid Search,Contacted,90,"profile=Hot, 30-day, vehicle selected, down payment",Specific near-term purchase intent; ready for inventory shortlist.,2026-07-08T23:00:00+00:00
LEAD-001519,CUST-001519,VEH-009361,SALES-007,Referral,Qualified,37,"profile=Research, vehicle selected",Early research stage; provide options without pressuring for commitment.,2026-08-03T20:00:00+00:00
LEAD-001520,CUST-001520,VEH-006663,SALES-008,Paid Search,Appointment Set,65,"profile=Warm, 30-day, vehicle selected",Preferences captured; comparing suitable vehicles and ownership costs.,2026-07-11T07:00:00+00:00
LEAD-001521,CUST-001521,VEH-000716,SALES-009,Paid Search,Qualified,40,"profile=Edge Case, 30-day, vehicle selected, down payment",Requirements may conflict with budget or contact preferences; clarify before action.,2026-07-08T03:00:00+00:00
LEAD-001522,CUST-001522,VEH-003527,SALES-010,Inbound Call,Contacted,85,"profile=Hot, 30-day, vehicle selected",Specific near-term purchase intent; ready for inventory shortlist.,2026-05-24T05:00:00+00:00
LEAD-001523,CUST-001523,VEH-004875,SALES-011,Website,Appointment Set,70,"profile=Warm, 30-day, vehicle selected, down payment",Preferences captured; comparing suitable vehicles and ownership costs.,2026-05-27T21:00:00+00:00
LEAD-001524,CUST-001524,,SALES-012,Paid Search,Appointment Set,35,"profile=Research, down payment",Early research stage; provide options without pressuring for commitment.,2026-05-02T00:00:00+00:00
LEAD-001525,CUST-001525,VEH-004197,SALES-013,Paid Search,Appointment Set,90,"profile=Hot, 30-day, vehicle selected, down payment",Specific near-term purchase intent; ready for inventory shortlist.,2026-06-04T17:00:00+00:00
LEAD-001526,CUST-001526,VEH-006841,SALES-014,Paid Search,New,57,"profile=Warm, vehicle selected",Preferences captured; comparing suitable vehicles and ownership costs.,2026-05-03T15:00:00+00:00
LEAD-001527,CUST-001527,VEH-008018,SALES-015,Website,Qualified,97,"profile=Hot, near-term, vehicle selected, down payment",Specific near-term purchase intent; ready for inventory shortlist.,2026-08-03T14:00:00+00:00
LEAD-001528,CUST-001528,VEH-009281,SALES-016,Referral,Qualified,42,"profile=Research, vehicle selected, down payment",Early research stage; provide options without pressuring for commitment.,2026-08-02T04:00:00+00:00
LEAD-001529,CUST-001529,VEH-008360,SALES-017,Referral,Qualified,62,"profile=Warm, vehicle selected, down payment",Preferences captured; comparing suitable vehicles and ownership costs.,2026-05-16T14:00:00+00:00
LEAD-001530,CUST-001530,VEH-003836,SALES-018,Vehicle Marketplace,Contacted,62,"profile=Warm, vehicle selected, down payment",Preferences captured; comparing suitable vehicles and ownership costs.,2026-06-19T20:00:00+00:00
LEAD-001531,CUST-001531,VEH-008688,SALES-019,Inbound Call,Qualified,42,"profile=Research, vehicle selected, down payment",Early research stage; provide options without pressuring for commitment.,2026-05-26T11:00:00+00:00
LEAD-001532,CUST-001532,VEH-006987,SALES-020,Website,New,42,"profile=Research, vehicle selected, down payment",Early research stage; provide options without pressuring for commitment.,2026-07-05T04:00:00+00:00
LEAD-001533,CUST-001533,VEH-004793,SALES-021,Referral,Appointment Set,70,"profile=Warm, 30-day, vehicle selected, down payment",Preferences captured; comparing suitable vehicles and ownership costs.,2026-05-30T19:00:00+00:00
LEAD-001534,CUST-001534,,SALES-022,Social Media,Won,55,"profile=Warm, down payment",Preferences captured; comparing suitable vehicles and ownership costs.,2026-07-06T09:00:00+00:00
LEAD-001535,CUST-001535,VEH-008721,SALES-023,Vehicle Marketplace,Qualified,37,"profile=Research, vehicle selected",Early research stage; provide options without pressuring for commitment.,2026-07-20T19:00:00+00:00
LEAD-001536,CUST-001536,VEH-005568,SALES-024,Vehicle Marketplace,Appointment Set,37,"profile=Research, vehicle selected",Early research stage; provide options without pressuring for commitment.,2026-08-25T12:00:00+00:00
LEAD-001537,CUST-001537,VEH-008619,SALES-001,Inbound Call,Contacted,62,"profile=Warm, vehicle selected, down payment",Preferences captured; comparing suitable vehicles and ownership costs.,2026-07-07T09:00:00+00:00
LEAD-001538,CUST-001538,VEH-003565,SALES-002,Walk-In,Contacted,70,"profile=Warm, 30-day, vehicle selected, down payment",Preferences captured; comparing suitable vehicles and ownership costs.,2026-07-05T11:00:00+00:00
LEAD-001539,CUST-001539,,SALES-003,Inbound Call,Appointment Set,55,"profile=Warm, down payment",Preferences captured; comparing suitable vehicles and ownership costs.,2026-06-20T19:00:00+00:00
LEAD-001540,CUST-001540,,SALES-004,Vehicle Marketplace,Qualified,83,"profile=Hot, 30-day, down payment",Specific near-term purchase intent; ready for inventory shortlist.,2026-07-22T22:00:00+00:00
LEAD-001541,CUST-001541,VEH-005228,SALES-005,Website,Lost,42,"profile=Research, vehicle selected, down payment",Early research stage; provide options without pressuring for commitment.,2026-08-03T22:00:00+00:00
LEAD-001542,CUST-001542,VEH-005844,SALES-006,Paid Search,Contacted,70,"profile=Warm, 30-day, vehicle selected, down payment",Preferences captured; comparing suitable vehicles and ownership costs.,2026-07-24T15:00:00+00:00
LEAD-001543,CUST-001543,VEH-003265,SALES-007,Inbound Call,Appointment Set,97,"profile=Hot, near-term, vehicle selected, down payment",Specific near-term purchase intent; ready for inventory shortlist.,2026-07-14T23:00:00+00:00
LEAD-001544,CUST-001544,VEH-002989,SALES-008,Social Media,New,62,"profile=Warm, vehicle selected, down payment",Preferences captured; comparing suitable vehicles and ownership costs.,2026-06-01T17:00:00+00:00
LEAD-001545,CUST-001545,,SALES-009,Vehicle Marketplace,Appointment Set,55,"profile=Warm, down payment",Preferences captured; comparing suitable vehicles and ownership costs.,2026-06-23T18:00:00+00:00
LEAD-001546,CUST-001546,VEH-000337,SALES-010,Inbound Call,Qualified,57,"profile=Warm, vehicle selected",Preferences captured; comparing suitable vehicles and ownership costs.,2026-08-07T17:00:00+00:00
LEAD-001547,CUST-001547,,SALES-011,Inbound Call,Qualified,63,"profile=Warm, 30-day, down payment",Preferences captured; comparing suitable vehicles and ownership costs.,2026-05-14T06:00:00+00:00
LEAD-001548,CUST-001548,VEH-002386,SALES-012,Referral,New,85,"profile=Hot, 30-day, vehicle selected",Specific near-term purchase intent; ready for inventory shortlist.,2026-07-09T16:00:00+00:00
LEAD-001549,CUST-001549,VEH-009412,SALES-013,Website,Appointment Set,70,"profile=Warm, 30-day, vehicle selected, down payment",Preferences captured; comparing suitable vehicles and ownership costs.,2026-06-06T08:00:00+00:00
LEAD-001550,CUST-001550,,SALES-014,Inbound Call,New,58,"profile=Warm, 30-day",Preferences captured; comparing suitable vehicles and ownership costs.,2026-05-15T19:00:00+00:00
LEAD-001551,CUST-001551,VEH-002903,SALES-015,Inbound Call,Contacted,70,"profile=Warm, 30-day, vehicle selected, down payment",Preferences captured; comparing suitable vehicles and ownership costs.,2026-05-18T09:00:00+00:00
LEAD-001552,CUST-001552,VEH-006180,SALES-016,Vehicle Marketplace,Qualified,92,"profile=Hot, near-term, vehicle selected",Specific near-term purchase intent; ready for inventory shortlist.,2026-06-23T22:00:00+00:00
LEAD-001553,CUST-001553,,SALES-017,Referral,Contacted,25,"profile=Edge Case, down payment",Requirements may conflict with budget or contact preferences; clarify before action.,2026-07-21T09:00:00+00:00
LEAD-001554,CUST-001554,VEH-000471,SALES-018,Paid Search,New,62,"profile=Warm, vehicle selected, down payment",Preferences captured; comparing suitable vehicles and ownership costs.,2026-05-27T13:00:00+00:00
LEAD-001555,CUST-001555,,SALES-019,Vehicle Marketplace,Won,58,"profile=Warm, 30-day",Preferences captured; comparing suitable vehicles and ownership costs.,2026-07-11T21:00:00+00:00
LEAD-001556,CUST-001556,VEH-005645,SALES-020,Paid Search,Contacted,65,"profile=Warm, 30-day, vehicle selected",Preferences captured; comparing suitable vehicles and ownership costs.,2026-07-31T18:00:00+00:00
LEAD-001557,CUST-001557,VEH-004348,SALES-021,Paid Search,Contacted,42,"profile=Research, vehicle selected, down payment",Early research stage; provide options without pressuring for commitment.,2026-06-27T05:00:00+00:00
LEAD-001558,CUST-001558,VEH-000203,SALES-022,Referral,Appointment Set,65,"profile=Warm, 30-day, vehicle selected",Preferences captured; comparing suitable vehicles and ownership costs.,2026-08-11T08:00:00+00:00
LEAD-001559,CUST-001559,,SALES-023,Website,Appointment Set,90,"profile=Hot, near-term, down payment",Specific near-term purchase intent; ready for inventory shortlist.,2026-05-12T16:00:00+00:00
LEAD-001560,CUST-001560,VEH-004940,SALES-024,Social Media,Appointment Set,37,"profile=Research, vehicle selected",Early research stage; provide options without pressuring for commitment.,2026-05-17T17:00:00+00:00
LEAD-001561,CUST-001561,VEH-006252,SALES-001,Vehicle Marketplace,Contacted,32,"profile=Edge Case, vehicle selected, down payment",Requirements may conflict with budget or contact preferences; clarify before action.,2026-08-06T00:00:00+00:00
LEAD-001562,CUST-001562,VEH-003123,SALES-002,Website,Contacted,42,"profile=Research, vehicle selected, down payment",Early research stage; provide options without pressuring for commitment.,2026-06-05T09:00:00+00:00
LEAD-001563,CUST-001563,VEH-003024,SALES-003,Social Media,New,90,"profile=Hot, 30-day, vehicle selected, down payment",Specific near-term purchase intent; ready for inventory shortlist.,2026-05-29T17:00:00+00:00
LEAD-001564,CUST-001564,,SALES-004,Referral,Contacted,58,"profile=Warm, 30-day",Preferences captured; comparing suitable vehicles and ownership costs.,2026-06-19T23:00:00+00:00
LEAD-001565,CUST-001565,VEH-004327,SALES-005,Social Media,Lost,92,"profile=Hot, near-term, vehicle selected",Specific near-term purchase intent; ready for inventory shortlist.,2026-07-21T08:00:00+00:00
LEAD-001566,CUST-001566,VEH-009687,SALES-006,Website,New,42,"profile=Research, vehicle selected, down payment",Early research stage; provide options without pressuring for commitment.,2026-07-13T09:00:00+00:00
LEAD-001567,CUST-001567,VEH-005315,SALES-007,Inbound Call,Appointment Set,37,"profile=Research, vehicle selected",Early research stage; provide options without pressuring for commitment.,2026-06-17T17:00:00+00:00
LEAD-001568,CUST-001568,VEH-005043,SALES-008,Website,Contacted,42,"profile=Research, vehicle selected, down payment",Early research stage; provide options without pressuring for commitment.,2026-08-03T08:00:00+00:00
LEAD-001569,CUST-001569,VEH-000971,SALES-009,Website,Appointment Set,97,"profile=Hot, near-term, vehicle selected, down payment",Specific near-term purchase intent; ready for inventory shortlist.,2026-06-22T01:00:00+00:00
LEAD-001570,CUST-001570,VEH-009129,SALES-010,Website,New,62,"profile=Warm, vehicle selected, down payment",Preferences captured; comparing suitable vehicles and ownership costs.,2026-08-17T16:00:00+00:00
LEAD-001571,CUST-001571,VEH-002688,SALES-011,Website,Contacted,62,"profile=Warm, vehicle selected, down payment",Preferences captured; comparing suitable vehicles and ownership costs.,2026-05-11T19:00:00+00:00
LEAD-001572,CUST-001572,VEH-007281,SALES-012,Social Media,Lost,57,"profile=Warm, vehicle selected",Preferences captured; comparing suitable vehicles and ownership costs.,2026-05-30T14:00:00+00:00
LEAD-001573,CUST-001573,VEH-009886,SALES-013,Vehicle Marketplace,Qualified,70,"profile=Warm, 30-day, vehicle selected, down payment",Preferences captured; comparing suitable vehicles and ownership costs.,2026-08-06T11:00:00+00:00
LEAD-001574,CUST-001574,VEH-000920,SALES-014,Vehicle Marketplace,Contacted,92,"profile=Hot, near-term, vehicle selected",Specific near-term purchase intent; ready for inventory shortlist.,2026-07-15T09:00:00+00:00
LEAD-001575,CUST-001575,VEH-007376,SALES-015,Paid Search,Qualified,62,"profile=Warm, vehicle selected, down payment",Preferences captured; comparing suitable vehicles and ownership costs.,2026-06-24T21:00:00+00:00
LEAD-001576,CUST-001576,VEH-005200,SALES-016,Referral,Contacted,62,"profile=Warm, vehicle selected, down payment",Preferences captured; comparing suitable vehicles and ownership costs.,2026-06-23T07:00:00+00:00
LEAD-001577,CUST-001577,VEH-008239,SALES-017,Referral,New,97,"profile=Hot, near-term, vehicle selected, down payment",Specific near-term purchase intent; ready for inventory shortlist.,2026-08-22T15:00:00+00:00
LEAD-001578,CUST-001578,VEH-003838,SALES-018,Referral,Appointment Set,42,"profile=Research, vehicle selected, down payment",Early research stage; provide options without pressuring for commitment.,2026-07-09T03:00:00+00:00
LEAD-001579,CUST-001579,VEH-008091,SALES-019,Social Media,New,42,"profile=Research, vehicle selected, down payment",Early research stage; provide options without pressuring for commitment.,2026-06-05T10:00:00+00:00
LEAD-001580,CUST-001580,VEH-003339,SALES-020,Paid Search,New,42,"profile=Research, vehicle selected, down payment",Early research stage; provide options without pressuring for commitment.,2026-08-17T19:00:00+00:00
LEAD-001581,CUST-001581,VEH-008419,SALES-021,Paid Search,New,62,"profile=Warm, vehicle selected, down payment",Preferences captured; comparing suitable vehicles and ownership costs.,2026-04-27T20:00:00+00:00
LEAD-001582,CUST-001582,VEH-008070,SALES-022,Inbound Call,Qualified,37,"profile=Research, vehicle selected",Early research stage; provide options without pressuring for commitment.,2026-05-24T04:00:00+00:00
LEAD-001583,CUST-001583,VEH-001819,SALES-023,Social Media,New,92,"profile=Hot, near-term, vehicle selected",Specific near-term purchase intent; ready for inventory shortlist.,2026-06-04T05:00:00+00:00
LEAD-001584,CUST-001584,VEH-008176,SALES-024,Inbound Call,Contacted,65,"profile=Warm, 30-day, vehicle selected",Preferences captured; comparing suitable vehicles and ownership costs.,2026-06-03T18:00:00+00:00
LEAD-001585,CUST-001585,VEH-000462,SALES-001,Website,New,37,"profile=Research, vehicle selected",Early research stage; provide options without pressuring for commitment.,2026-07-25T06:00:00+00:00
LEAD-001586,CUST-001586,VEH-006273,SALES-002,Website,Contacted,42,"profile=Research, vehicle selected, down payment",Early research stage; provide options without pressuring for commitment.,2026-05-15T21:00:00+00:00
LEAD-001587,CUST-001587,VEH-005778,SALES-003,Vehicle Marketplace,New,42,"profile=Research, vehicle selected, down payment",Early research stage; provide options without pressuring for commitment.,2026-05-18T19:00:00+00:00
LEAD-001588,CUST-001588,VEH-009693,SALES-004,Referral,Appointment Set,70,"profile=Warm, 30-day, vehicle selected, down payment",Preferences captured; comparing suitable vehicles and ownership costs.,2026-05-04T05:00:00+00:00
LEAD-001589,CUST-001589,VEH-009527,SALES-005,Vehicle Marketplace,New,62,"profile=Warm, vehicle selected, down payment",Preferences captured; comparing suitable vehicles and ownership costs.,2026-05-26T00:00:00+00:00
LEAD-001590,CUST-001590,,SALES-006,Inbound Call,New,58,"profile=Warm, 30-day",Preferences captured; comparing suitable vehicles and ownership costs.,2026-04-28T15:00:00+00:00
LEAD-001591,CUST-001591,VEH-005366,SALES-007,Website,Appointment Set,70,"profile=Warm, 30-day, vehicle selected, down payment",Preferences captured; comparing suitable vehicles and ownership costs.,2026-05-06T17:00:00+00:00
LEAD-001592,CUST-001592,VEH-008374,SALES-008,Website,Appointment Set,97,"profile=Hot, near-term, vehicle selected, down payment",Specific near-term purchase intent; ready for inventory shortlist.,2026-07-20T06:00:00+00:00
LEAD-001593,CUST-001593,,SALES-009,Referral,Lost,35,"profile=Research, down payment",Early research stage; provide options without pressuring for commitment.,2026-07-15T17:00:00+00:00
LEAD-001594,CUST-001594,VEH-008151,SALES-010,Website,Appointment Set,42,"profile=Research, vehicle selected, down payment",Early research stage; provide options without pressuring for commitment.,2026-06-14T00:00:00+00:00
LEAD-001595,CUST-001595,VEH-003049,SALES-011,Paid Search,Lost,62,"profile=Warm, vehicle selected, down payment",Preferences captured; comparing suitable vehicles and ownership costs.,2026-06-09T18:00:00+00:00
LEAD-001596,CUST-001596,VEH-004987,SALES-012,Website,Contacted,62,"profile=Warm, vehicle selected, down payment",Preferences captured; comparing suitable vehicles and ownership costs.,2026-05-19T15:00:00+00:00
LEAD-001597,CUST-001597,VEH-001405,SALES-013,Referral,Contacted,37,"profile=Research, vehicle selected",Early research stage; provide options without pressuring for commitment.,2026-06-02T06:00:00+00:00
LEAD-001598,CUST-001598,VEH-001624,SALES-014,Inbound Call,Qualified,85,"profile=Hot, 30-day, vehicle selected",Specific near-term purchase intent; ready for inventory shortlist.,2026-05-02T21:00:00+00:00
LEAD-001599,CUST-001599,,SALES-015,Website,New,55,"profile=Warm, down payment",Preferences captured; comparing suitable vehicles and ownership costs.,2026-06-21T19:00:00+00:00
LEAD-001600,CUST-001600,VEH-002532,SALES-016,Website,New,97,"profile=Hot, near-term, vehicle selected, down payment",Specific near-term purchase intent; ready for inventory shortlist.,2026-04-28T10:00:00+00:00
LEAD-001601,CUST-001601,,SALES-017,Website,New,35,"profile=Research, down payment",Early research stage; provide options without pressuring for commitment.,2026-08-10T01:00:00+00:00
LEAD-001602,CUST-001602,VEH-008630,SALES-018,Website,New,97,"profile=Hot, near-term, vehicle selected, down payment",Specific near-term purchase intent; ready for inventory shortlist.,2026-06-20T13:00:00+00:00
LEAD-001603,CUST-001603,VEH-003686,SALES-019,Inbound Call,Qualified,35,"profile=Edge Case, 30-day, vehicle selected",Requirements may conflict with budget or contact preferences; clarify before action.,2026-05-23T17:00:00+00:00
LEAD-001604,CUST-001604,VEH-000970,SALES-020,Inbound Call,New,42,"profile=Research, vehicle selected, down payment",Early research stage; provide options without pressuring for commitment.,2026-07-09T02:00:00+00:00
LEAD-001605,CUST-001605,VEH-004053,SALES-021,Social Media,Appointment Set,90,"profile=Hot, 30-day, vehicle selected, down payment",Specific near-term purchase intent; ready for inventory shortlist.,2026-08-08T13:00:00+00:00
LEAD-001606,CUST-001606,VEH-007800,SALES-022,Paid Search,Appointment Set,42,"profile=Research, vehicle selected, down payment",Early research stage; provide options without pressuring for commitment.,2026-08-09T01:00:00+00:00
LEAD-001607,CUST-001607,,SALES-023,Walk-In,Qualified,55,"profile=Warm, down payment",Preferences captured; comparing suitable vehicles and ownership costs.,2026-08-06T14:00:00+00:00
LEAD-001608,CUST-001608,VEH-003593,SALES-024,Website,Appointment Set,37,"profile=Research, vehicle selected",Early research stage; provide options without pressuring for commitment.,2026-07-16T17:00:00+00:00
LEAD-001609,CUST-001609,VEH-007001,SALES-001,Website,Contacted,42,"profile=Research, vehicle selected, down payment",Early research stage; provide options without pressuring for commitment.,2026-07-30T23:00:00+00:00
LEAD-001610,CUST-001610,VEH-008174,SALES-002,Website,Appointment Set,62,"profile=Warm, vehicle selected, down payment",Preferences captured; comparing suitable vehicles and ownership costs.,2026-07-03T11:00:00+00:00
LEAD-001611,CUST-001611,VEH-007045,SALES-003,Website,New,62,"profile=Warm, vehicle selected, down payment",Preferences captured; comparing suitable vehicles and ownership costs.,2026-07-08T13:00:00+00:00
LEAD-001612,CUST-001612,,SALES-004,Vehicle Marketplace,New,33,"profile=Edge Case, 30-day, down payment",Requirements may conflict with budget or contact preferences; clarify before action.,2026-05-09T04:00:00+00:00
LEAD-001613,CUST-001613,,SALES-005,Walk-In,Qualified,50,profile=Warm,Preferences captured; comparing suitable vehicles and ownership costs.,2026-07-28T09:00:00+00:00
LEAD-001614,CUST-001614,,SALES-006,Social Media,Contacted,90,"profile=Hot, near-term, down payment",Specific near-term purchase intent; ready for inventory shortlist.,2026-06-28T01:00:00+00:00
LEAD-001615,CUST-001615,VEH-008941,SALES-007,Walk-In,New,37,"profile=Research, vehicle selected",Early research stage; provide options without pressuring for commitment.,2026-08-08T16:00:00+00:00
LEAD-001616,CUST-001616,VEH-007384,SALES-008,Referral,New,42,"profile=Research, vehicle selected, down payment",Early research stage; provide options without pressuring for commitment.,2026-08-10T22:00:00+00:00
LEAD-001617,CUST-001617,VEH-008532,SALES-009,Vehicle Marketplace,Appointment Set,37,"profile=Research, vehicle selected",Early research stage; provide options without pressuring for commitment.,2026-05-23T09:00:00+00:00
LEAD-001618,CUST-001618,,SALES-010,Social Media,Qualified,55,"profile=Warm, down payment",Preferences captured; comparing suitable vehicles and ownership costs.,2026-07-21T05:00:00+00:00
LEAD-001619,CUST-001619,VEH-003649,SALES-011,Vehicle Marketplace,Lost,97,"profile=Hot, near-term, vehicle selected, down payment",Specific near-term purchase intent; ready for inventory shortlist.,2026-07-07T12:00:00+00:00
LEAD-001620,CUST-001620,,SALES-012,Website,Contacted,58,"profile=Warm, 30-day",Preferences captured; comparing suitable vehicles and ownership costs.,2026-08-10T01:00:00+00:00
LEAD-001621,CUST-001621,VEH-009076,SALES-013,Inbound Call,Appointment Set,42,"profile=Research, vehicle selected, down payment",Early research stage; provide options without pressuring for commitment.,2026-05-28T05:00:00+00:00
LEAD-001622,CUST-001622,VEH-001106,SALES-014,Paid Search,Appointment Set,42,"profile=Research, vehicle selected, down payment",Early research stage; provide options without pressuring for commitment.,2026-05-13T02:00:00+00:00
LEAD-001623,CUST-001623,VEH-001260,SALES-015,Inbound Call,Appointment Set,92,"profile=Hot, near-term, vehicle selected",Specific near-term purchase intent; ready for inventory shortlist.,2026-04-27T22:00:00+00:00
LEAD-001624,CUST-001624,VEH-006057,SALES-016,Vehicle Marketplace,New,65,"profile=Warm, 30-day, vehicle selected",Preferences captured; comparing suitable vehicles and ownership costs.,2026-05-17T12:00:00+00:00
LEAD-001625,CUST-001625,VEH-006150,SALES-017,Referral,Qualified,42,"profile=Research, vehicle selected, down payment",Early research stage; provide options without pressuring for commitment.,2026-06-09T09:00:00+00:00
LEAD-001626,CUST-001626,VEH-001276,SALES-018,Walk-In,Qualified,37,"profile=Research, vehicle selected",Early research stage; provide options without pressuring for commitment.,2026-08-25T07:00:00+00:00
LEAD-001627,CUST-001627,VEH-004798,SALES-019,Walk-In,Qualified,42,"profile=Research, vehicle selected, down payment",Early research stage; provide options without pressuring for commitment.,2026-05-19T18:00:00+00:00
LEAD-001628,CUST-001628,VEH-009665,SALES-020,Inbound Call,Appointment Set,70,"profile=Warm, 30-day, vehicle selected, down payment",Preferences captured; comparing suitable vehicles and ownership costs.,2026-06-22T19:00:00+00:00
LEAD-001629,CUST-001629,VEH-007769,SALES-021,Website,Won,42,"profile=Research, vehicle selected, down payment",Early research stage; provide options without pressuring for commitment.,2026-06-21T07:00:00+00:00
LEAD-001630,CUST-001630,VEH-001450,SALES-022,Vehicle Marketplace,Qualified,42,"profile=Research, vehicle selected, down payment",Early research stage; provide options without pressuring for commitment.,2026-05-11T08:00:00+00:00
LEAD-001631,CUST-001631,VEH-002299,SALES-023,Inbound Call,New,37,"profile=Research, vehicle selected",Early research stage; provide options without pressuring for commitment.,2026-08-04T16:00:00+00:00
LEAD-001632,CUST-001632,,SALES-024,Paid Search,Appointment Set,63,"profile=Warm, 30-day, down payment",Preferences captured; comparing suitable vehicles and ownership costs.,2026-04-27T19:00:00+00:00
LEAD-001633,CUST-001633,VEH-009780,SALES-001,Paid Search,Qualified,42,"profile=Research, vehicle selected, down payment",Early research stage; provide options without pressuring for commitment.,2026-05-05T23:00:00+00:00
LEAD-001634,CUST-001634,VEH-004908,SALES-002,Paid Search,Appointment Set,97,"profile=Hot, near-term, vehicle selected, down payment",Specific near-term purchase intent; ready for inventory shortlist.,2026-07-09T21:00:00+00:00
LEAD-001635,CUST-001635,,SALES-003,Website,Won,63,"profile=Warm, 30-day, down payment",Preferences captured; comparing suitable vehicles and ownership costs.,2026-06-16T05:00:00+00:00
LEAD-001636,CUST-001636,VEH-001892,SALES-004,Paid Search,Qualified,97,"profile=Hot, near-term, vehicle selected, down payment",Specific near-term purchase intent; ready for inventory shortlist.,2026-08-25T01:00:00+00:00
LEAD-001637,CUST-001637,VEH-004098,SALES-005,Paid Search,New,70,"profile=Warm, 30-day, vehicle selected, down payment",Preferences captured; comparing suitable vehicles and ownership costs.,2026-05-07T08:00:00+00:00
LEAD-001638,CUST-001638,VEH-005511,SALES-006,Vehicle Marketplace,Contacted,62,"profile=Warm, vehicle selected, down payment",Preferences captured; comparing suitable vehicles and ownership costs.,2026-08-19T22:00:00+00:00
LEAD-001639,CUST-001639,VEH-002425,SALES-007,Social Media,Lost,70,"profile=Warm, 30-day, vehicle selected, down payment",Preferences captured; comparing suitable vehicles and ownership costs.,2026-04-29T19:00:00+00:00
LEAD-001640,CUST-001640,,SALES-008,Referral,Contacted,58,"profile=Warm, 30-day",Preferences captured; comparing suitable vehicles and ownership costs.,2026-08-10T13:00:00+00:00
LEAD-001641,CUST-001641,VEH-001708,SALES-009,Social Media,Won,65,"profile=Warm, 30-day, vehicle selected",Preferences captured; comparing suitable vehicles and ownership costs.,2026-08-09T01:00:00+00:00
LEAD-001642,CUST-001642,VEH-000950,SALES-010,Vehicle Marketplace,Qualified,70,"profile=Warm, 30-day, vehicle selected, down payment",Preferences captured; comparing suitable vehicles and ownership costs.,2026-07-27T19:00:00+00:00
LEAD-001643,CUST-001643,VEH-006784,SALES-011,Website,Contacted,42,"profile=Research, vehicle selected, down payment",Early research stage; provide options without pressuring for commitment.,2026-08-18T09:00:00+00:00
LEAD-001644,CUST-001644,VEH-003399,SALES-012,Walk-In,Qualified,37,"profile=Research, vehicle selected",Early research stage; provide options without pressuring for commitment.,2026-05-26T03:00:00+00:00
LEAD-001645,CUST-001645,VEH-002572,SALES-013,Inbound Call,Appointment Set,97,"profile=Hot, near-term, vehicle selected, down payment",Specific near-term purchase intent; ready for inventory shortlist.,2026-08-15T06:00:00+00:00
LEAD-001646,CUST-001646,,SALES-014,Inbound Call,Appointment Set,55,"profile=Warm, down payment",Preferences captured; comparing suitable vehicles and ownership costs.,2026-05-24T18:00:00+00:00
LEAD-001647,CUST-001647,,SALES-015,Paid Search,Appointment Set,63,"profile=Warm, 30-day, down payment",Preferences captured; comparing suitable vehicles and ownership costs.,2026-08-25T01:00:00+00:00
LEAD-001648,CUST-001648,,SALES-016,Walk-In,New,35,"profile=Research, down payment",Early research stage; provide options without pressuring for commitment.,2026-05-21T05:00:00+00:00
LEAD-001649,CUST-001649,VEH-000559,SALES-017,Inbound Call,New,62,"profile=Warm, vehicle selected, down payment",Preferences captured; comparing suitable vehicles and ownership costs.,2026-06-26T22:00:00+00:00
LEAD-001650,CUST-001650,,SALES-018,Vehicle Marketplace,Qualified,90,"profile=Hot, near-term, down payment",Specific near-term purchase intent; ready for inventory shortlist.,2026-07-06T18:00:00+00:00
LEAD-001651,CUST-001651,VEH-003681,SALES-019,Inbound Call,Qualified,97,"profile=Hot, near-term, vehicle selected, down payment",Specific near-term purchase intent; ready for inventory shortlist.,2026-07-31T10:00:00+00:00
LEAD-001652,CUST-001652,VEH-000421,SALES-020,Referral,Qualified,57,"profile=Warm, vehicle selected",Preferences captured; comparing suitable vehicles and ownership costs.,2026-05-15T03:00:00+00:00
LEAD-001653,CUST-001653,,SALES-021,Website,Appointment Set,30,profile=Research,Early research stage; provide options without pressuring for commitment.,2026-08-25T00:00:00+00:00
LEAD-001654,CUST-001654,,SALES-022,Walk-In,New,63,"profile=Warm, 30-day, down payment",Preferences captured; comparing suitable vehicles and ownership costs.,2026-07-01T20:00:00+00:00
LEAD-001655,CUST-001655,VEH-002278,SALES-023,Walk-In,Lost,97,"profile=Hot, near-term, vehicle selected, down payment",Specific near-term purchase intent; ready for inventory shortlist.,2026-04-29T09:00:00+00:00
LEAD-001656,CUST-001656,VEH-003797,SALES-024,Walk-In,Appointment Set,62,"profile=Warm, vehicle selected, down payment",Preferences captured; comparing suitable vehicles and ownership costs.,2026-05-08T12:00:00+00:00
LEAD-001657,CUST-001657,,SALES-001,Social Media,Qualified,40,"profile=Edge Case, near-term, down payment",Requirements may conflict with budget or contact preferences; clarify before action.,2026-06-10T18:00:00+00:00
LEAD-001658,CUST-001658,VEH-003122,SALES-002,Referral,Contacted,70,"profile=Warm, 30-day, vehicle selected, down payment",Preferences captured; comparing suitable vehicles and ownership costs.,2026-05-22T03:00:00+00:00
LEAD-001659,CUST-001659,,SALES-003,Website,Qualified,58,"profile=Warm, 30-day",Preferences captured; comparing suitable vehicles and ownership costs.,2026-07-29T03:00:00+00:00
LEAD-001660,CUST-001660,VEH-004237,SALES-004,Walk-In,New,97,"profile=Hot, near-term, vehicle selected, down payment",Specific near-term purchase intent; ready for inventory shortlist.,2026-05-03T05:00:00+00:00
LEAD-001661,CUST-001661,VEH-003991,SALES-005,Inbound Call,Appointment Set,37,"profile=Research, vehicle selected",Early research stage; provide options without pressuring for commitment.,2026-04-30T05:00:00+00:00
LEAD-001662,CUST-001662,VEH-009907,SALES-006,Inbound Call,Qualified,42,"profile=Research, vehicle selected, down payment",Early research stage; provide options without pressuring for commitment.,2026-06-08T23:00:00+00:00
LEAD-001663,CUST-001663,VEH-008839,SALES-007,Social Media,Qualified,70,"profile=Warm, 30-day, vehicle selected, down payment",Preferences captured; comparing suitable vehicles and ownership costs.,2026-07-09T10:00:00+00:00
LEAD-001664,CUST-001664,VEH-003700,SALES-008,Walk-In,Qualified,92,"profile=Hot, near-term, vehicle selected",Specific near-term purchase intent; ready for inventory shortlist.,2026-06-03T12:00:00+00:00
LEAD-001665,CUST-001665,VEH-005330,SALES-009,Paid Search,Won,42,"profile=Research, vehicle selected, down payment",Early research stage; provide options without pressuring for commitment.,2026-05-29T11:00:00+00:00
LEAD-001666,CUST-001666,VEH-007227,SALES-010,Walk-In,Contacted,37,"profile=Research, vehicle selected",Early research stage; provide options without pressuring for commitment.,2026-07-18T13:00:00+00:00
LEAD-001667,CUST-001667,VEH-000107,SALES-011,Inbound Call,New,42,"profile=Research, vehicle selected, down payment",Early research stage; provide options without pressuring for commitment.,2026-06-24T07:00:00+00:00
LEAD-001668,CUST-001668,VEH-004766,SALES-012,Social Media,Qualified,70,"profile=Warm, 30-day, vehicle selected, down payment",Preferences captured; comparing suitable vehicles and ownership costs.,2026-05-14T06:00:00+00:00
LEAD-001669,CUST-001669,VEH-000458,SALES-013,Website,Appointment Set,42,"profile=Research, vehicle selected, down payment",Early research stage; provide options without pressuring for commitment.,2026-07-13T11:00:00+00:00
LEAD-001670,CUST-001670,,SALES-014,Social Media,New,83,"profile=Hot, 30-day, down payment",Specific near-term purchase intent; ready for inventory shortlist.,2026-06-24T09:00:00+00:00
LEAD-001671,CUST-001671,,SALES-015,Paid Search,Lost,55,"profile=Warm, down payment",Preferences captured; comparing suitable vehicles and ownership costs.,2026-07-24T04:00:00+00:00
LEAD-001672,CUST-001672,VEH-006459,SALES-016,Website,Contacted,32,"profile=Edge Case, vehicle selected, down payment",Requirements may conflict with budget or contact preferences; clarify before action.,2026-07-03T07:00:00+00:00
LEAD-001673,CUST-001673,,SALES-017,Referral,Appointment Set,63,"profile=Warm, 30-day, down payment",Preferences captured; comparing suitable vehicles and ownership costs.,2026-06-20T23:00:00+00:00
LEAD-001674,CUST-001674,VEH-001826,SALES-018,Referral,Qualified,97,"profile=Hot, near-term, vehicle selected, down payment",Specific near-term purchase intent; ready for inventory shortlist.,2026-05-15T22:00:00+00:00
LEAD-001675,CUST-001675,VEH-002459,SALES-019,Walk-In,New,57,"profile=Warm, vehicle selected",Preferences captured; comparing suitable vehicles and ownership costs.,2026-05-02T11:00:00+00:00
LEAD-001676,CUST-001676,VEH-007425,SALES-020,Website,Contacted,70,"profile=Warm, 30-day, vehicle selected, down payment",Preferences captured; comparing suitable vehicles and ownership costs.,2026-08-23T16:00:00+00:00
LEAD-001677,CUST-001677,VEH-008709,SALES-021,Referral,New,65,"profile=Warm, 30-day, vehicle selected",Preferences captured; comparing suitable vehicles and ownership costs.,2026-07-05T10:00:00+00:00
LEAD-001678,CUST-001678,VEH-007110,SALES-022,Social Media,Lost,37,"profile=Research, vehicle selected",Early research stage; provide options without pressuring for commitment.,2026-06-14T02:00:00+00:00
LEAD-001679,CUST-001679,VEH-008438,SALES-023,Inbound Call,Contacted,92,"profile=Hot, near-term, vehicle selected",Specific near-term purchase intent; ready for inventory shortlist.,2026-07-14T11:00:00+00:00
LEAD-001680,CUST-001680,,SALES-024,Referral,Contacted,55,"profile=Warm, down payment",Preferences captured; comparing suitable vehicles and ownership costs.,2026-07-16T14:00:00+00:00
LEAD-001681,CUST-001681,VEH-003188,SALES-001,Referral,Qualified,70,"profile=Warm, 30-day, vehicle selected, down payment",Preferences captured; comparing suitable vehicles and ownership costs.,2026-07-08T07:00:00+00:00
LEAD-001682,CUST-001682,VEH-001188,SALES-002,Vehicle Marketplace,Appointment Set,90,"profile=Hot, 30-day, vehicle selected, down payment",Specific near-term purchase intent; ready for inventory shortlist.,2026-06-05T09:00:00+00:00
LEAD-001683,CUST-001683,,SALES-003,Vehicle Marketplace,Lost,50,profile=Warm,Preferences captured; comparing suitable vehicles and ownership costs.,2026-07-20T23:00:00+00:00
LEAD-001684,CUST-001684,,SALES-004,Inbound Call,Contacted,83,"profile=Hot, 30-day, down payment",Specific near-term purchase intent; ready for inventory shortlist.,2026-05-31T05:00:00+00:00
LEAD-001685,CUST-001685,VEH-008704,SALES-005,Website,New,42,"profile=Research, vehicle selected, down payment",Early research stage; provide options without pressuring for commitment.,2026-08-08T20:00:00+00:00
LEAD-001686,CUST-001686,VEH-003385,SALES-006,Inbound Call,New,97,"profile=Hot, near-term, vehicle selected, down payment",Specific near-term purchase intent; ready for inventory shortlist.,2026-06-19T23:00:00+00:00
LEAD-001687,CUST-001687,VEH-003655,SALES-007,Inbound Call,New,37,"profile=Research, vehicle selected",Early research stage; provide options without pressuring for commitment.,2026-04-29T21:00:00+00:00
LEAD-001688,CUST-001688,VEH-005226,SALES-008,Inbound Call,Qualified,62,"profile=Warm, vehicle selected, down payment",Preferences captured; comparing suitable vehicles and ownership costs.,2026-05-04T13:00:00+00:00
LEAD-001689,CUST-001689,VEH-001862,SALES-009,Website,New,40,"profile=Edge Case, 30-day, vehicle selected, down payment",Requirements may conflict with budget or contact preferences; clarify before action.,2026-06-29T20:00:00+00:00
LEAD-001690,CUST-001690,VEH-000565,SALES-010,Website,Contacted,37,"profile=Research, vehicle selected",Early research stage; provide options without pressuring for commitment.,2026-04-30T05:00:00+00:00
LEAD-001691,CUST-001691,VEH-002038,SALES-011,Walk-In,Appointment Set,62,"profile=Warm, vehicle selected, down payment",Preferences captured; comparing suitable vehicles and ownership costs.,2026-05-17T03:00:00+00:00
LEAD-001692,CUST-001692,VEH-008243,SALES-012,Inbound Call,Appointment Set,62,"profile=Warm, vehicle selected, down payment",Preferences captured; comparing suitable vehicles and ownership costs.,2026-05-25T09:00:00+00:00
LEAD-001693,CUST-001693,,SALES-013,Website,Appointment Set,63,"profile=Warm, 30-day, down payment",Preferences captured; comparing suitable vehicles and ownership costs.,2026-07-29T02:00:00+00:00
LEAD-001694,CUST-001694,VEH-002897,SALES-014,Inbound Call,Lost,70,"profile=Warm, 30-day, vehicle selected, down payment",Preferences captured; comparing suitable vehicles and ownership costs.,2026-07-13T01:00:00+00:00
LEAD-001695,CUST-001695,VEH-009081,SALES-015,Social Media,Lost,42,"profile=Research, vehicle selected, down payment",Early research stage; provide options without pressuring for commitment.,2026-08-23T01:00:00+00:00
LEAD-001696,CUST-001696,VEH-000751,SALES-016,Website,New,62,"profile=Warm, vehicle selected, down payment",Preferences captured; comparing suitable vehicles and ownership costs.,2026-08-25T06:00:00+00:00
LEAD-001697,CUST-001697,VEH-006024,SALES-017,Vehicle Marketplace,Appointment Set,97,"profile=Hot, near-term, vehicle selected, down payment",Specific near-term purchase intent; ready for inventory shortlist.,2026-08-05T08:00:00+00:00
LEAD-001698,CUST-001698,VEH-006055,SALES-018,Website,Appointment Set,62,"profile=Warm, vehicle selected, down payment",Preferences captured; comparing suitable vehicles and ownership costs.,2026-06-15T16:00:00+00:00
LEAD-001699,CUST-001699,VEH-000217,SALES-019,Walk-In,Contacted,62,"profile=Warm, vehicle selected, down payment",Preferences captured; comparing suitable vehicles and ownership costs.,2026-06-06T16:00:00+00:00
LEAD-001700,CUST-001700,VEH-007088,SALES-020,Inbound Call,Qualified,62,"profile=Warm, vehicle selected, down payment",Preferences captured; comparing suitable vehicles and ownership costs.,2026-07-12T20:00:00+00:00
LEAD-001701,CUST-001701,VEH-003771,SALES-021,Inbound Call,Qualified,70,"profile=Warm, 30-day, vehicle selected, down payment",Preferences captured; comparing suitable vehicles and ownership costs.,2026-06-29T05:00:00+00:00
LEAD-001702,CUST-001702,VEH-004506,SALES-022,Paid Search,Contacted,90,"profile=Hot, 30-day, vehicle selected, down payment",Specific near-term purchase intent; ready for inventory shortlist.,2026-05-16T12:00:00+00:00
LEAD-001703,CUST-001703,VEH-000334,SALES-023,Website,Qualified,62,"profile=Warm, vehicle selected, down payment",Preferences captured; comparing suitable vehicles and ownership costs.,2026-05-07T23:00:00+00:00
LEAD-001704,CUST-001704,VEH-002154,SALES-024,Social Media,New,97,"profile=Hot, near-term, vehicle selected, down payment",Specific near-term purchase intent; ready for inventory shortlist.,2026-05-01T07:00:00+00:00
LEAD-001705,CUST-001705,VEH-009633,SALES-001,Website,Contacted,70,"profile=Warm, 30-day, vehicle selected, down payment",Preferences captured; comparing suitable vehicles and ownership costs.,2026-05-18T16:00:00+00:00
LEAD-001706,CUST-001706,VEH-003278,SALES-002,Walk-In,Contacted,70,"profile=Warm, 30-day, vehicle selected, down payment",Preferences captured; comparing suitable vehicles and ownership costs.,2026-05-13T03:00:00+00:00
LEAD-001707,CUST-001707,VEH-003608,SALES-003,Vehicle Marketplace,New,70,"profile=Warm, 30-day, vehicle selected, down payment",Preferences captured; comparing suitable vehicles and ownership costs.,2026-06-26T09:00:00+00:00
LEAD-001708,CUST-001708,VEH-005707,SALES-004,Inbound Call,New,92,"profile=Hot, near-term, vehicle selected",Specific near-term purchase intent; ready for inventory shortlist.,2026-05-28T22:00:00+00:00
LEAD-001709,CUST-001709,VEH-008697,SALES-005,Inbound Call,Contacted,70,"profile=Warm, 30-day, vehicle selected, down payment",Preferences captured; comparing suitable vehicles and ownership costs.,2026-07-05T22:00:00+00:00
LEAD-001710,CUST-001710,VEH-005213,SALES-006,Inbound Call,Qualified,37,"profile=Research, vehicle selected",Early research stage; provide options without pressuring for commitment.,2026-08-10T13:00:00+00:00
LEAD-001711,CUST-001711,VEH-008478,SALES-007,Social Media,New,92,"profile=Hot, near-term, vehicle selected",Specific near-term purchase intent; ready for inventory shortlist.,2026-06-08T10:00:00+00:00
LEAD-001712,CUST-001712,VEH-007593,SALES-008,Website,Qualified,97,"profile=Hot, near-term, vehicle selected, down payment",Specific near-term purchase intent; ready for inventory shortlist.,2026-04-30T12:00:00+00:00
LEAD-001713,CUST-001713,VEH-001174,SALES-009,Inbound Call,Contacted,37,"profile=Research, vehicle selected",Early research stage; provide options without pressuring for commitment.,2026-08-10T19:00:00+00:00
LEAD-001714,CUST-001714,VEH-005089,SALES-010,Website,Contacted,65,"profile=Warm, 30-day, vehicle selected",Preferences captured; comparing suitable vehicles and ownership costs.,2026-07-01T01:00:00+00:00
LEAD-001715,CUST-001715,VEH-007162,SALES-011,Inbound Call,New,57,"profile=Warm, vehicle selected",Preferences captured; comparing suitable vehicles and ownership costs.,2026-08-07T03:00:00+00:00
LEAD-001716,CUST-001716,VEH-007011,SALES-012,Referral,Qualified,62,"profile=Warm, vehicle selected, down payment",Preferences captured; comparing suitable vehicles and ownership costs.,2026-04-26T21:00:00+00:00
LEAD-001717,CUST-001717,,SALES-013,Paid Search,Appointment Set,35,"profile=Research, down payment",Early research stage; provide options without pressuring for commitment.,2026-08-21T15:00:00+00:00
LEAD-001718,CUST-001718,VEH-008901,SALES-014,Website,New,92,"profile=Hot, near-term, vehicle selected",Specific near-term purchase intent; ready for inventory shortlist.,2026-07-27T18:00:00+00:00
LEAD-001719,CUST-001719,VEH-005210,SALES-015,Paid Search,Qualified,62,"profile=Warm, vehicle selected, down payment",Preferences captured; comparing suitable vehicles and ownership costs.,2026-08-17T00:00:00+00:00
LEAD-001720,CUST-001720,VEH-008231,SALES-016,Referral,Contacted,42,"profile=Research, vehicle selected, down payment",Early research stage; provide options without pressuring for commitment.,2026-06-19T15:00:00+00:00
LEAD-001721,CUST-001721,VEH-007634,SALES-017,Social Media,Appointment Set,42,"profile=Research, vehicle selected, down payment",Early research stage; provide options without pressuring for commitment.,2026-05-19T19:00:00+00:00
LEAD-001722,CUST-001722,VEH-005539,SALES-018,Inbound Call,Appointment Set,62,"profile=Warm, vehicle selected, down payment",Preferences captured; comparing suitable vehicles and ownership costs.,2026-08-18T16:00:00+00:00
LEAD-001723,CUST-001723,,SALES-019,Paid Search,New,55,"profile=Warm, down payment",Preferences captured; comparing suitable vehicles and ownership costs.,2026-06-30T18:00:00+00:00
LEAD-001724,CUST-001724,VEH-002069,SALES-020,Inbound Call,Contacted,42,"profile=Research, vehicle selected, down payment",Early research stage; provide options without pressuring for commitment.,2026-06-30T10:00:00+00:00
LEAD-001725,CUST-001725,,SALES-021,Inbound Call,Contacted,55,"profile=Warm, down payment",Preferences captured; comparing suitable vehicles and ownership costs.,2026-05-20T01:00:00+00:00
LEAD-001726,CUST-001726,,SALES-022,Inbound Call,Qualified,90,"profile=Hot, near-term, down payment",Specific near-term purchase intent; ready for inventory shortlist.,2026-07-10T00:00:00+00:00
LEAD-001727,CUST-001727,,SALES-023,Paid Search,New,58,"profile=Warm, 30-day",Preferences captured; comparing suitable vehicles and ownership costs.,2026-08-23T17:00:00+00:00
LEAD-001728,CUST-001728,VEH-005853,SALES-024,Website,Appointment Set,92,"profile=Hot, near-term, vehicle selected",Specific near-term purchase intent; ready for inventory shortlist.,2026-05-17T16:00:00+00:00
LEAD-001729,CUST-001729,VEH-005207,SALES-001,Vehicle Marketplace,Qualified,65,"profile=Warm, 30-day, vehicle selected",Preferences captured; comparing suitable vehicles and ownership costs.,2026-08-14T03:00:00+00:00
LEAD-001730,CUST-001730,VEH-005363,SALES-002,Referral,Contacted,70,"profile=Warm, 30-day, vehicle selected, down payment",Preferences captured; comparing suitable vehicles and ownership costs.,2026-05-06T03:00:00+00:00
LEAD-001731,CUST-001731,VEH-007953,SALES-003,Website,Contacted,40,"profile=Edge Case, 30-day, vehicle selected, down payment",Requirements may conflict with budget or contact preferences; clarify before action.,2026-08-06T22:00:00+00:00
LEAD-001732,CUST-001732,VEH-008257,SALES-004,Referral,Appointment Set,47,"profile=Edge Case, near-term, vehicle selected, down payment",Requirements may conflict with budget or contact preferences; clarify before action.,2026-05-17T22:00:00+00:00
LEAD-001733,CUST-001733,VEH-009998,SALES-005,Vehicle Marketplace,New,62,"profile=Warm, vehicle selected, down payment",Preferences captured; comparing suitable vehicles and ownership costs.,2026-04-29T10:00:00+00:00
LEAD-001734,CUST-001734,VEH-007153,SALES-006,Website,Lost,70,"profile=Warm, 30-day, vehicle selected, down payment",Preferences captured; comparing suitable vehicles and ownership costs.,2026-08-10T01:00:00+00:00
LEAD-001735,CUST-001735,VEH-009548,SALES-007,Walk-In,Contacted,65,"profile=Warm, 30-day, vehicle selected",Preferences captured; comparing suitable vehicles and ownership costs.,2026-04-26T13:00:00+00:00
LEAD-001736,CUST-001736,VEH-006043,SALES-008,Website,Contacted,65,"profile=Warm, 30-day, vehicle selected",Preferences captured; comparing suitable vehicles and ownership costs.,2026-05-18T16:00:00+00:00
LEAD-001737,CUST-001737,VEH-006640,SALES-009,Social Media,New,37,"profile=Research, vehicle selected",Early research stage; provide options without pressuring for commitment.,2026-08-21T04:00:00+00:00
LEAD-001738,CUST-001738,VEH-008147,SALES-010,Inbound Call,Qualified,70,"profile=Warm, 30-day, vehicle selected, down payment",Preferences captured; comparing suitable vehicles and ownership costs.,2026-08-19T00:00:00+00:00
LEAD-001739,CUST-001739,VEH-000030,SALES-011,Inbound Call,Appointment Set,65,"profile=Warm, 30-day, vehicle selected",Preferences captured; comparing suitable vehicles and ownership costs.,2026-08-06T22:00:00+00:00
LEAD-001740,CUST-001740,VEH-004622,SALES-012,Website,Qualified,90,"profile=Hot, 30-day, vehicle selected, down payment",Specific near-term purchase intent; ready for inventory shortlist.,2026-07-02T23:00:00+00:00
LEAD-001741,CUST-001741,VEH-000386,SALES-013,Vehicle Marketplace,New,70,"profile=Warm, 30-day, vehicle selected, down payment",Preferences captured; comparing suitable vehicles and ownership costs.,2026-05-26T20:00:00+00:00
LEAD-001742,CUST-001742,VEH-003214,SALES-014,Social Media,Contacted,57,"profile=Warm, vehicle selected",Preferences captured; comparing suitable vehicles and ownership costs.,2026-05-18T10:00:00+00:00
LEAD-001743,CUST-001743,VEH-003916,SALES-015,Website,Qualified,97,"profile=Hot, near-term, vehicle selected, down payment",Specific near-term purchase intent; ready for inventory shortlist.,2026-06-15T04:00:00+00:00
LEAD-001744,CUST-001744,VEH-003158,SALES-016,Inbound Call,Qualified,37,"profile=Research, vehicle selected",Early research stage; provide options without pressuring for commitment.,2026-08-12T02:00:00+00:00
LEAD-001745,CUST-001745,VEH-002291,SALES-017,Referral,New,65,"profile=Warm, 30-day, vehicle selected",Preferences captured; comparing suitable vehicles and ownership costs.,2026-08-19T05:00:00+00:00
LEAD-001746,CUST-001746,VEH-000015,SALES-018,Vehicle Marketplace,Contacted,90,"profile=Hot, 30-day, vehicle selected, down payment",Specific near-term purchase intent; ready for inventory shortlist.,2026-06-22T14:00:00+00:00
LEAD-001747,CUST-001747,VEH-003858,SALES-019,Paid Search,Qualified,57,"profile=Warm, vehicle selected",Preferences captured; comparing suitable vehicles and ownership costs.,2026-08-10T11:00:00+00:00
LEAD-001748,CUST-001748,VEH-009890,SALES-020,Website,Contacted,42,"profile=Research, vehicle selected, down payment",Early research stage; provide options without pressuring for commitment.,2026-07-30T06:00:00+00:00
LEAD-001749,CUST-001749,,SALES-021,Walk-In,Lost,63,"profile=Warm, 30-day, down payment",Preferences captured; comparing suitable vehicles and ownership costs.,2026-07-06T15:00:00+00:00
LEAD-001750,CUST-001750,VEH-004487,SALES-022,Referral,Appointment Set,42,"profile=Research, vehicle selected, down payment",Early research stage; provide options without pressuring for commitment.,2026-08-02T04:00:00+00:00
LEAD-001751,CUST-001751,VEH-006714,SALES-023,Inbound Call,Contacted,42,"profile=Research, vehicle selected, down payment",Early research stage; provide options without pressuring for commitment.,2026-08-11T02:00:00+00:00
LEAD-001752,CUST-001752,VEH-001876,SALES-024,Website,New,42,"profile=Research, vehicle selected, down payment",Early research stage; provide options without pressuring for commitment.,2026-07-12T20:00:00+00:00
LEAD-001753,CUST-001753,,SALES-001,Inbound Call,Contacted,35,"profile=Research, down payment",Early research stage; provide options without pressuring for commitment.,2026-08-11T22:00:00+00:00
LEAD-001754,CUST-001754,VEH-008173,SALES-002,Referral,New,65,"profile=Warm, 30-day, vehicle selected",Preferences captured; comparing suitable vehicles and ownership costs.,2026-05-21T23:00:00+00:00
LEAD-001755,CUST-001755,,SALES-003,Walk-In,Appointment Set,58,"profile=Warm, 30-day",Preferences captured; comparing suitable vehicles and ownership costs.,2026-06-16T12:00:00+00:00
LEAD-001756,CUST-001756,,SALES-004,Referral,New,63,"profile=Warm, 30-day, down payment",Preferences captured; comparing suitable vehicles and ownership costs.,2026-06-29T08:00:00+00:00
LEAD-001757,CUST-001757,,SALES-005,Paid Search,New,85,"profile=Hot, near-term",Specific near-term purchase intent; ready for inventory shortlist.,2026-07-22T19:00:00+00:00
LEAD-001758,CUST-001758,VEH-005125,SALES-006,Vehicle Marketplace,Appointment Set,90,"profile=Hot, 30-day, vehicle selected, down payment",Specific near-term purchase intent; ready for inventory shortlist.,2026-07-21T03:00:00+00:00
LEAD-001759,CUST-001759,VEH-008441,SALES-007,Paid Search,Qualified,47,"profile=Edge Case, near-term, vehicle selected, down payment",Requirements may conflict with budget or contact preferences; clarify before action.,2026-08-04T01:00:00+00:00
LEAD-001760,CUST-001760,,SALES-008,Website,New,83,"profile=Hot, 30-day, down payment",Specific near-term purchase intent; ready for inventory shortlist.,2026-05-12T06:00:00+00:00
LEAD-001761,CUST-001761,VEH-008495,SALES-009,Website,Won,90,"profile=Hot, 30-day, vehicle selected, down payment",Specific near-term purchase intent; ready for inventory shortlist.,2026-05-21T19:00:00+00:00
LEAD-001762,CUST-001762,VEH-001352,SALES-010,Website,Appointment Set,42,"profile=Research, vehicle selected, down payment",Early research stage; provide options without pressuring for commitment.,2026-05-06T17:00:00+00:00
LEAD-001763,CUST-001763,VEH-000941,SALES-011,Website,New,65,"profile=Warm, 30-day, vehicle selected",Preferences captured; comparing suitable vehicles and ownership costs.,2026-06-11T20:00:00+00:00
LEAD-001764,CUST-001764,VEH-002721,SALES-012,Paid Search,Contacted,42,"profile=Research, vehicle selected, down payment",Early research stage; provide options without pressuring for commitment.,2026-07-10T19:00:00+00:00
LEAD-001765,CUST-001765,,SALES-013,Paid Search,Appointment Set,58,"profile=Warm, 30-day",Preferences captured; comparing suitable vehicles and ownership costs.,2026-05-13T05:00:00+00:00
LEAD-001766,CUST-001766,VEH-009708,SALES-014,Paid Search,Appointment Set,62,"profile=Warm, vehicle selected, down payment",Preferences captured; comparing suitable vehicles and ownership costs.,2026-08-03T08:00:00+00:00
LEAD-001767,CUST-001767,VEH-000775,SALES-015,Website,New,85,"profile=Hot, 30-day, vehicle selected",Specific near-term purchase intent; ready for inventory shortlist.,2026-05-23T16:00:00+00:00
LEAD-001768,CUST-001768,VEH-000447,SALES-016,Vehicle Marketplace,Lost,70,"profile=Warm, 30-day, vehicle selected, down payment",Preferences captured; comparing suitable vehicles and ownership costs.,2026-06-17T15:00:00+00:00
LEAD-001769,CUST-001769,VEH-007603,SALES-017,Social Media,New,70,"profile=Warm, 30-day, vehicle selected, down payment",Preferences captured; comparing suitable vehicles and ownership costs.,2026-06-01T11:00:00+00:00
LEAD-001770,CUST-001770,VEH-008065,SALES-018,Website,Appointment Set,62,"profile=Warm, vehicle selected, down payment",Preferences captured; comparing suitable vehicles and ownership costs.,2026-08-14T23:00:00+00:00
LEAD-001771,CUST-001771,VEH-007710,SALES-019,Walk-In,Contacted,70,"profile=Warm, 30-day, vehicle selected, down payment",Preferences captured; comparing suitable vehicles and ownership costs.,2026-08-20T01:00:00+00:00
LEAD-001772,CUST-001772,VEH-002331,SALES-020,Website,New,37,"profile=Research, vehicle selected",Early research stage; provide options without pressuring for commitment.,2026-05-11T15:00:00+00:00
LEAD-001773,CUST-001773,VEH-001381,SALES-021,Social Media,Qualified,70,"profile=Warm, 30-day, vehicle selected, down payment",Preferences captured; comparing suitable vehicles and ownership costs.,2026-08-17T22:00:00+00:00
LEAD-001774,CUST-001774,VEH-007026,SALES-022,Paid Search,New,97,"profile=Hot, near-term, vehicle selected, down payment",Specific near-term purchase intent; ready for inventory shortlist.,2026-07-04T12:00:00+00:00
LEAD-001775,CUST-001775,VEH-003167,SALES-023,Walk-In,New,42,"profile=Research, vehicle selected, down payment",Early research stage; provide options without pressuring for commitment.,2026-08-04T15:00:00+00:00
LEAD-001776,CUST-001776,VEH-008489,SALES-024,Inbound Call,Qualified,57,"profile=Warm, vehicle selected",Preferences captured; comparing suitable vehicles and ownership costs.,2026-07-28T23:00:00+00:00
LEAD-001777,CUST-001777,VEH-002910,SALES-001,Inbound Call,Appointment Set,70,"profile=Warm, 30-day, vehicle selected, down payment",Preferences captured; comparing suitable vehicles and ownership costs.,2026-05-24T11:00:00+00:00
LEAD-001778,CUST-001778,VEH-009727,SALES-002,Website,New,42,"profile=Research, vehicle selected, down payment",Early research stage; provide options without pressuring for commitment.,2026-05-01T11:00:00+00:00
LEAD-001779,CUST-001779,VEH-005818,SALES-003,Inbound Call,Lost,70,"profile=Warm, 30-day, vehicle selected, down payment",Preferences captured; comparing suitable vehicles and ownership costs.,2026-08-12T23:00:00+00:00
LEAD-001780,CUST-001780,VEH-009959,SALES-004,Paid Search,Contacted,97,"profile=Hot, near-term, vehicle selected, down payment",Specific near-term purchase intent; ready for inventory shortlist.,2026-05-02T11:00:00+00:00
LEAD-001781,CUST-001781,,SALES-005,Website,Appointment Set,25,"profile=Edge Case, down payment",Requirements may conflict with budget or contact preferences; clarify before action.,2026-06-09T06:00:00+00:00
LEAD-001782,CUST-001782,,SALES-006,Social Media,Won,78,"profile=Hot, 30-day",Specific near-term purchase intent; ready for inventory shortlist.,2026-06-10T14:00:00+00:00
LEAD-001783,CUST-001783,VEH-003862,SALES-007,Vehicle Marketplace,Contacted,65,"profile=Warm, 30-day, vehicle selected",Preferences captured; comparing suitable vehicles and ownership costs.,2026-08-09T17:00:00+00:00
LEAD-001784,CUST-001784,VEH-001445,SALES-008,Website,Appointment Set,42,"profile=Research, vehicle selected, down payment",Early research stage; provide options without pressuring for commitment.,2026-05-01T12:00:00+00:00
LEAD-001785,CUST-001785,VEH-007758,SALES-009,Website,New,85,"profile=Hot, 30-day, vehicle selected",Specific near-term purchase intent; ready for inventory shortlist.,2026-07-24T18:00:00+00:00
LEAD-001786,CUST-001786,VEH-000961,SALES-010,Inbound Call,Contacted,37,"profile=Research, vehicle selected",Early research stage; provide options without pressuring for commitment.,2026-06-02T14:00:00+00:00
LEAD-001787,CUST-001787,VEH-004864,SALES-011,Inbound Call,Appointment Set,37,"profile=Research, vehicle selected",Early research stage; provide options without pressuring for commitment.,2026-07-25T06:00:00+00:00
LEAD-001788,CUST-001788,,SALES-012,Social Media,New,55,"profile=Warm, down payment",Preferences captured; comparing suitable vehicles and ownership costs.,2026-06-21T04:00:00+00:00
LEAD-001789,CUST-001789,VEH-005598,SALES-013,Paid Search,Qualified,42,"profile=Research, vehicle selected, down payment",Early research stage; provide options without pressuring for commitment.,2026-05-24T12:00:00+00:00
LEAD-001790,CUST-001790,VEH-004848,SALES-014,Social Media,New,37,"profile=Research, vehicle selected",Early research stage; provide options without pressuring for commitment.,2026-08-18T01:00:00+00:00
LEAD-001791,CUST-001791,,SALES-015,Website,Lost,63,"profile=Warm, 30-day, down payment",Preferences captured; comparing suitable vehicles and ownership costs.,2026-06-09T11:00:00+00:00
LEAD-001792,CUST-001792,,SALES-016,Paid Search,New,30,profile=Research,Early research stage; provide options without pressuring for commitment.,2026-06-23T06:00:00+00:00
LEAD-001793,CUST-001793,VEH-004004,SALES-017,Inbound Call,Appointment Set,37,"profile=Research, vehicle selected",Early research stage; provide options without pressuring for commitment.,2026-06-16T22:00:00+00:00
LEAD-001794,CUST-001794,VEH-008478,SALES-018,Referral,New,97,"profile=Hot, near-term, vehicle selected, down payment",Specific near-term purchase intent; ready for inventory shortlist.,2026-07-03T02:00:00+00:00
LEAD-001795,CUST-001795,VEH-009840,SALES-019,Paid Search,New,62,"profile=Warm, vehicle selected, down payment",Preferences captured; comparing suitable vehicles and ownership costs.,2026-08-16T20:00:00+00:00
LEAD-001796,CUST-001796,VEH-008558,SALES-020,Walk-In,New,42,"profile=Research, vehicle selected, down payment",Early research stage; provide options without pressuring for commitment.,2026-08-01T21:00:00+00:00
LEAD-001797,CUST-001797,,SALES-021,Website,Qualified,78,"profile=Hot, 30-day",Specific near-term purchase intent; ready for inventory shortlist.,2026-08-13T00:00:00+00:00
LEAD-001798,CUST-001798,,SALES-022,Website,Qualified,55,"profile=Warm, down payment",Preferences captured; comparing suitable vehicles and ownership costs.,2026-05-23T17:00:00+00:00
LEAD-001799,CUST-001799,VEH-005255,SALES-023,Social Media,Appointment Set,97,"profile=Hot, near-term, vehicle selected, down payment",Specific near-term purchase intent; ready for inventory shortlist.,2026-08-06T02:00:00+00:00
LEAD-001800,CUST-001800,VEH-006352,SALES-024,Website,New,70,"profile=Warm, 30-day, vehicle selected, down payment",Preferences captured; comparing suitable vehicles and ownership costs.,2026-05-05T20:00:00+00:00
LEAD-001801,CUST-001801,VEH-007587,SALES-001,Inbound Call,Appointment Set,70,"profile=Warm, 30-day, vehicle selected, down payment",Preferences captured; comparing suitable vehicles and ownership costs.,2026-05-14T10:00:00+00:00
LEAD-001802,CUST-001802,,SALES-002,Walk-In,Appointment Set,63,"profile=Warm, 30-day, down payment",Preferences captured; comparing suitable vehicles and ownership costs.,2026-07-26T11:00:00+00:00
LEAD-001803,CUST-001803,VEH-005574,SALES-003,Website,Appointment Set,37,"profile=Research, vehicle selected",Early research stage; provide options without pressuring for commitment.,2026-08-07T09:00:00+00:00
LEAD-001804,CUST-001804,,SALES-004,Paid Search,New,30,profile=Research,Early research stage; provide options without pressuring for commitment.,2026-06-20T09:00:00+00:00
LEAD-001805,CUST-001805,VEH-008935,SALES-005,Inbound Call,Qualified,97,"profile=Hot, near-term, vehicle selected, down payment",Specific near-term purchase intent; ready for inventory shortlist.,2026-08-07T11:00:00+00:00
LEAD-001806,CUST-001806,,SALES-006,Walk-In,New,35,"profile=Research, down payment",Early research stage; provide options without pressuring for commitment.,2026-06-22T01:00:00+00:00
LEAD-001807,CUST-001807,,SALES-007,Website,Appointment Set,30,profile=Research,Early research stage; provide options without pressuring for commitment.,2026-05-11T05:00:00+00:00
LEAD-001808,CUST-001808,,SALES-008,Walk-In,New,55,"profile=Warm, down payment",Preferences captured; comparing suitable vehicles and ownership costs.,2026-06-20T05:00:00+00:00
LEAD-001809,CUST-001809,VEH-002249,SALES-009,Inbound Call,Contacted,42,"profile=Research, vehicle selected, down payment",Early research stage; provide options without pressuring for commitment.,2026-06-16T22:00:00+00:00
LEAD-001810,CUST-001810,VEH-008833,SALES-010,Website,Contacted,90,"profile=Hot, 30-day, vehicle selected, down payment",Specific near-term purchase intent; ready for inventory shortlist.,2026-07-28T16:00:00+00:00
LEAD-001811,CUST-001811,VEH-002838,SALES-011,Walk-In,Appointment Set,57,"profile=Warm, vehicle selected",Preferences captured; comparing suitable vehicles and ownership costs.,2026-06-21T18:00:00+00:00
LEAD-001812,CUST-001812,VEH-004333,SALES-012,Vehicle Marketplace,Appointment Set,62,"profile=Warm, vehicle selected, down payment",Preferences captured; comparing suitable vehicles and ownership costs.,2026-05-08T21:00:00+00:00
LEAD-001813,CUST-001813,VEH-009512,SALES-013,Website,Qualified,92,"profile=Hot, near-term, vehicle selected",Specific near-term purchase intent; ready for inventory shortlist.,2026-07-25T01:00:00+00:00
LEAD-001814,CUST-001814,VEH-004363,SALES-014,Website,New,70,"profile=Warm, 30-day, vehicle selected, down payment",Preferences captured; comparing suitable vehicles and ownership costs.,2026-05-29T15:00:00+00:00
LEAD-001815,CUST-001815,VEH-008439,SALES-015,Walk-In,Contacted,65,"profile=Warm, 30-day, vehicle selected",Preferences captured; comparing suitable vehicles and ownership costs.,2026-04-30T05:00:00+00:00
LEAD-001816,CUST-001816,VEH-006660,SALES-016,Inbound Call,Appointment Set,42,"profile=Research, vehicle selected, down payment",Early research stage; provide options without pressuring for commitment.,2026-05-27T04:00:00+00:00
LEAD-001817,CUST-001817,VEH-001127,SALES-017,Paid Search,Appointment Set,70,"profile=Warm, 30-day, vehicle selected, down payment",Preferences captured; comparing suitable vehicles and ownership costs.,2026-07-11T16:00:00+00:00
LEAD-001818,CUST-001818,VEH-009296,SALES-018,Walk-In,Contacted,42,"profile=Research, vehicle selected, down payment",Early research stage; provide options without pressuring for commitment.,2026-06-07T07:00:00+00:00
LEAD-001819,CUST-001819,VEH-009866,SALES-019,Referral,New,42,"profile=Research, vehicle selected, down payment",Early research stage; provide options without pressuring for commitment.,2026-05-26T09:00:00+00:00
LEAD-001820,CUST-001820,VEH-001307,SALES-020,Referral,Appointment Set,65,"profile=Warm, 30-day, vehicle selected",Preferences captured; comparing suitable vehicles and ownership costs.,2026-07-22T06:00:00+00:00
LEAD-001821,CUST-001821,,SALES-021,Paid Search,Contacted,90,"profile=Hot, near-term, down payment",Specific near-term purchase intent; ready for inventory shortlist.,2026-05-25T05:00:00+00:00
LEAD-001822,CUST-001822,VEH-003597,SALES-022,Paid Search,Qualified,42,"profile=Research, vehicle selected, down payment",Early research stage; provide options without pressuring for commitment.,2026-06-05T09:00:00+00:00
LEAD-001823,CUST-001823,VEH-008896,SALES-023,Paid Search,Qualified,57,"profile=Warm, vehicle selected",Preferences captured; comparing suitable vehicles and ownership costs.,2026-07-20T22:00:00+00:00
LEAD-001824,CUST-001824,VEH-003712,SALES-024,Website,Contacted,70,"profile=Warm, 30-day, vehicle selected, down payment",Preferences captured; comparing suitable vehicles and ownership costs.,2026-06-03T08:00:00+00:00
LEAD-001825,CUST-001825,VEH-007867,SALES-001,Website,Won,62,"profile=Warm, vehicle selected, down payment",Preferences captured; comparing suitable vehicles and ownership costs.,2026-07-30T20:00:00+00:00
LEAD-001826,CUST-001826,VEH-006855,SALES-002,Website,New,42,"profile=Research, vehicle selected, down payment",Early research stage; provide options without pressuring for commitment.,2026-07-16T11:00:00+00:00
LEAD-001827,CUST-001827,,SALES-003,Referral,Contacted,90,"profile=Hot, near-term, down payment",Specific near-term purchase intent; ready for inventory shortlist.,2026-06-29T07:00:00+00:00
LEAD-001828,CUST-001828,VEH-009319,SALES-004,Referral,Qualified,42,"profile=Research, vehicle selected, down payment",Early research stage; provide options without pressuring for commitment.,2026-06-07T09:00:00+00:00
LEAD-001829,CUST-001829,VEH-000992,SALES-005,Inbound Call,Qualified,90,"profile=Hot, 30-day, vehicle selected, down payment",Specific near-term purchase intent; ready for inventory shortlist.,2026-07-01T06:00:00+00:00
LEAD-001830,CUST-001830,VEH-004781,SALES-006,Social Media,Appointment Set,57,"profile=Warm, vehicle selected",Preferences captured; comparing suitable vehicles and ownership costs.,2026-05-01T19:00:00+00:00
LEAD-001831,CUST-001831,VEH-001675,SALES-007,Website,Qualified,62,"profile=Warm, vehicle selected, down payment",Preferences captured; comparing suitable vehicles and ownership costs.,2026-07-25T18:00:00+00:00
LEAD-001832,CUST-001832,VEH-009030,SALES-008,Website,Contacted,92,"profile=Hot, near-term, vehicle selected",Specific near-term purchase intent; ready for inventory shortlist.,2026-07-28T09:00:00+00:00
LEAD-001833,CUST-001833,VEH-004303,SALES-009,Inbound Call,Won,37,"profile=Research, vehicle selected",Early research stage; provide options without pressuring for commitment.,2026-06-21T05:00:00+00:00
LEAD-001834,CUST-001834,VEH-004481,SALES-010,Website,Won,42,"profile=Research, vehicle selected, down payment",Early research stage; provide options without pressuring for commitment.,2026-07-07T21:00:00+00:00
LEAD-001835,CUST-001835,VEH-000251,SALES-011,Website,Appointment Set,62,"profile=Warm, vehicle selected, down payment",Preferences captured; comparing suitable vehicles and ownership costs.,2026-07-01T20:00:00+00:00
LEAD-001836,CUST-001836,VEH-005987,SALES-012,Social Media,Appointment Set,40,"profile=Edge Case, 30-day, vehicle selected, down payment",Requirements may conflict with budget or contact preferences; clarify before action.,2026-07-27T06:00:00+00:00
LEAD-001837,CUST-001837,VEH-000305,SALES-013,Website,New,37,"profile=Research, vehicle selected",Early research stage; provide options without pressuring for commitment.,2026-06-01T04:00:00+00:00
LEAD-001838,CUST-001838,VEH-005883,SALES-014,Website,Appointment Set,40,"profile=Edge Case, 30-day, vehicle selected, down payment",Requirements may conflict with budget or contact preferences; clarify before action.,2026-07-17T18:00:00+00:00
LEAD-001839,CUST-001839,,SALES-015,Referral,Qualified,63,"profile=Warm, 30-day, down payment",Preferences captured; comparing suitable vehicles and ownership costs.,2026-04-29T00:00:00+00:00
LEAD-001840,CUST-001840,,SALES-016,Website,Appointment Set,35,"profile=Research, down payment",Early research stage; provide options without pressuring for commitment.,2026-05-07T11:00:00+00:00
LEAD-001841,CUST-001841,VEH-009609,SALES-017,Paid Search,Contacted,42,"profile=Research, vehicle selected, down payment",Early research stage; provide options without pressuring for commitment.,2026-08-07T01:00:00+00:00
LEAD-001842,CUST-001842,VEH-005615,SALES-018,Referral,New,42,"profile=Research, vehicle selected, down payment",Early research stage; provide options without pressuring for commitment.,2026-06-03T11:00:00+00:00
LEAD-001843,CUST-001843,VEH-002152,SALES-019,Paid Search,New,97,"profile=Hot, near-term, vehicle selected, down payment",Specific near-term purchase intent; ready for inventory shortlist.,2026-04-30T17:00:00+00:00
LEAD-001844,CUST-001844,,SALES-020,Walk-In,Appointment Set,85,"profile=Hot, near-term",Specific near-term purchase intent; ready for inventory shortlist.,2026-07-15T09:00:00+00:00
LEAD-001845,CUST-001845,VEH-001276,SALES-021,Social Media,Appointment Set,97,"profile=Hot, near-term, vehicle selected, down payment",Specific near-term purchase intent; ready for inventory shortlist.,2026-05-06T05:00:00+00:00
LEAD-001846,CUST-001846,VEH-000940,SALES-022,Walk-In,Contacted,57,"profile=Warm, vehicle selected",Preferences captured; comparing suitable vehicles and ownership costs.,2026-07-07T22:00:00+00:00
LEAD-001847,CUST-001847,VEH-006622,SALES-023,Website,Contacted,97,"profile=Hot, near-term, vehicle selected, down payment",Specific near-term purchase intent; ready for inventory shortlist.,2026-05-16T01:00:00+00:00
LEAD-001848,CUST-001848,VEH-009050,SALES-024,Website,Lost,85,"profile=Hot, 30-day, vehicle selected",Specific near-term purchase intent; ready for inventory shortlist.,2026-05-10T23:00:00+00:00
LEAD-001849,CUST-001849,VEH-005649,SALES-001,Paid Search,Qualified,90,"profile=Hot, 30-day, vehicle selected, down payment",Specific near-term purchase intent; ready for inventory shortlist.,2026-05-27T05:00:00+00:00
LEAD-001850,CUST-001850,VEH-007343,SALES-002,Social Media,Contacted,62,"profile=Warm, vehicle selected, down payment",Preferences captured; comparing suitable vehicles and ownership costs.,2026-07-03T07:00:00+00:00
LEAD-001851,CUST-001851,VEH-004502,SALES-003,Website,Contacted,42,"profile=Research, vehicle selected, down payment",Early research stage; provide options without pressuring for commitment.,2026-07-29T03:00:00+00:00
LEAD-001852,CUST-001852,,SALES-004,Website,New,55,"profile=Warm, down payment",Preferences captured; comparing suitable vehicles and ownership costs.,2026-06-05T20:00:00+00:00
LEAD-001853,CUST-001853,VEH-008675,SALES-005,Paid Search,New,42,"profile=Research, vehicle selected, down payment",Early research stage; provide options without pressuring for commitment.,2026-06-10T17:00:00+00:00
LEAD-001854,CUST-001854,VEH-000449,SALES-006,Social Media,Won,37,"profile=Research, vehicle selected",Early research stage; provide options without pressuring for commitment.,2026-07-08T20:00:00+00:00
LEAD-001855,CUST-001855,VEH-002938,SALES-007,Referral,New,62,"profile=Warm, vehicle selected, down payment",Preferences captured; comparing suitable vehicles and ownership costs.,2026-05-21T03:00:00+00:00
LEAD-001856,CUST-001856,VEH-006209,SALES-008,Paid Search,Qualified,42,"profile=Research, vehicle selected, down payment",Early research stage; provide options without pressuring for commitment.,2026-08-18T20:00:00+00:00
LEAD-001857,CUST-001857,,SALES-009,Social Media,Contacted,85,"profile=Hot, near-term",Specific near-term purchase intent; ready for inventory shortlist.,2026-06-02T10:00:00+00:00
LEAD-001858,CUST-001858,,SALES-010,Paid Search,New,35,"profile=Research, down payment",Early research stage; provide options without pressuring for commitment.,2026-05-04T09:00:00+00:00
LEAD-001859,CUST-001859,VEH-007490,SALES-011,Inbound Call,New,62,"profile=Warm, vehicle selected, down payment",Preferences captured; comparing suitable vehicles and ownership costs.,2026-05-14T08:00:00+00:00
LEAD-001860,CUST-001860,VEH-009785,SALES-012,Inbound Call,Appointment Set,57,"profile=Warm, vehicle selected",Preferences captured; comparing suitable vehicles and ownership costs.,2026-05-26T12:00:00+00:00
LEAD-001861,CUST-001861,VEH-009018,SALES-013,Social Media,Qualified,37,"profile=Research, vehicle selected",Early research stage; provide options without pressuring for commitment.,2026-06-28T04:00:00+00:00
LEAD-001862,CUST-001862,,SALES-014,Website,Qualified,55,"profile=Warm, down payment",Preferences captured; comparing suitable vehicles and ownership costs.,2026-08-19T20:00:00+00:00
LEAD-001863,CUST-001863,VEH-000282,SALES-015,Vehicle Marketplace,Contacted,62,"profile=Warm, vehicle selected, down payment",Preferences captured; comparing suitable vehicles and ownership costs.,2026-08-04T05:00:00+00:00
LEAD-001864,CUST-001864,VEH-007925,SALES-016,Vehicle Marketplace,Appointment Set,70,"profile=Warm, 30-day, vehicle selected, down payment",Preferences captured; comparing suitable vehicles and ownership costs.,2026-08-07T02:00:00+00:00
LEAD-001865,CUST-001865,VEH-000264,SALES-017,Website,Appointment Set,70,"profile=Warm, 30-day, vehicle selected, down payment",Preferences captured; comparing suitable vehicles and ownership costs.,2026-07-28T06:00:00+00:00
LEAD-001866,CUST-001866,VEH-009402,SALES-018,Inbound Call,Contacted,37,"profile=Research, vehicle selected",Early research stage; provide options without pressuring for commitment.,2026-06-24T17:00:00+00:00
LEAD-001867,CUST-001867,,SALES-019,Referral,New,35,"profile=Research, down payment",Early research stage; provide options without pressuring for commitment.,2026-06-13T14:00:00+00:00
LEAD-001868,CUST-001868,VEH-008887,SALES-020,Walk-In,Won,37,"profile=Research, vehicle selected",Early research stage; provide options without pressuring for commitment.,2026-06-27T04:00:00+00:00
LEAD-001869,CUST-001869,VEH-002765,SALES-021,Walk-In,Qualified,97,"profile=Hot, near-term, vehicle selected, down payment",Specific near-term purchase intent; ready for inventory shortlist.,2026-08-14T10:00:00+00:00
LEAD-001870,CUST-001870,VEH-005631,SALES-022,Walk-In,New,92,"profile=Hot, near-term, vehicle selected",Specific near-term purchase intent; ready for inventory shortlist.,2026-08-14T21:00:00+00:00
LEAD-001871,CUST-001871,,SALES-023,Website,Won,63,"profile=Warm, 30-day, down payment",Preferences captured; comparing suitable vehicles and ownership costs.,2026-08-03T08:00:00+00:00
LEAD-001872,CUST-001872,VEH-008980,SALES-024,Inbound Call,Qualified,70,"profile=Warm, 30-day, vehicle selected, down payment",Preferences captured; comparing suitable vehicles and ownership costs.,2026-04-28T08:00:00+00:00
LEAD-001873,CUST-001873,VEH-000523,SALES-001,Referral,Won,42,"profile=Research, vehicle selected, down payment",Early research stage; provide options without pressuring for commitment.,2026-07-31T20:00:00+00:00
LEAD-001874,CUST-001874,VEH-002322,SALES-002,Inbound Call,Qualified,70,"profile=Warm, 30-day, vehicle selected, down payment",Preferences captured; comparing suitable vehicles and ownership costs.,2026-06-12T04:00:00+00:00
LEAD-001875,CUST-001875,,SALES-003,Paid Search,New,90,"profile=Hot, near-term, down payment",Specific near-term purchase intent; ready for inventory shortlist.,2026-05-04T07:00:00+00:00
LEAD-001876,CUST-001876,VEH-004525,SALES-004,Walk-In,Contacted,47,"profile=Edge Case, near-term, vehicle selected, down payment",Requirements may conflict with budget or contact preferences; clarify before action.,2026-06-21T15:00:00+00:00
LEAD-001877,CUST-001877,VEH-001217,SALES-005,Referral,Qualified,92,"profile=Hot, near-term, vehicle selected",Specific near-term purchase intent; ready for inventory shortlist.,2026-07-22T00:00:00+00:00
LEAD-001878,CUST-001878,VEH-000565,SALES-006,Website,Qualified,92,"profile=Hot, near-term, vehicle selected",Specific near-term purchase intent; ready for inventory shortlist.,2026-08-03T12:00:00+00:00
LEAD-001879,CUST-001879,,SALES-007,Inbound Call,Qualified,30,profile=Research,Early research stage; provide options without pressuring for commitment.,2026-06-04T22:00:00+00:00
LEAD-001880,CUST-001880,VEH-005040,SALES-008,Inbound Call,Won,62,"profile=Warm, vehicle selected, down payment",Preferences captured; comparing suitable vehicles and ownership costs.,2026-06-07T20:00:00+00:00
LEAD-001881,CUST-001881,VEH-003115,SALES-009,Website,Qualified,97,"profile=Hot, near-term, vehicle selected, down payment",Specific near-term purchase intent; ready for inventory shortlist.,2026-08-21T10:00:00+00:00
LEAD-001882,CUST-001882,VEH-001916,SALES-010,Social Media,Contacted,62,"profile=Warm, vehicle selected, down payment",Preferences captured; comparing suitable vehicles and ownership costs.,2026-05-16T21:00:00+00:00
LEAD-001883,CUST-001883,VEH-009032,SALES-011,Walk-In,Qualified,40,"profile=Edge Case, 30-day, vehicle selected, down payment",Requirements may conflict with budget or contact preferences; clarify before action.,2026-06-16T00:00:00+00:00
LEAD-001884,CUST-001884,VEH-001265,SALES-012,Website,New,90,"profile=Hot, 30-day, vehicle selected, down payment",Specific near-term purchase intent; ready for inventory shortlist.,2026-05-18T12:00:00+00:00
LEAD-001885,CUST-001885,,SALES-013,Social Media,Appointment Set,35,"profile=Research, down payment",Early research stage; provide options without pressuring for commitment.,2026-05-11T11:00:00+00:00
LEAD-001886,CUST-001886,VEH-007813,SALES-014,Social Media,Appointment Set,42,"profile=Research, vehicle selected, down payment",Early research stage; provide options without pressuring for commitment.,2026-07-16T05:00:00+00:00
LEAD-001887,CUST-001887,VEH-009334,SALES-015,Referral,Qualified,57,"profile=Warm, vehicle selected",Preferences captured; comparing suitable vehicles and ownership costs.,2026-07-22T14:00:00+00:00
LEAD-001888,CUST-001888,VEH-002285,SALES-016,Website,Appointment Set,97,"profile=Hot, near-term, vehicle selected, down payment",Specific near-term purchase intent; ready for inventory shortlist.,2026-08-08T19:00:00+00:00
LEAD-001889,CUST-001889,VEH-000234,SALES-017,Paid Search,New,37,"profile=Research, vehicle selected",Early research stage; provide options without pressuring for commitment.,2026-08-06T06:00:00+00:00
LEAD-001890,CUST-001890,,SALES-018,Walk-In,New,30,profile=Research,Early research stage; provide options without pressuring for commitment.,2026-08-21T20:00:00+00:00
LEAD-001891,CUST-001891,VEH-006468,SALES-019,Walk-In,Appointment Set,70,"profile=Warm, 30-day, vehicle selected, down payment",Preferences captured; comparing suitable vehicles and ownership costs.,2026-08-11T11:00:00+00:00
LEAD-001892,CUST-001892,VEH-005101,SALES-020,Inbound Call,Appointment Set,42,"profile=Research, vehicle selected, down payment",Early research stage; provide options without pressuring for commitment.,2026-05-26T06:00:00+00:00
LEAD-001893,CUST-001893,VEH-001041,SALES-021,Website,Contacted,62,"profile=Warm, vehicle selected, down payment",Preferences captured; comparing suitable vehicles and ownership costs.,2026-05-04T22:00:00+00:00
LEAD-001894,CUST-001894,,SALES-022,Referral,Contacted,90,"profile=Hot, near-term, down payment",Specific near-term purchase intent; ready for inventory shortlist.,2026-04-28T04:00:00+00:00
LEAD-001895,CUST-001895,VEH-002466,SALES-023,Paid Search,Appointment Set,70,"profile=Warm, 30-day, vehicle selected, down payment",Preferences captured; comparing suitable vehicles and ownership costs.,2026-07-15T07:00:00+00:00
LEAD-001896,CUST-001896,VEH-009729,SALES-024,Referral,Qualified,62,"profile=Warm, vehicle selected, down payment",Preferences captured; comparing suitable vehicles and ownership costs.,2026-05-01T17:00:00+00:00
LEAD-001897,CUST-001897,VEH-009239,SALES-001,Social Media,Appointment Set,42,"profile=Research, vehicle selected, down payment",Early research stage; provide options without pressuring for commitment.,2026-05-19T15:00:00+00:00
LEAD-001898,CUST-001898,VEH-002326,SALES-002,Referral,Contacted,57,"profile=Warm, vehicle selected",Preferences captured; comparing suitable vehicles and ownership costs.,2026-04-30T01:00:00+00:00
LEAD-001899,CUST-001899,VEH-008400,SALES-003,Inbound Call,Appointment Set,37,"profile=Research, vehicle selected",Early research stage; provide options without pressuring for commitment.,2026-07-13T01:00:00+00:00
LEAD-001900,CUST-001900,,SALES-004,Website,New,50,profile=Warm,Preferences captured; comparing suitable vehicles and ownership costs.,2026-07-13T12:00:00+00:00
LEAD-001901,CUST-001901,VEH-004772,SALES-005,Website,Contacted,42,"profile=Research, vehicle selected, down payment",Early research stage; provide options without pressuring for commitment.,2026-06-17T05:00:00+00:00
LEAD-001902,CUST-001902,VEH-000005,SALES-006,Website,Contacted,85,"profile=Hot, 30-day, vehicle selected",Specific near-term purchase intent; ready for inventory shortlist.,2026-08-16T03:00:00+00:00
LEAD-001903,CUST-001903,VEH-005014,SALES-007,Vehicle Marketplace,Contacted,65,"profile=Warm, 30-day, vehicle selected",Preferences captured; comparing suitable vehicles and ownership costs.,2026-07-16T05:00:00+00:00
LEAD-001904,CUST-001904,VEH-008950,SALES-008,Vehicle Marketplace,Qualified,37,"profile=Research, vehicle selected",Early research stage; provide options without pressuring for commitment.,2026-07-28T14:00:00+00:00
LEAD-001905,CUST-001905,VEH-006824,SALES-009,Paid Search,Appointment Set,37,"profile=Research, vehicle selected",Early research stage; provide options without pressuring for commitment.,2026-06-12T21:00:00+00:00
LEAD-001906,CUST-001906,VEH-001141,SALES-010,Inbound Call,Qualified,42,"profile=Research, vehicle selected, down payment",Early research stage; provide options without pressuring for commitment.,2026-05-12T06:00:00+00:00
LEAD-001907,CUST-001907,,SALES-011,Website,Appointment Set,78,"profile=Hot, 30-day",Specific near-term purchase intent; ready for inventory shortlist.,2026-06-14T19:00:00+00:00
LEAD-001908,CUST-001908,VEH-009852,SALES-012,Social Media,Contacted,97,"profile=Hot, near-term, vehicle selected, down payment",Specific near-term purchase intent; ready for inventory shortlist.,2026-06-29T10:00:00+00:00
LEAD-001909,CUST-001909,VEH-001994,SALES-013,Website,Lost,37,"profile=Research, vehicle selected",Early research stage; provide options without pressuring for commitment.,2026-06-12T13:00:00+00:00
LEAD-001910,CUST-001910,VEH-007772,SALES-014,Inbound Call,Qualified,97,"profile=Hot, near-term, vehicle selected, down payment",Specific near-term purchase intent; ready for inventory shortlist.,2026-07-11T07:00:00+00:00
LEAD-001911,CUST-001911,VEH-005969,SALES-015,Inbound Call,New,37,"profile=Research, vehicle selected",Early research stage; provide options without pressuring for commitment.,2026-08-01T03:00:00+00:00
LEAD-001912,CUST-001912,VEH-008088,SALES-016,Inbound Call,Contacted,37,"profile=Research, vehicle selected",Early research stage; provide options without pressuring for commitment.,2026-06-02T03:00:00+00:00
LEAD-001913,CUST-001913,VEH-008831,SALES-017,Website,Contacted,37,"profile=Research, vehicle selected",Early research stage; provide options without pressuring for commitment.,2026-05-30T14:00:00+00:00
LEAD-001914,CUST-001914,VEH-007549,SALES-018,Website,Appointment Set,65,"profile=Warm, 30-day, vehicle selected",Preferences captured; comparing suitable vehicles and ownership costs.,2026-05-11T14:00:00+00:00
LEAD-001915,CUST-001915,VEH-005520,SALES-019,Website,Qualified,42,"profile=Research, vehicle selected, down payment",Early research stage; provide options without pressuring for commitment.,2026-04-28T13:00:00+00:00
LEAD-001916,CUST-001916,VEH-000345,SALES-020,Website,Appointment Set,92,"profile=Hot, near-term, vehicle selected",Specific near-term purchase intent; ready for inventory shortlist.,2026-05-17T15:00:00+00:00
LEAD-001917,CUST-001917,VEH-002041,SALES-021,Social Media,Contacted,70,"profile=Warm, 30-day, vehicle selected, down payment",Preferences captured; comparing suitable vehicles and ownership costs.,2026-06-30T12:00:00+00:00
LEAD-001918,CUST-001918,,SALES-022,Inbound Call,Appointment Set,58,"profile=Warm, 30-day",Preferences captured; comparing suitable vehicles and ownership costs.,2026-07-18T21:00:00+00:00
LEAD-001919,CUST-001919,VEH-000076,SALES-023,Website,New,97,"profile=Hot, near-term, vehicle selected, down payment",Specific near-term purchase intent; ready for inventory shortlist.,2026-06-26T01:00:00+00:00
LEAD-001920,CUST-001920,VEH-001297,SALES-024,Social Media,Contacted,97,"profile=Hot, near-term, vehicle selected, down payment",Specific near-term purchase intent; ready for inventory shortlist.,2026-06-28T06:00:00+00:00
LEAD-001921,CUST-001921,VEH-004411,SALES-001,Referral,New,42,"profile=Research, vehicle selected, down payment",Early research stage; provide options without pressuring for commitment.,2026-08-22T22:00:00+00:00
LEAD-001922,CUST-001922,VEH-008489,SALES-002,Paid Search,New,97,"profile=Hot, near-term, vehicle selected, down payment",Specific near-term purchase intent; ready for inventory shortlist.,2026-07-24T09:00:00+00:00
LEAD-001923,CUST-001923,VEH-005675,SALES-003,Inbound Call,Contacted,65,"profile=Warm, 30-day, vehicle selected",Preferences captured; comparing suitable vehicles and ownership costs.,2026-08-13T17:00:00+00:00
LEAD-001924,CUST-001924,VEH-000846,SALES-004,Website,Contacted,70,"profile=Warm, 30-day, vehicle selected, down payment",Preferences captured; comparing suitable vehicles and ownership costs.,2026-06-10T12:00:00+00:00
LEAD-001925,CUST-001925,VEH-002378,SALES-005,Inbound Call,New,27,"profile=Edge Case, vehicle selected",Requirements may conflict with budget or contact preferences; clarify before action.,2026-04-26T15:00:00+00:00
LEAD-001926,CUST-001926,VEH-008096,SALES-006,Paid Search,Won,42,"profile=Research, vehicle selected, down payment",Early research stage; provide options without pressuring for commitment.,2026-06-06T08:00:00+00:00
LEAD-001927,CUST-001927,VEH-001695,SALES-007,Website,Won,90,"profile=Hot, 30-day, vehicle selected, down payment",Specific near-term purchase intent; ready for inventory shortlist.,2026-06-22T20:00:00+00:00
LEAD-001928,CUST-001928,VEH-001959,SALES-008,Website,Won,70,"profile=Warm, 30-day, vehicle selected, down payment",Preferences captured; comparing suitable vehicles and ownership costs.,2026-07-09T04:00:00+00:00
LEAD-001929,CUST-001929,VEH-007348,SALES-009,Referral,New,70,"profile=Warm, 30-day, vehicle selected, down payment",Preferences captured; comparing suitable vehicles and ownership costs.,2026-07-22T17:00:00+00:00
LEAD-001930,CUST-001930,VEH-001528,SALES-010,Walk-In,Qualified,42,"profile=Research, vehicle selected, down payment",Early research stage; provide options without pressuring for commitment.,2026-07-09T09:00:00+00:00
LEAD-001931,CUST-001931,VEH-001589,SALES-011,Website,Contacted,42,"profile=Research, vehicle selected, down payment",Early research stage; provide options without pressuring for commitment.,2026-04-29T16:00:00+00:00
LEAD-001932,CUST-001932,VEH-003804,SALES-012,Website,Qualified,90,"profile=Hot, 30-day, vehicle selected, down payment",Specific near-term purchase intent; ready for inventory shortlist.,2026-04-30T09:00:00+00:00
LEAD-001933,CUST-001933,VEH-007207,SALES-013,Website,New,97,"profile=Hot, near-term, vehicle selected, down payment",Specific near-term purchase intent; ready for inventory shortlist.,2026-06-02T13:00:00+00:00
LEAD-001934,CUST-001934,,SALES-014,Inbound Call,Lost,30,profile=Research,Early research stage; provide options without pressuring for commitment.,2026-06-19T18:00:00+00:00
LEAD-001935,CUST-001935,VEH-009689,SALES-015,Paid Search,Qualified,97,"profile=Hot, near-term, vehicle selected, down payment",Specific near-term purchase intent; ready for inventory shortlist.,2026-06-30T08:00:00+00:00
LEAD-001936,CUST-001936,VEH-009222,SALES-016,Vehicle Marketplace,Appointment Set,70,"profile=Warm, 30-day, vehicle selected, down payment",Preferences captured; comparing suitable vehicles and ownership costs.,2026-08-24T21:00:00+00:00
LEAD-001937,CUST-001937,VEH-008162,SALES-017,Website,Contacted,42,"profile=Research, vehicle selected, down payment",Early research stage; provide options without pressuring for commitment.,2026-07-12T20:00:00+00:00
LEAD-001938,CUST-001938,VEH-009769,SALES-018,Paid Search,Contacted,62,"profile=Warm, vehicle selected, down payment",Preferences captured; comparing suitable vehicles and ownership costs.,2026-06-20T05:00:00+00:00
LEAD-001939,CUST-001939,VEH-000780,SALES-019,Inbound Call,Appointment Set,42,"profile=Research, vehicle selected, down payment",Early research stage; provide options without pressuring for commitment.,2026-08-21T07:00:00+00:00
LEAD-001940,CUST-001940,VEH-005480,SALES-020,Social Media,New,70,"profile=Warm, 30-day, vehicle selected, down payment",Preferences captured; comparing suitable vehicles and ownership costs.,2026-08-21T18:00:00+00:00
LEAD-001941,CUST-001941,VEH-001991,SALES-021,Referral,New,97,"profile=Hot, near-term, vehicle selected, down payment",Specific near-term purchase intent; ready for inventory shortlist.,2026-06-01T11:00:00+00:00
LEAD-001942,CUST-001942,,SALES-022,Paid Search,Contacted,30,profile=Research,Early research stage; provide options without pressuring for commitment.,2026-06-30T02:00:00+00:00
LEAD-001943,CUST-001943,VEH-008148,SALES-023,Social Media,Qualified,70,"profile=Warm, 30-day, vehicle selected, down payment",Preferences captured; comparing suitable vehicles and ownership costs.,2026-04-28T14:00:00+00:00
LEAD-001944,CUST-001944,VEH-002502,SALES-024,Walk-In,Contacted,90,"profile=Hot, 30-day, vehicle selected, down payment",Specific near-term purchase intent; ready for inventory shortlist.,2026-05-02T15:00:00+00:00
LEAD-001945,CUST-001945,VEH-008060,SALES-001,Inbound Call,Appointment Set,62,"profile=Warm, vehicle selected, down payment",Preferences captured; comparing suitable vehicles and ownership costs.,2026-07-13T10:00:00+00:00
LEAD-001946,CUST-001946,VEH-001349,SALES-002,Walk-In,New,62,"profile=Warm, vehicle selected, down payment",Preferences captured; comparing suitable vehicles and ownership costs.,2026-06-05T00:00:00+00:00
LEAD-001947,CUST-001947,VEH-009311,SALES-003,Paid Search,New,37,"profile=Research, vehicle selected",Early research stage; provide options without pressuring for commitment.,2026-07-29T11:00:00+00:00
LEAD-001948,CUST-001948,VEH-005665,SALES-004,Social Media,Qualified,40,"profile=Edge Case, 30-day, vehicle selected, down payment",Requirements may conflict with budget or contact preferences; clarify before action.,2026-07-05T22:00:00+00:00
LEAD-001949,CUST-001949,VEH-004703,SALES-005,Social Media,Contacted,57,"profile=Warm, vehicle selected",Preferences captured; comparing suitable vehicles and ownership costs.,2026-06-07T05:00:00+00:00
LEAD-001950,CUST-001950,,SALES-006,Social Media,Qualified,55,"profile=Warm, down payment",Preferences captured; comparing suitable vehicles and ownership costs.,2026-04-28T12:00:00+00:00
LEAD-001951,CUST-001951,VEH-009097,SALES-007,Inbound Call,Qualified,97,"profile=Hot, near-term, vehicle selected, down payment",Specific near-term purchase intent; ready for inventory shortlist.,2026-06-12T05:00:00+00:00
LEAD-001952,CUST-001952,VEH-001362,SALES-008,Referral,Appointment Set,42,"profile=Research, vehicle selected, down payment",Early research stage; provide options without pressuring for commitment.,2026-08-11T12:00:00+00:00
LEAD-001953,CUST-001953,VEH-002821,SALES-009,Inbound Call,Contacted,42,"profile=Research, vehicle selected, down payment",Early research stage; provide options without pressuring for commitment.,2026-08-04T19:00:00+00:00
LEAD-001954,CUST-001954,VEH-006521,SALES-010,Vehicle Marketplace,Appointment Set,42,"profile=Research, vehicle selected, down payment",Early research stage; provide options without pressuring for commitment.,2026-07-17T05:00:00+00:00
LEAD-001955,CUST-001955,VEH-000481,SALES-011,Paid Search,Lost,65,"profile=Warm, 30-day, vehicle selected",Preferences captured; comparing suitable vehicles and ownership costs.,2026-07-06T11:00:00+00:00
LEAD-001956,CUST-001956,VEH-001112,SALES-012,Social Media,Contacted,70,"profile=Warm, 30-day, vehicle selected, down payment",Preferences captured; comparing suitable vehicles and ownership costs.,2026-05-26T18:00:00+00:00
LEAD-001957,CUST-001957,VEH-005484,SALES-013,Social Media,Appointment Set,47,"profile=Edge Case, near-term, vehicle selected, down payment",Requirements may conflict with budget or contact preferences; clarify before action.,2026-05-25T16:00:00+00:00
LEAD-001958,CUST-001958,,SALES-014,Walk-In,Appointment Set,55,"profile=Warm, down payment",Preferences captured; comparing suitable vehicles and ownership costs.,2026-08-06T06:00:00+00:00
LEAD-001959,CUST-001959,,SALES-015,Paid Search,Appointment Set,50,profile=Warm,Preferences captured; comparing suitable vehicles and ownership costs.,2026-06-25T20:00:00+00:00
LEAD-001960,CUST-001960,VEH-004937,SALES-016,Paid Search,Contacted,70,"profile=Warm, 30-day, vehicle selected, down payment",Preferences captured; comparing suitable vehicles and ownership costs.,2026-08-10T01:00:00+00:00
LEAD-001961,CUST-001961,VEH-007051,SALES-017,Referral,Appointment Set,42,"profile=Research, vehicle selected, down payment",Early research stage; provide options without pressuring for commitment.,2026-08-05T18:00:00+00:00
LEAD-001962,CUST-001962,VEH-003614,SALES-018,Inbound Call,Won,37,"profile=Research, vehicle selected",Early research stage; provide options without pressuring for commitment.,2026-06-24T11:00:00+00:00
LEAD-001963,CUST-001963,VEH-005184,SALES-019,Website,Contacted,92,"profile=Hot, near-term, vehicle selected",Specific near-term purchase intent; ready for inventory shortlist.,2026-07-21T15:00:00+00:00
LEAD-001964,CUST-001964,VEH-007682,SALES-020,Paid Search,Contacted,42,"profile=Research, vehicle selected, down payment",Early research stage; provide options without pressuring for commitment.,2026-07-10T00:00:00+00:00
LEAD-001965,CUST-001965,VEH-000534,SALES-021,Social Media,Contacted,70,"profile=Warm, 30-day, vehicle selected, down payment",Preferences captured; comparing suitable vehicles and ownership costs.,2026-05-29T22:00:00+00:00
LEAD-001966,CUST-001966,VEH-007837,SALES-022,Walk-In,Contacted,90,"profile=Hot, 30-day, vehicle selected, down payment",Specific near-term purchase intent; ready for inventory shortlist.,2026-05-18T09:00:00+00:00
LEAD-001967,CUST-001967,VEH-002206,SALES-023,Walk-In,New,42,"profile=Research, vehicle selected, down payment",Early research stage; provide options without pressuring for commitment.,2026-07-05T14:00:00+00:00
LEAD-001968,CUST-001968,,SALES-024,Social Media,New,90,"profile=Hot, near-term, down payment",Specific near-term purchase intent; ready for inventory shortlist.,2026-08-10T23:00:00+00:00
LEAD-001969,CUST-001969,VEH-004987,SALES-001,Inbound Call,Lost,85,"profile=Hot, 30-day, vehicle selected",Specific near-term purchase intent; ready for inventory shortlist.,2026-08-09T08:00:00+00:00
LEAD-001970,CUST-001970,VEH-006991,SALES-002,Website,New,62,"profile=Warm, vehicle selected, down payment",Preferences captured; comparing suitable vehicles and ownership costs.,2026-05-09T05:00:00+00:00
LEAD-001971,CUST-001971,,SALES-003,Website,New,90,"profile=Hot, near-term, down payment",Specific near-term purchase intent; ready for inventory shortlist.,2026-06-24T00:00:00+00:00
LEAD-001972,CUST-001972,,SALES-004,Website,Qualified,55,"profile=Warm, down payment",Preferences captured; comparing suitable vehicles and ownership costs.,2026-08-12T13:00:00+00:00
LEAD-001973,CUST-001973,VEH-002874,SALES-005,Walk-In,Lost,70,"profile=Warm, 30-day, vehicle selected, down payment",Preferences captured; comparing suitable vehicles and ownership costs.,2026-05-02T15:00:00+00:00
LEAD-001974,CUST-001974,,SALES-006,Vehicle Marketplace,New,58,"profile=Warm, 30-day",Preferences captured; comparing suitable vehicles and ownership costs.,2026-07-12T03:00:00+00:00
LEAD-001975,CUST-001975,VEH-003283,SALES-007,Vehicle Marketplace,Appointment Set,37,"profile=Research, vehicle selected",Early research stage; provide options without pressuring for commitment.,2026-06-13T17:00:00+00:00
LEAD-001976,CUST-001976,VEH-008339,SALES-008,Website,New,37,"profile=Research, vehicle selected",Early research stage; provide options without pressuring for commitment.,2026-05-15T23:00:00+00:00
LEAD-001977,CUST-001977,,SALES-009,Inbound Call,Appointment Set,55,"profile=Warm, down payment",Preferences captured; comparing suitable vehicles and ownership costs.,2026-07-28T11:00:00+00:00
LEAD-001978,CUST-001978,VEH-002872,SALES-010,Inbound Call,Contacted,62,"profile=Warm, vehicle selected, down payment",Preferences captured; comparing suitable vehicles and ownership costs.,2026-06-08T19:00:00+00:00
LEAD-001979,CUST-001979,VEH-007326,SALES-011,Website,Qualified,70,"profile=Warm, 30-day, vehicle selected, down payment",Preferences captured; comparing suitable vehicles and ownership costs.,2026-07-06T07:00:00+00:00
LEAD-001980,CUST-001980,,SALES-012,Vehicle Marketplace,New,30,profile=Research,Early research stage; provide options without pressuring for commitment.,2026-07-19T05:00:00+00:00
LEAD-001981,CUST-001981,VEH-006945,SALES-013,Vehicle Marketplace,New,32,"profile=Edge Case, vehicle selected, down payment",Requirements may conflict with budget or contact preferences; clarify before action.,2026-06-09T06:00:00+00:00
LEAD-001982,CUST-001982,VEH-007242,SALES-014,Website,Contacted,70,"profile=Warm, 30-day, vehicle selected, down payment",Preferences captured; comparing suitable vehicles and ownership costs.,2026-05-26T17:00:00+00:00
LEAD-001983,CUST-001983,,SALES-015,Social Media,Appointment Set,63,"profile=Warm, 30-day, down payment",Preferences captured; comparing suitable vehicles and ownership costs.,2026-07-27T20:00:00+00:00
LEAD-001984,CUST-001984,VEH-003562,SALES-016,Paid Search,Contacted,62,"profile=Warm, vehicle selected, down payment",Preferences captured; comparing suitable vehicles and ownership costs.,2026-06-16T04:00:00+00:00
LEAD-001985,CUST-001985,VEH-005070,SALES-017,Inbound Call,New,65,"profile=Warm, 30-day, vehicle selected",Preferences captured; comparing suitable vehicles and ownership costs.,2026-07-20T12:00:00+00:00
LEAD-001986,CUST-001986,VEH-009734,SALES-018,Referral,Contacted,65,"profile=Warm, 30-day, vehicle selected",Preferences captured; comparing suitable vehicles and ownership costs.,2026-08-23T07:00:00+00:00
LEAD-001987,CUST-001987,VEH-002234,SALES-019,Walk-In,Qualified,92,"profile=Hot, near-term, vehicle selected",Specific near-term purchase intent; ready for inventory shortlist.,2026-06-27T20:00:00+00:00
LEAD-001988,CUST-001988,VEH-000040,SALES-020,Paid Search,Contacted,65,"profile=Warm, 30-day, vehicle selected",Preferences captured; comparing suitable vehicles and ownership costs.,2026-06-23T08:00:00+00:00
LEAD-001989,CUST-001989,VEH-005538,SALES-021,Inbound Call,Appointment Set,65,"profile=Warm, 30-day, vehicle selected",Preferences captured; comparing suitable vehicles and ownership costs.,2026-07-02T21:00:00+00:00
LEAD-001990,CUST-001990,VEH-003960,SALES-022,Inbound Call,Appointment Set,65,"profile=Warm, 30-day, vehicle selected",Preferences captured; comparing suitable vehicles and ownership costs.,2026-05-22T08:00:00+00:00
LEAD-001991,CUST-001991,,SALES-023,Paid Search,Qualified,30,profile=Research,Early research stage; provide options without pressuring for commitment.,2026-07-09T00:00:00+00:00
LEAD-001992,CUST-001992,VEH-007567,SALES-024,Referral,Qualified,70,"profile=Warm, 30-day, vehicle selected, down payment",Preferences captured; comparing suitable vehicles and ownership costs.,2026-05-25T16:00:00+00:00
LEAD-001993,CUST-001993,VEH-004554,SALES-001,Referral,Contacted,42,"profile=Research, vehicle selected, down payment",Early research stage; provide options without pressuring for commitment.,2026-08-04T12:00:00+00:00
LEAD-001994,CUST-001994,VEH-000113,SALES-002,Paid Search,Contacted,42,"profile=Research, vehicle selected, down payment",Early research stage; provide options without pressuring for commitment.,2026-07-08T09:00:00+00:00
LEAD-001995,CUST-001995,VEH-004125,SALES-003,Website,Appointment Set,90,"profile=Hot, 30-day, vehicle selected, down payment",Specific near-term purchase intent; ready for inventory shortlist.,2026-06-16T13:00:00+00:00
LEAD-001996,CUST-001996,VEH-007018,SALES-004,Inbound Call,Qualified,70,"profile=Warm, 30-day, vehicle selected, down payment",Preferences captured; comparing suitable vehicles and ownership costs.,2026-05-01T20:00:00+00:00
LEAD-001997,CUST-001997,VEH-001430,SALES-005,Vehicle Marketplace,New,70,"profile=Warm, 30-day, vehicle selected, down payment",Preferences captured; comparing suitable vehicles and ownership costs.,2026-07-19T10:00:00+00:00
LEAD-001998,CUST-001998,,SALES-006,Inbound Call,Contacted,63,"profile=Warm, 30-day, down payment",Preferences captured; comparing suitable vehicles and ownership costs.,2026-07-03T18:00:00+00:00
LEAD-001999,CUST-001999,VEH-009037,SALES-007,Walk-In,Appointment Set,90,"profile=Hot, 30-day, vehicle selected, down payment",Specific near-term purchase intent; ready for inventory shortlist.,2026-08-17T06:00:00+00:00
LEAD-002000,CUST-002000,VEH-000838,SALES-008,Referral,Contacted,70,"profile=Warm, 30-day, vehicle selected, down payment",Preferences captured; comparing suitable vehicles and ownership costs.,2026-07-09T13:00:00+00:00
LEAD-002001,CUST-002001,VEH-002101,SALES-009,Paid Search,New,37,"profile=Research, vehicle selected",Early research stage; provide options without pressuring for commitment.,2026-06-14T20:00:00+00:00
LEAD-002002,CUST-002002,VEH-009445,SALES-010,Website,Won,42,"profile=Research, vehicle selected, down payment",Early research stage; provide options without pressuring for commitment.,2026-08-25T00:00:00+00:00
LEAD-002003,CUST-002003,VEH-009886,SALES-011,Walk-In,Contacted,70,"profile=Warm, 30-day, vehicle selected, down payment",Preferences captured; comparing suitable vehicles and ownership costs.,2026-04-29T10:00:00+00:00
LEAD-002004,CUST-002004,VEH-005891,SALES-012,Website,Lost,37,"profile=Research, vehicle selected",Early research stage; provide options without pressuring for commitment.,2026-07-04T17:00:00+00:00
LEAD-002005,CUST-002005,VEH-009017,SALES-013,Website,Lost,42,"profile=Research, vehicle selected, down payment",Early research stage; provide options without pressuring for commitment.,2026-04-28T05:00:00+00:00
LEAD-002006,CUST-002006,VEH-005142,SALES-014,Walk-In,Won,70,"profile=Warm, 30-day, vehicle selected, down payment",Preferences captured; comparing suitable vehicles and ownership costs.,2026-05-15T10:00:00+00:00
LEAD-002007,CUST-002007,VEH-001835,SALES-015,Paid Search,Appointment Set,62,"profile=Warm, vehicle selected, down payment",Preferences captured; comparing suitable vehicles and ownership costs.,2026-08-20T01:00:00+00:00
LEAD-002008,CUST-002008,,SALES-016,Walk-In,Won,58,"profile=Warm, 30-day",Preferences captured; comparing suitable vehicles and ownership costs.,2026-05-14T00:00:00+00:00
LEAD-002009,CUST-002009,,SALES-017,Website,New,30,profile=Research,Early research stage; provide options without pressuring for commitment.,2026-05-20T07:00:00+00:00
LEAD-002010,CUST-002010,,SALES-018,Website,Qualified,40,"profile=Edge Case, near-term, down payment",Requirements may conflict with budget or contact preferences; clarify before action.,2026-06-04T14:00:00+00:00
LEAD-002011,CUST-002011,VEH-004162,SALES-019,Referral,New,42,"profile=Research, vehicle selected, down payment",Early research stage; provide options without pressuring for commitment.,2026-05-04T16:00:00+00:00
LEAD-002012,CUST-002012,VEH-002562,SALES-020,Paid Search,Qualified,37,"profile=Research, vehicle selected",Early research stage; provide options without pressuring for commitment.,2026-04-30T01:00:00+00:00
LEAD-002013,CUST-002013,VEH-001242,SALES-021,Referral,New,85,"profile=Hot, 30-day, vehicle selected",Specific near-term purchase intent; ready for inventory shortlist.,2026-07-30T05:00:00+00:00
LEAD-002014,CUST-002014,VEH-005770,SALES-022,Website,Appointment Set,42,"profile=Research, vehicle selected, down payment",Early research stage; provide options without pressuring for commitment.,2026-06-05T08:00:00+00:00
LEAD-002015,CUST-002015,VEH-001265,SALES-023,Website,Qualified,62,"profile=Warm, vehicle selected, down payment",Preferences captured; comparing suitable vehicles and ownership costs.,2026-06-04T02:00:00+00:00
LEAD-002016,CUST-002016,,SALES-024,Paid Search,New,85,"profile=Hot, near-term",Specific near-term purchase intent; ready for inventory shortlist.,2026-08-06T05:00:00+00:00
LEAD-002017,CUST-002017,,SALES-001,Referral,Qualified,63,"profile=Warm, 30-day, down payment",Preferences captured; comparing suitable vehicles and ownership costs.,2026-08-04T23:00:00+00:00
LEAD-002018,CUST-002018,VEH-005146,SALES-002,Walk-In,Qualified,42,"profile=Research, vehicle selected, down payment",Early research stage; provide options without pressuring for commitment.,2026-06-01T19:00:00+00:00
LEAD-002019,CUST-002019,VEH-001644,SALES-003,Paid Search,Qualified,27,"profile=Edge Case, vehicle selected",Requirements may conflict with budget or contact preferences; clarify before action.,2026-08-07T08:00:00+00:00
LEAD-002020,CUST-002020,VEH-000001,SALES-004,Referral,Qualified,70,"profile=Warm, 30-day, vehicle selected, down payment",Preferences captured; comparing suitable vehicles and ownership costs.,2026-08-10T07:00:00+00:00
LEAD-002021,CUST-002021,VEH-004146,SALES-005,Vehicle Marketplace,New,57,"profile=Warm, vehicle selected",Preferences captured; comparing suitable vehicles and ownership costs.,2026-08-20T18:00:00+00:00
LEAD-002022,CUST-002022,,SALES-006,Social Media,New,35,"profile=Research, down payment",Early research stage; provide options without pressuring for commitment.,2026-07-31T18:00:00+00:00
LEAD-002023,CUST-002023,VEH-007766,SALES-007,Walk-In,Contacted,90,"profile=Hot, 30-day, vehicle selected, down payment",Specific near-term purchase intent; ready for inventory shortlist.,2026-06-27T19:00:00+00:00
LEAD-002024,CUST-002024,VEH-002110,SALES-008,Inbound Call,Qualified,62,"profile=Warm, vehicle selected, down payment",Preferences captured; comparing suitable vehicles and ownership costs.,2026-06-11T03:00:00+00:00
LEAD-002025,CUST-002025,VEH-003110,SALES-009,Website,Lost,70,"profile=Warm, 30-day, vehicle selected, down payment",Preferences captured; comparing suitable vehicles and ownership costs.,2026-05-18T14:00:00+00:00
LEAD-002026,CUST-002026,VEH-003157,SALES-010,Walk-In,Lost,62,"profile=Warm, vehicle selected, down payment",Preferences captured; comparing suitable vehicles and ownership costs.,2026-08-14T01:00:00+00:00
LEAD-002027,CUST-002027,VEH-000702,SALES-011,Inbound Call,Qualified,70,"profile=Warm, 30-day, vehicle selected, down payment",Preferences captured; comparing suitable vehicles and ownership costs.,2026-07-25T19:00:00+00:00
LEAD-002028,CUST-002028,VEH-008478,SALES-012,Website,Qualified,70,"profile=Warm, 30-day, vehicle selected, down payment",Preferences captured; comparing suitable vehicles and ownership costs.,2026-05-07T01:00:00+00:00
LEAD-002029,CUST-002029,,SALES-013,Website,Appointment Set,63,"profile=Warm, 30-day, down payment",Preferences captured; comparing suitable vehicles and ownership costs.,2026-07-20T09:00:00+00:00
LEAD-002030,CUST-002030,VEH-008576,SALES-014,Social Media,Appointment Set,85,"profile=Hot, 30-day, vehicle selected",Specific near-term purchase intent; ready for inventory shortlist.,2026-05-06T05:00:00+00:00
LEAD-002031,CUST-002031,VEH-004946,SALES-015,Referral,Qualified,90,"profile=Hot, 30-day, vehicle selected, down payment",Specific near-term purchase intent; ready for inventory shortlist.,2026-07-17T17:00:00+00:00
LEAD-002032,CUST-002032,VEH-001700,SALES-016,Website,Contacted,90,"profile=Hot, 30-day, vehicle selected, down payment",Specific near-term purchase intent; ready for inventory shortlist.,2026-08-14T21:00:00+00:00
LEAD-002033,CUST-002033,VEH-005902,SALES-017,Paid Search,Contacted,57,"profile=Warm, vehicle selected",Preferences captured; comparing suitable vehicles and ownership costs.,2026-08-08T08:00:00+00:00
LEAD-002034,CUST-002034,,SALES-018,Paid Search,Appointment Set,85,"profile=Hot, near-term",Specific near-term purchase intent; ready for inventory shortlist.,2026-08-12T01:00:00+00:00
LEAD-002035,CUST-002035,,SALES-019,Walk-In,New,63,"profile=Warm, 30-day, down payment",Preferences captured; comparing suitable vehicles and ownership costs.,2026-07-15T02:00:00+00:00
LEAD-002036,CUST-002036,,SALES-020,Walk-In,New,85,"profile=Hot, near-term",Specific near-term purchase intent; ready for inventory shortlist.,2026-06-19T01:00:00+00:00
LEAD-002037,CUST-002037,VEH-003533,SALES-021,Inbound Call,Lost,70,"profile=Warm, 30-day, vehicle selected, down payment",Preferences captured; comparing suitable vehicles and ownership costs.,2026-07-27T08:00:00+00:00
LEAD-002038,CUST-002038,,SALES-022,Website,Contacted,35,"profile=Research, down payment",Early research stage; provide options without pressuring for commitment.,2026-08-20T11:00:00+00:00
LEAD-002039,CUST-002039,VEH-002251,SALES-023,Paid Search,Lost,70,"profile=Warm, 30-day, vehicle selected, down payment",Preferences captured; comparing suitable vehicles and ownership costs.,2026-05-20T05:00:00+00:00
LEAD-002040,CUST-002040,VEH-000656,SALES-024,Website,Contacted,97,"profile=Hot, near-term, vehicle selected, down payment",Specific near-term purchase intent; ready for inventory shortlist.,2026-07-02T00:00:00+00:00
LEAD-002041,CUST-002041,VEH-000498,SALES-001,Website,Qualified,65,"profile=Warm, 30-day, vehicle selected",Preferences captured; comparing suitable vehicles and ownership costs.,2026-06-24T07:00:00+00:00
LEAD-002042,CUST-002042,,SALES-002,Website,Contacted,20,profile=Edge Case,Requirements may conflict with budget or contact preferences; clarify before action.,2026-07-05T06:00:00+00:00
LEAD-002043,CUST-002043,VEH-007098,SALES-003,Paid Search,Qualified,70,"profile=Warm, 30-day, vehicle selected, down payment",Preferences captured; comparing suitable vehicles and ownership costs.,2026-07-31T12:00:00+00:00
LEAD-002044,CUST-002044,VEH-008897,SALES-004,Inbound Call,Appointment Set,42,"profile=Research, vehicle selected, down payment",Early research stage; provide options without pressuring for commitment.,2026-05-02T20:00:00+00:00
LEAD-002045,CUST-002045,VEH-003106,SALES-005,Website,New,40,"profile=Edge Case, 30-day, vehicle selected, down payment",Requirements may conflict with budget or contact preferences; clarify before action.,2026-06-11T05:00:00+00:00
LEAD-002046,CUST-002046,VEH-003646,SALES-006,Walk-In,Appointment Set,62,"profile=Warm, vehicle selected, down payment",Preferences captured; comparing suitable vehicles and ownership costs.,2026-05-19T02:00:00+00:00
LEAD-002047,CUST-002047,,SALES-007,Inbound Call,Lost,35,"profile=Research, down payment",Early research stage; provide options without pressuring for commitment.,2026-06-15T09:00:00+00:00
LEAD-002048,CUST-002048,VEH-001665,SALES-008,Vehicle Marketplace,New,62,"profile=Warm, vehicle selected, down payment",Preferences captured; comparing suitable vehicles and ownership costs.,2026-08-20T01:00:00+00:00
LEAD-002049,CUST-002049,VEH-004529,SALES-009,Website,Appointment Set,70,"profile=Warm, 30-day, vehicle selected, down payment",Preferences captured; comparing suitable vehicles and ownership costs.,2026-06-02T20:00:00+00:00
LEAD-002050,CUST-002050,VEH-004092,SALES-010,Website,Contacted,65,"profile=Warm, 30-day, vehicle selected",Preferences captured; comparing suitable vehicles and ownership costs.,2026-05-21T18:00:00+00:00
LEAD-002051,CUST-002051,VEH-001130,SALES-011,Website,New,57,"profile=Warm, vehicle selected",Preferences captured; comparing suitable vehicles and ownership costs.,2026-08-07T17:00:00+00:00
LEAD-002052,CUST-002052,VEH-006902,SALES-012,Social Media,Lost,97,"profile=Hot, near-term, vehicle selected, down payment",Specific near-term purchase intent; ready for inventory shortlist.,2026-08-18T18:00:00+00:00
LEAD-002053,CUST-002053,VEH-005561,SALES-013,Website,Appointment Set,62,"profile=Warm, vehicle selected, down payment",Preferences captured; comparing suitable vehicles and ownership costs.,2026-06-29T23:00:00+00:00
LEAD-002054,CUST-002054,VEH-000809,SALES-014,Walk-In,Lost,70,"profile=Warm, 30-day, vehicle selected, down payment",Preferences captured; comparing suitable vehicles and ownership costs.,2026-06-09T01:00:00+00:00
LEAD-002055,CUST-002055,,SALES-015,Referral,Qualified,33,"profile=Edge Case, 30-day, down payment",Requirements may conflict with budget or contact preferences; clarify before action.,2026-05-24T02:00:00+00:00
LEAD-002056,CUST-002056,,SALES-016,Paid Search,Appointment Set,35,"profile=Research, down payment",Early research stage; provide options without pressuring for commitment.,2026-08-13T06:00:00+00:00
LEAD-002057,CUST-002057,,SALES-017,Inbound Call,Contacted,55,"profile=Warm, down payment",Preferences captured; comparing suitable vehicles and ownership costs.,2026-05-20T15:00:00+00:00
LEAD-002058,CUST-002058,VEH-007399,SALES-018,Vehicle Marketplace,Contacted,97,"profile=Hot, near-term, vehicle selected, down payment",Specific near-term purchase intent; ready for inventory shortlist.,2026-07-20T14:00:00+00:00
LEAD-002059,CUST-002059,VEH-001593,SALES-019,Paid Search,Appointment Set,65,"profile=Warm, 30-day, vehicle selected",Preferences captured; comparing suitable vehicles and ownership costs.,2026-06-18T23:00:00+00:00
LEAD-002060,CUST-002060,VEH-005765,SALES-020,Website,New,37,"profile=Research, vehicle selected",Early research stage; provide options without pressuring for commitment.,2026-06-27T17:00:00+00:00
LEAD-002061,CUST-002061,VEH-003748,SALES-021,Inbound Call,New,62,"profile=Warm, vehicle selected, down payment",Preferences captured; comparing suitable vehicles and ownership costs.,2026-05-21T01:00:00+00:00
LEAD-002062,CUST-002062,VEH-000857,SALES-022,Inbound Call,Appointment Set,42,"profile=Edge Case, near-term, vehicle selected",Requirements may conflict with budget or contact preferences; clarify before action.,2026-05-29T16:00:00+00:00
LEAD-002063,CUST-002063,VEH-001875,SALES-023,Vehicle Marketplace,Qualified,42,"profile=Research, vehicle selected, down payment",Early research stage; provide options without pressuring for commitment.,2026-07-01T01:00:00+00:00
LEAD-002064,CUST-002064,VEH-007038,SALES-024,Website,Qualified,57,"profile=Warm, vehicle selected",Preferences captured; comparing suitable vehicles and ownership costs.,2026-05-03T23:00:00+00:00
LEAD-002065,CUST-002065,VEH-008955,SALES-001,Inbound Call,Contacted,37,"profile=Research, vehicle selected",Early research stage; provide options without pressuring for commitment.,2026-08-19T07:00:00+00:00
LEAD-002066,CUST-002066,VEH-009082,SALES-002,Referral,Appointment Set,37,"profile=Research, vehicle selected",Early research stage; provide options without pressuring for commitment.,2026-07-13T18:00:00+00:00
LEAD-002067,CUST-002067,,SALES-003,Social Media,New,83,"profile=Hot, 30-day, down payment",Specific near-term purchase intent; ready for inventory shortlist.,2026-08-04T06:00:00+00:00
LEAD-002068,CUST-002068,,SALES-004,Paid Search,Qualified,55,"profile=Warm, down payment",Preferences captured; comparing suitable vehicles and ownership costs.,2026-05-14T08:00:00+00:00
LEAD-002069,CUST-002069,,SALES-005,Website,New,83,"profile=Hot, 30-day, down payment",Specific near-term purchase intent; ready for inventory shortlist.,2026-05-20T13:00:00+00:00
LEAD-002070,CUST-002070,VEH-003069,SALES-006,Inbound Call,New,37,"profile=Research, vehicle selected",Early research stage; provide options without pressuring for commitment.,2026-06-17T13:00:00+00:00
LEAD-002071,CUST-002071,VEH-004167,SALES-007,Inbound Call,Contacted,37,"profile=Research, vehicle selected",Early research stage; provide options without pressuring for commitment.,2026-06-13T09:00:00+00:00
LEAD-002072,CUST-002072,VEH-005222,SALES-008,Inbound Call,Contacted,57,"profile=Warm, vehicle selected",Preferences captured; comparing suitable vehicles and ownership costs.,2026-06-26T18:00:00+00:00
LEAD-002073,CUST-002073,VEH-004467,SALES-009,Website,New,62,"profile=Warm, vehicle selected, down payment",Preferences captured; comparing suitable vehicles and ownership costs.,2026-07-02T00:00:00+00:00
LEAD-002074,CUST-002074,,SALES-010,Inbound Call,Contacted,30,profile=Research,Early research stage; provide options without pressuring for commitment.,2026-05-15T23:00:00+00:00
LEAD-002075,CUST-002075,VEH-006630,SALES-011,Walk-In,Lost,62,"profile=Warm, vehicle selected, down payment",Preferences captured; comparing suitable vehicles and ownership costs.,2026-05-09T02:00:00+00:00
LEAD-002076,CUST-002076,VEH-000525,SALES-012,Website,New,47,"profile=Edge Case, near-term, vehicle selected, down payment",Requirements may conflict with budget or contact preferences; clarify before action.,2026-05-14T22:00:00+00:00
LEAD-002077,CUST-002077,VEH-000016,SALES-013,Paid Search,New,70,"profile=Warm, 30-day, vehicle selected, down payment",Preferences captured; comparing suitable vehicles and ownership costs.,2026-07-10T03:00:00+00:00
LEAD-002078,CUST-002078,VEH-002574,SALES-014,Inbound Call,New,62,"profile=Warm, vehicle selected, down payment",Preferences captured; comparing suitable vehicles and ownership costs.,2026-05-26T04:00:00+00:00
LEAD-002079,CUST-002079,VEH-005158,SALES-015,Referral,Appointment Set,65,"profile=Warm, 30-day, vehicle selected",Preferences captured; comparing suitable vehicles and ownership costs.,2026-08-21T22:00:00+00:00
LEAD-002080,CUST-002080,VEH-006954,SALES-016,Inbound Call,Qualified,57,"profile=Warm, vehicle selected",Preferences captured; comparing suitable vehicles and ownership costs.,2026-04-27T08:00:00+00:00
LEAD-002081,CUST-002081,VEH-003614,SALES-017,Website,Lost,57,"profile=Warm, vehicle selected",Preferences captured; comparing suitable vehicles and ownership costs.,2026-07-19T08:00:00+00:00
LEAD-002082,CUST-002082,VEH-008676,SALES-018,Vehicle Marketplace,Appointment Set,70,"profile=Warm, 30-day, vehicle selected, down payment",Preferences captured; comparing suitable vehicles and ownership costs.,2026-07-01T06:00:00+00:00
LEAD-002083,CUST-002083,VEH-006116,SALES-019,Referral,New,42,"profile=Research, vehicle selected, down payment",Early research stage; provide options without pressuring for commitment.,2026-08-07T01:00:00+00:00
LEAD-002084,CUST-002084,VEH-002144,SALES-020,Referral,Contacted,57,"profile=Warm, vehicle selected",Preferences captured; comparing suitable vehicles and ownership costs.,2026-07-20T08:00:00+00:00
LEAD-002085,CUST-002085,VEH-008307,SALES-021,Referral,Contacted,65,"profile=Warm, 30-day, vehicle selected",Preferences captured; comparing suitable vehicles and ownership costs.,2026-05-10T12:00:00+00:00
LEAD-002086,CUST-002086,VEH-008294,SALES-022,Website,Qualified,62,"profile=Warm, vehicle selected, down payment",Preferences captured; comparing suitable vehicles and ownership costs.,2026-06-30T21:00:00+00:00
LEAD-002087,CUST-002087,VEH-009619,SALES-023,Walk-In,Appointment Set,65,"profile=Warm, 30-day, vehicle selected",Preferences captured; comparing suitable vehicles and ownership costs.,2026-05-26T00:00:00+00:00
LEAD-002088,CUST-002088,VEH-004420,SALES-024,Website,Contacted,42,"profile=Research, vehicle selected, down payment",Early research stage; provide options without pressuring for commitment.,2026-06-25T19:00:00+00:00
LEAD-002089,CUST-002089,VEH-008825,SALES-001,Website,Qualified,62,"profile=Warm, vehicle selected, down payment",Preferences captured; comparing suitable vehicles and ownership costs.,2026-08-22T10:00:00+00:00
LEAD-002090,CUST-002090,VEH-003870,SALES-002,Website,Contacted,37,"profile=Research, vehicle selected",Early research stage; provide options without pressuring for commitment.,2026-05-04T09:00:00+00:00
LEAD-002091,CUST-002091,,SALES-003,Social Media,Contacted,83,"profile=Hot, 30-day, down payment",Specific near-term purchase intent; ready for inventory shortlist.,2026-05-20T18:00:00+00:00
LEAD-002092,CUST-002092,VEH-004071,SALES-004,Walk-In,Qualified,62,"profile=Warm, vehicle selected, down payment",Preferences captured; comparing suitable vehicles and ownership costs.,2026-08-21T14:00:00+00:00
LEAD-002093,CUST-002093,VEH-006875,SALES-005,Website,Contacted,70,"profile=Warm, 30-day, vehicle selected, down payment",Preferences captured; comparing suitable vehicles and ownership costs.,2026-06-07T00:00:00+00:00
LEAD-002094,CUST-002094,VEH-009991,SALES-006,Website,Contacted,62,"profile=Warm, vehicle selected, down payment",Preferences captured; comparing suitable vehicles and ownership costs.,2026-08-03T13:00:00+00:00
LEAD-002095,CUST-002095,VEH-006243,SALES-007,Website,New,42,"profile=Research, vehicle selected, down payment",Early research stage; provide options without pressuring for commitment.,2026-07-29T22:00:00+00:00
LEAD-002096,CUST-002096,VEH-001419,SALES-008,Social Media,Contacted,62,"profile=Warm, vehicle selected, down payment",Preferences captured; comparing suitable vehicles and ownership costs.,2026-05-28T02:00:00+00:00
LEAD-002097,CUST-002097,VEH-007409,SALES-009,Website,Won,37,"profile=Research, vehicle selected",Early research stage; provide options without pressuring for commitment.,2026-08-12T12:00:00+00:00
LEAD-002098,CUST-002098,VEH-006258,SALES-010,Vehicle Marketplace,Qualified,62,"profile=Warm, vehicle selected, down payment",Preferences captured; comparing suitable vehicles and ownership costs.,2026-05-26T18:00:00+00:00
LEAD-002099,CUST-002099,,SALES-011,Website,New,85,"profile=Hot, near-term",Specific near-term purchase intent; ready for inventory shortlist.,2026-06-27T09:00:00+00:00
LEAD-002100,CUST-002100,VEH-004685,SALES-012,Vehicle Marketplace,New,70,"profile=Warm, 30-day, vehicle selected, down payment",Preferences captured; comparing suitable vehicles and ownership costs.,2026-08-24T03:00:00+00:00
LEAD-002101,CUST-002101,VEH-003605,SALES-013,Social Media,Appointment Set,97,"profile=Hot, near-term, vehicle selected, down payment",Specific near-term purchase intent; ready for inventory shortlist.,2026-05-15T12:00:00+00:00
LEAD-002102,CUST-002102,VEH-002117,SALES-014,Paid Search,New,92,"profile=Hot, near-term, vehicle selected",Specific near-term purchase intent; ready for inventory shortlist.,2026-08-23T05:00:00+00:00
LEAD-002103,CUST-002103,VEH-003111,SALES-015,Inbound Call,Qualified,62,"profile=Warm, vehicle selected, down payment",Preferences captured; comparing suitable vehicles and ownership costs.,2026-07-23T15:00:00+00:00
LEAD-002104,CUST-002104,VEH-009922,SALES-016,Referral,Qualified,42,"profile=Research, vehicle selected, down payment",Early research stage; provide options without pressuring for commitment.,2026-05-31T20:00:00+00:00
LEAD-002105,CUST-002105,,SALES-017,Referral,Contacted,90,"profile=Hot, near-term, down payment",Specific near-term purchase intent; ready for inventory shortlist.,2026-08-21T19:00:00+00:00
LEAD-002106,CUST-002106,VEH-006994,SALES-018,Website,New,90,"profile=Hot, 30-day, vehicle selected, down payment",Specific near-term purchase intent; ready for inventory shortlist.,2026-08-12T07:00:00+00:00
LEAD-002107,CUST-002107,VEH-001687,SALES-019,Website,Lost,57,"profile=Warm, vehicle selected",Preferences captured; comparing suitable vehicles and ownership costs.,2026-07-17T14:00:00+00:00
LEAD-002108,CUST-002108,VEH-007184,SALES-020,Inbound Call,Lost,70,"profile=Warm, 30-day, vehicle selected, down payment",Preferences captured; comparing suitable vehicles and ownership costs.,2026-07-29T05:00:00+00:00
LEAD-002109,CUST-002109,VEH-001752,SALES-021,Paid Search,Qualified,70,"profile=Warm, 30-day, vehicle selected, down payment",Preferences captured; comparing suitable vehicles and ownership costs.,2026-07-01T11:00:00+00:00
LEAD-002110,CUST-002110,VEH-004402,SALES-022,Referral,Won,65,"profile=Warm, 30-day, vehicle selected",Preferences captured; comparing suitable vehicles and ownership costs.,2026-08-10T05:00:00+00:00
LEAD-002111,CUST-002111,VEH-007932,SALES-023,Walk-In,Qualified,37,"profile=Research, vehicle selected",Early research stage; provide options without pressuring for commitment.,2026-05-01T01:00:00+00:00
LEAD-002112,CUST-002112,VEH-009770,SALES-024,Website,Qualified,37,"profile=Research, vehicle selected",Early research stage; provide options without pressuring for commitment.,2026-05-02T11:00:00+00:00
LEAD-002113,CUST-002113,,SALES-001,Referral,Contacted,35,"profile=Research, down payment",Early research stage; provide options without pressuring for commitment.,2026-04-26T22:00:00+00:00
LEAD-002114,CUST-002114,VEH-001065,SALES-002,Walk-In,Qualified,62,"profile=Warm, vehicle selected, down payment",Preferences captured; comparing suitable vehicles and ownership costs.,2026-07-06T15:00:00+00:00
LEAD-002115,CUST-002115,VEH-003207,SALES-003,Website,Appointment Set,37,"profile=Research, vehicle selected",Early research stage; provide options without pressuring for commitment.,2026-05-08T12:00:00+00:00
LEAD-002116,CUST-002116,VEH-009548,SALES-004,Walk-In,New,70,"profile=Warm, 30-day, vehicle selected, down payment",Preferences captured; comparing suitable vehicles and ownership costs.,2026-08-01T18:00:00+00:00
LEAD-002117,CUST-002117,VEH-006507,SALES-005,Website,Qualified,65,"profile=Warm, 30-day, vehicle selected",Preferences captured; comparing suitable vehicles and ownership costs.,2026-05-28T01:00:00+00:00
LEAD-002118,CUST-002118,VEH-002961,SALES-006,Walk-In,Contacted,40,"profile=Edge Case, 30-day, vehicle selected, down payment",Requirements may conflict with budget or contact preferences; clarify before action.,2026-07-19T13:00:00+00:00
LEAD-002119,CUST-002119,VEH-009232,SALES-007,Paid Search,Appointment Set,37,"profile=Research, vehicle selected",Early research stage; provide options without pressuring for commitment.,2026-08-24T02:00:00+00:00
LEAD-002120,CUST-002120,,SALES-008,Website,Appointment Set,58,"profile=Warm, 30-day",Preferences captured; comparing suitable vehicles and ownership costs.,2026-08-07T06:00:00+00:00
LEAD-002121,CUST-002121,VEH-005352,SALES-009,Social Media,Appointment Set,92,"profile=Hot, near-term, vehicle selected",Specific near-term purchase intent; ready for inventory shortlist.,2026-05-10T20:00:00+00:00
LEAD-002122,CUST-002122,,SALES-010,Inbound Call,Won,58,"profile=Warm, 30-day",Preferences captured; comparing suitable vehicles and ownership costs.,2026-07-24T03:00:00+00:00
LEAD-002123,CUST-002123,VEH-002591,SALES-011,Website,Lost,92,"profile=Hot, near-term, vehicle selected",Specific near-term purchase intent; ready for inventory shortlist.,2026-06-06T17:00:00+00:00
LEAD-002124,CUST-002124,VEH-003834,SALES-012,Vehicle Marketplace,Contacted,62,"profile=Warm, vehicle selected, down payment",Preferences captured; comparing suitable vehicles and ownership costs.,2026-07-26T01:00:00+00:00
LEAD-002125,CUST-002125,,SALES-013,Inbound Call,Lost,35,"profile=Research, down payment",Early research stage; provide options without pressuring for commitment.,2026-08-02T13:00:00+00:00
LEAD-002126,CUST-002126,VEH-003391,SALES-014,Website,New,37,"profile=Research, vehicle selected",Early research stage; provide options without pressuring for commitment.,2026-07-01T19:00:00+00:00
LEAD-002127,CUST-002127,VEH-003281,SALES-015,Website,Won,70,"profile=Warm, 30-day, vehicle selected, down payment",Preferences captured; comparing suitable vehicles and ownership costs.,2026-05-15T05:00:00+00:00
LEAD-002128,CUST-002128,VEH-008416,SALES-016,Inbound Call,Contacted,42,"profile=Research, vehicle selected, down payment",Early research stage; provide options without pressuring for commitment.,2026-05-02T04:00:00+00:00
LEAD-002129,CUST-002129,,SALES-017,Vehicle Marketplace,Contacted,35,"profile=Research, down payment",Early research stage; provide options without pressuring for commitment.,2026-07-21T06:00:00+00:00
LEAD-002130,CUST-002130,VEH-003198,SALES-018,Inbound Call,Qualified,32,"profile=Edge Case, vehicle selected, down payment",Requirements may conflict with budget or contact preferences; clarify before action.,2026-07-29T17:00:00+00:00
LEAD-002131,CUST-002131,VEH-005313,SALES-019,Referral,Appointment Set,97,"profile=Hot, near-term, vehicle selected, down payment",Specific near-term purchase intent; ready for inventory shortlist.,2026-05-06T08:00:00+00:00
LEAD-002132,CUST-002132,VEH-001373,SALES-020,Paid Search,Contacted,42,"profile=Research, vehicle selected, down payment",Early research stage; provide options without pressuring for commitment.,2026-07-12T07:00:00+00:00
LEAD-002133,CUST-002133,VEH-000379,SALES-021,Paid Search,Lost,32,"profile=Edge Case, vehicle selected, down payment",Requirements may conflict with budget or contact preferences; clarify before action.,2026-04-27T01:00:00+00:00
LEAD-002134,CUST-002134,VEH-003077,SALES-022,Website,Contacted,70,"profile=Warm, 30-day, vehicle selected, down payment",Preferences captured; comparing suitable vehicles and ownership costs.,2026-06-27T01:00:00+00:00
LEAD-002135,CUST-002135,,SALES-023,Paid Search,Appointment Set,83,"profile=Hot, 30-day, down payment",Specific near-term purchase intent; ready for inventory shortlist.,2026-06-05T04:00:00+00:00
LEAD-002136,CUST-002136,VEH-007631,SALES-024,Vehicle Marketplace,Contacted,85,"profile=Hot, 30-day, vehicle selected",Specific near-term purchase intent; ready for inventory shortlist.,2026-07-31T03:00:00+00:00
LEAD-002137,CUST-002137,,SALES-001,Website,Qualified,25,"profile=Edge Case, down payment",Requirements may conflict with budget or contact preferences; clarify before action.,2026-08-15T19:00:00+00:00
LEAD-002138,CUST-002138,VEH-002855,SALES-002,Vehicle Marketplace,New,70,"profile=Warm, 30-day, vehicle selected, down payment",Preferences captured; comparing suitable vehicles and ownership costs.,2026-06-09T09:00:00+00:00
LEAD-002139,CUST-002139,,SALES-003,Walk-In,Contacted,35,"profile=Research, down payment",Early research stage; provide options without pressuring for commitment.,2026-07-15T11:00:00+00:00
LEAD-002140,CUST-002140,VEH-005613,SALES-004,Walk-In,New,70,"profile=Warm, 30-day, vehicle selected, down payment",Preferences captured; comparing suitable vehicles and ownership costs.,2026-07-16T03:00:00+00:00
LEAD-002141,CUST-002141,,SALES-005,Referral,Appointment Set,35,"profile=Research, down payment",Early research stage; provide options without pressuring for commitment.,2026-05-16T20:00:00+00:00
LEAD-002142,CUST-002142,,SALES-006,Vehicle Marketplace,Appointment Set,90,"profile=Hot, near-term, down payment",Specific near-term purchase intent; ready for inventory shortlist.,2026-06-28T10:00:00+00:00
LEAD-002143,CUST-002143,VEH-009665,SALES-007,Paid Search,Contacted,70,"profile=Warm, 30-day, vehicle selected, down payment",Preferences captured; comparing suitable vehicles and ownership costs.,2026-05-06T04:00:00+00:00
LEAD-002144,CUST-002144,VEH-001567,SALES-008,Inbound Call,Won,35,"profile=Edge Case, 30-day, vehicle selected",Requirements may conflict with budget or contact preferences; clarify before action.,2026-06-29T05:00:00+00:00
LEAD-002145,CUST-002145,VEH-008171,SALES-009,Referral,Qualified,27,"profile=Edge Case, vehicle selected",Requirements may conflict with budget or contact preferences; clarify before action.,2026-08-24T16:00:00+00:00
LEAD-002146,CUST-002146,VEH-005684,SALES-010,Inbound Call,Lost,37,"profile=Research, vehicle selected",Early research stage; provide options without pressuring for commitment.,2026-05-10T00:00:00+00:00
LEAD-002147,CUST-002147,,SALES-011,Paid Search,Won,90,"profile=Hot, near-term, down payment",Specific near-term purchase intent; ready for inventory shortlist.,2026-04-27T12:00:00+00:00
LEAD-002148,CUST-002148,VEH-002158,SALES-012,Paid Search,Appointment Set,62,"profile=Warm, vehicle selected, down payment",Preferences captured; comparing suitable vehicles and ownership costs.,2026-06-15T05:00:00+00:00
LEAD-002149,CUST-002149,VEH-008467,SALES-013,Website,New,27,"profile=Edge Case, vehicle selected",Requirements may conflict with budget or contact preferences; clarify before action.,2026-04-28T10:00:00+00:00
LEAD-002150,CUST-002150,VEH-006426,SALES-014,Website,Contacted,65,"profile=Warm, 30-day, vehicle selected",Preferences captured; comparing suitable vehicles and ownership costs.,2026-08-19T02:00:00+00:00
LEAD-002151,CUST-002151,VEH-008919,SALES-015,Website,New,42,"profile=Research, vehicle selected, down payment",Early research stage; provide options without pressuring for commitment.,2026-05-28T09:00:00+00:00
LEAD-002152,CUST-002152,VEH-009653,SALES-016,Inbound Call,Contacted,32,"profile=Edge Case, vehicle selected, down payment",Requirements may conflict with budget or contact preferences; clarify before action.,2026-08-12T01:00:00+00:00
LEAD-002153,CUST-002153,,SALES-017,Website,Lost,90,"profile=Hot, near-term, down payment",Specific near-term purchase intent; ready for inventory shortlist.,2026-08-12T02:00:00+00:00
LEAD-002154,CUST-002154,,SALES-018,Paid Search,Contacted,85,"profile=Hot, near-term",Specific near-term purchase intent; ready for inventory shortlist.,2026-05-15T21:00:00+00:00
LEAD-002155,CUST-002155,VEH-004648,SALES-019,Social Media,Appointment Set,57,"profile=Warm, vehicle selected",Preferences captured; comparing suitable vehicles and ownership costs.,2026-05-20T06:00:00+00:00
LEAD-002156,CUST-002156,VEH-005611,SALES-020,Social Media,Won,70,"profile=Warm, 30-day, vehicle selected, down payment",Preferences captured; comparing suitable vehicles and ownership costs.,2026-07-21T16:00:00+00:00
LEAD-002157,CUST-002157,VEH-006554,SALES-021,Walk-In,Appointment Set,70,"profile=Warm, 30-day, vehicle selected, down payment",Preferences captured; comparing suitable vehicles and ownership costs.,2026-07-06T10:00:00+00:00
LEAD-002158,CUST-002158,VEH-008986,SALES-022,Inbound Call,Contacted,42,"profile=Research, vehicle selected, down payment",Early research stage; provide options without pressuring for commitment.,2026-07-08T06:00:00+00:00
LEAD-002159,CUST-002159,VEH-007399,SALES-023,Inbound Call,Qualified,97,"profile=Hot, near-term, vehicle selected, down payment",Specific near-term purchase intent; ready for inventory shortlist.,2026-08-22T19:00:00+00:00
LEAD-002160,CUST-002160,VEH-001814,SALES-024,Website,New,90,"profile=Hot, 30-day, vehicle selected, down payment",Specific near-term purchase intent; ready for inventory shortlist.,2026-05-31T13:00:00+00:00
LEAD-002161,CUST-002161,VEH-007864,SALES-001,Inbound Call,Contacted,70,"profile=Warm, 30-day, vehicle selected, down payment",Preferences captured; comparing suitable vehicles and ownership costs.,2026-05-24T10:00:00+00:00
LEAD-002162,CUST-002162,,SALES-002,Walk-In,New,55,"profile=Warm, down payment",Preferences captured; comparing suitable vehicles and ownership costs.,2026-05-03T06:00:00+00:00
LEAD-002163,CUST-002163,VEH-008522,SALES-003,Website,New,40,"profile=Edge Case, 30-day, vehicle selected, down payment",Requirements may conflict with budget or contact preferences; clarify before action.,2026-05-22T01:00:00+00:00
LEAD-002164,CUST-002164,VEH-004511,SALES-004,Paid Search,Qualified,70,"profile=Warm, 30-day, vehicle selected, down payment",Preferences captured; comparing suitable vehicles and ownership costs.,2026-07-25T05:00:00+00:00
LEAD-002165,CUST-002165,VEH-003019,SALES-005,Walk-In,Appointment Set,85,"profile=Hot, 30-day, vehicle selected",Specific near-term purchase intent; ready for inventory shortlist.,2026-08-14T19:00:00+00:00
LEAD-002166,CUST-002166,VEH-001382,SALES-006,Website,Contacted,92,"profile=Hot, near-term, vehicle selected",Specific near-term purchase intent; ready for inventory shortlist.,2026-06-14T18:00:00+00:00
LEAD-002167,CUST-002167,VEH-001123,SALES-007,Website,Appointment Set,70,"profile=Warm, 30-day, vehicle selected, down payment",Preferences captured; comparing suitable vehicles and ownership costs.,2026-07-24T00:00:00+00:00
LEAD-002168,CUST-002168,VEH-008974,SALES-008,Social Media,Contacted,62,"profile=Warm, vehicle selected, down payment",Preferences captured; comparing suitable vehicles and ownership costs.,2026-06-13T00:00:00+00:00
LEAD-002169,CUST-002169,VEH-001640,SALES-009,Paid Search,Qualified,37,"profile=Research, vehicle selected",Early research stage; provide options without pressuring for commitment.,2026-04-29T04:00:00+00:00
LEAD-002170,CUST-002170,VEH-004222,SALES-010,Vehicle Marketplace,Appointment Set,70,"profile=Warm, 30-day, vehicle selected, down payment",Preferences captured; comparing suitable vehicles and ownership costs.,2026-08-24T16:00:00+00:00
LEAD-002171,CUST-002171,VEH-008821,SALES-011,Paid Search,New,97,"profile=Hot, near-term, vehicle selected, down payment",Specific near-term purchase intent; ready for inventory shortlist.,2026-08-05T06:00:00+00:00
LEAD-002172,CUST-002172,,SALES-012,Vehicle Marketplace,Qualified,25,"profile=Edge Case, down payment",Requirements may conflict with budget or contact preferences; clarify before action.,2026-08-15T14:00:00+00:00
LEAD-002173,CUST-002173,VEH-008949,SALES-013,Inbound Call,Lost,37,"profile=Research, vehicle selected",Early research stage; provide options without pressuring for commitment.,2026-06-06T21:00:00+00:00
LEAD-002174,CUST-002174,,SALES-014,Paid Search,Appointment Set,50,profile=Warm,Preferences captured; comparing suitable vehicles and ownership costs.,2026-05-25T23:00:00+00:00
LEAD-002175,CUST-002175,VEH-003831,SALES-015,Website,Lost,57,"profile=Warm, vehicle selected",Preferences captured; comparing suitable vehicles and ownership costs.,2026-08-18T01:00:00+00:00
LEAD-002176,CUST-002176,VEH-002858,SALES-016,Website,New,70,"profile=Warm, 30-day, vehicle selected, down payment",Preferences captured; comparing suitable vehicles and ownership costs.,2026-08-25T09:00:00+00:00
LEAD-002177,CUST-002177,VEH-008927,SALES-017,Paid Search,New,70,"profile=Warm, 30-day, vehicle selected, down payment",Preferences captured; comparing suitable vehicles and ownership costs.,2026-05-27T01:00:00+00:00
LEAD-002178,CUST-002178,VEH-002800,SALES-018,Paid Search,Appointment Set,97,"profile=Hot, near-term, vehicle selected, down payment",Specific near-term purchase intent; ready for inventory shortlist.,2026-06-17T11:00:00+00:00
LEAD-002179,CUST-002179,VEH-006836,SALES-019,Inbound Call,New,32,"profile=Edge Case, vehicle selected, down payment",Requirements may conflict with budget or contact preferences; clarify before action.,2026-07-04T17:00:00+00:00
LEAD-002180,CUST-002180,,SALES-020,Website,Contacted,35,"profile=Research, down payment",Early research stage; provide options without pressuring for commitment.,2026-05-17T09:00:00+00:00
LEAD-002181,CUST-002181,VEH-004101,SALES-021,Website,New,90,"profile=Hot, 30-day, vehicle selected, down payment",Specific near-term purchase intent; ready for inventory shortlist.,2026-06-15T02:00:00+00:00
LEAD-002182,CUST-002182,VEH-001646,SALES-022,Inbound Call,Won,37,"profile=Research, vehicle selected",Early research stage; provide options without pressuring for commitment.,2026-08-05T14:00:00+00:00
LEAD-002183,CUST-002183,VEH-008329,SALES-023,Vehicle Marketplace,New,62,"profile=Warm, vehicle selected, down payment",Preferences captured; comparing suitable vehicles and ownership costs.,2026-07-20T12:00:00+00:00
LEAD-002184,CUST-002184,VEH-002779,SALES-024,Website,Contacted,62,"profile=Warm, vehicle selected, down payment",Preferences captured; comparing suitable vehicles and ownership costs.,2026-06-01T23:00:00+00:00
LEAD-002185,CUST-002185,VEH-005107,SALES-001,Inbound Call,Contacted,42,"profile=Research, vehicle selected, down payment",Early research stage; provide options without pressuring for commitment.,2026-08-18T01:00:00+00:00
LEAD-002186,CUST-002186,VEH-009572,SALES-002,Vehicle Marketplace,Contacted,65,"profile=Warm, 30-day, vehicle selected",Preferences captured; comparing suitable vehicles and ownership costs.,2026-08-11T11:00:00+00:00
LEAD-002187,CUST-002187,VEH-003236,SALES-003,Website,Won,97,"profile=Hot, near-term, vehicle selected, down payment",Specific near-term purchase intent; ready for inventory shortlist.,2026-07-03T20:00:00+00:00
LEAD-002188,CUST-002188,,SALES-004,Inbound Call,Contacted,40,"profile=Edge Case, near-term, down payment",Requirements may conflict with budget or contact preferences; clarify before action.,2026-07-25T06:00:00+00:00
LEAD-002189,CUST-002189,VEH-004060,SALES-005,Vehicle Marketplace,Qualified,70,"profile=Warm, 30-day, vehicle selected, down payment",Preferences captured; comparing suitable vehicles and ownership costs.,2026-05-02T10:00:00+00:00
LEAD-002190,CUST-002190,,SALES-006,Website,New,63,"profile=Warm, 30-day, down payment",Preferences captured; comparing suitable vehicles and ownership costs.,2026-04-28T22:00:00+00:00
LEAD-002191,CUST-002191,VEH-006026,SALES-007,Inbound Call,Won,57,"profile=Warm, vehicle selected",Preferences captured; comparing suitable vehicles and ownership costs.,2026-06-02T23:00:00+00:00
LEAD-002192,CUST-002192,,SALES-008,Walk-In,New,55,"profile=Warm, down payment",Preferences captured; comparing suitable vehicles and ownership costs.,2026-07-16T10:00:00+00:00
LEAD-002193,CUST-002193,VEH-000895,SALES-009,Referral,Qualified,57,"profile=Warm, vehicle selected",Preferences captured; comparing suitable vehicles and ownership costs.,2026-07-31T17:00:00+00:00
LEAD-002194,CUST-002194,VEH-001541,SALES-010,Website,New,42,"profile=Research, vehicle selected, down payment",Early research stage; provide options without pressuring for commitment.,2026-05-22T09:00:00+00:00
LEAD-002195,CUST-002195,VEH-004375,SALES-011,Vehicle Marketplace,Contacted,47,"profile=Edge Case, near-term, vehicle selected, down payment",Requirements may conflict with budget or contact preferences; clarify before action.,2026-06-06T08:00:00+00:00
LEAD-002196,CUST-002196,VEH-000814,SALES-012,Inbound Call,Appointment Set,70,"profile=Warm, 30-day, vehicle selected, down payment",Preferences captured; comparing suitable vehicles and ownership costs.,2026-06-09T20:00:00+00:00
LEAD-002197,CUST-002197,VEH-003454,SALES-013,Walk-In,New,65,"profile=Warm, 30-day, vehicle selected",Preferences captured; comparing suitable vehicles and ownership costs.,2026-07-30T18:00:00+00:00
LEAD-002198,CUST-002198,VEH-003386,SALES-014,Inbound Call,Contacted,97,"profile=Hot, near-term, vehicle selected, down payment",Specific near-term purchase intent; ready for inventory shortlist.,2026-07-31T20:00:00+00:00
LEAD-002199,CUST-002199,VEH-008258,SALES-015,Social Media,New,37,"profile=Research, vehicle selected",Early research stage; provide options without pressuring for commitment.,2026-07-03T18:00:00+00:00
LEAD-002200,CUST-002200,VEH-006841,SALES-016,Website,New,70,"profile=Warm, 30-day, vehicle selected, down payment",Preferences captured; comparing suitable vehicles and ownership costs.,2026-06-23T01:00:00+00:00
LEAD-002201,CUST-002201,VEH-009039,SALES-017,Inbound Call,Qualified,57,"profile=Warm, vehicle selected",Preferences captured; comparing suitable vehicles and ownership costs.,2026-06-26T03:00:00+00:00
LEAD-002202,CUST-002202,,SALES-018,Website,Qualified,35,"profile=Research, down payment",Early research stage; provide options without pressuring for commitment.,2026-08-21T12:00:00+00:00
LEAD-002203,CUST-002203,VEH-007009,SALES-019,Paid Search,Qualified,62,"profile=Warm, vehicle selected, down payment",Preferences captured; comparing suitable vehicles and ownership costs.,2026-06-26T13:00:00+00:00
LEAD-002204,CUST-002204,VEH-001599,SALES-020,Vehicle Marketplace,New,37,"profile=Research, vehicle selected",Early research stage; provide options without pressuring for commitment.,2026-08-11T10:00:00+00:00
LEAD-002205,CUST-002205,,SALES-021,Walk-In,Contacted,90,"profile=Hot, near-term, down payment",Specific near-term purchase intent; ready for inventory shortlist.,2026-08-08T07:00:00+00:00
LEAD-002206,CUST-002206,VEH-002915,SALES-022,Inbound Call,Lost,57,"profile=Warm, vehicle selected",Preferences captured; comparing suitable vehicles and ownership costs.,2026-07-14T18:00:00+00:00
LEAD-002207,CUST-002207,VEH-002698,SALES-023,Walk-In,Appointment Set,70,"profile=Warm, 30-day, vehicle selected, down payment",Preferences captured; comparing suitable vehicles and ownership costs.,2026-07-21T05:00:00+00:00
LEAD-002208,CUST-002208,VEH-003592,SALES-024,Inbound Call,Appointment Set,62,"profile=Warm, vehicle selected, down payment",Preferences captured; comparing suitable vehicles and ownership costs.,2026-05-26T02:00:00+00:00
LEAD-002209,CUST-002209,,SALES-001,Website,New,63,"profile=Warm, 30-day, down payment",Preferences captured; comparing suitable vehicles and ownership costs.,2026-07-13T07:00:00+00:00
LEAD-002210,CUST-002210,VEH-008961,SALES-002,Website,Contacted,42,"profile=Research, vehicle selected, down payment",Early research stage; provide options without pressuring for commitment.,2026-07-18T11:00:00+00:00
LEAD-002211,CUST-002211,,SALES-003,Inbound Call,Qualified,25,"profile=Edge Case, down payment",Requirements may conflict with budget or contact preferences; clarify before action.,2026-06-18T21:00:00+00:00
LEAD-002212,CUST-002212,VEH-006624,SALES-004,Website,Qualified,85,"profile=Hot, 30-day, vehicle selected",Specific near-term purchase intent; ready for inventory shortlist.,2026-05-11T19:00:00+00:00
LEAD-002213,CUST-002213,VEH-004647,SALES-005,Paid Search,New,37,"profile=Research, vehicle selected",Early research stage; provide options without pressuring for commitment.,2026-06-11T14:00:00+00:00
LEAD-002214,CUST-002214,VEH-007718,SALES-006,Website,Contacted,70,"profile=Warm, 30-day, vehicle selected, down payment",Preferences captured; comparing suitable vehicles and ownership costs.,2026-05-06T16:00:00+00:00
LEAD-002215,CUST-002215,VEH-002727,SALES-007,Social Media,Contacted,62,"profile=Warm, vehicle selected, down payment",Preferences captured; comparing suitable vehicles and ownership costs.,2026-06-18T00:00:00+00:00
LEAD-002216,CUST-002216,VEH-009143,SALES-008,Paid Search,Qualified,37,"profile=Research, vehicle selected",Early research stage; provide options without pressuring for commitment.,2026-05-23T11:00:00+00:00
LEAD-002217,CUST-002217,VEH-001435,SALES-009,Walk-In,Won,37,"profile=Research, vehicle selected",Early research stage; provide options without pressuring for commitment.,2026-08-21T02:00:00+00:00
LEAD-002218,CUST-002218,,SALES-010,Inbound Call,Appointment Set,35,"profile=Research, down payment",Early research stage; provide options without pressuring for commitment.,2026-07-11T13:00:00+00:00
LEAD-002219,CUST-002219,VEH-003267,SALES-011,Inbound Call,Appointment Set,85,"profile=Hot, 30-day, vehicle selected",Specific near-term purchase intent; ready for inventory shortlist.,2026-06-01T21:00:00+00:00
LEAD-002220,CUST-002220,VEH-001711,SALES-012,Inbound Call,New,37,"profile=Research, vehicle selected",Early research stage; provide options without pressuring for commitment.,2026-08-22T10:00:00+00:00
LEAD-002221,CUST-002221,VEH-007605,SALES-013,Paid Search,New,90,"profile=Hot, 30-day, vehicle selected, down payment",Specific near-term purchase intent; ready for inventory shortlist.,2026-05-11T12:00:00+00:00
LEAD-002222,CUST-002222,,SALES-014,Referral,New,30,profile=Research,Early research stage; provide options without pressuring for commitment.,2026-05-31T23:00:00+00:00
LEAD-002223,CUST-002223,,SALES-015,Inbound Call,Contacted,63,"profile=Warm, 30-day, down payment",Preferences captured; comparing suitable vehicles and ownership costs.,2026-08-14T09:00:00+00:00
LEAD-002224,CUST-002224,VEH-006910,SALES-016,Paid Search,Qualified,62,"profile=Warm, vehicle selected, down payment",Preferences captured; comparing suitable vehicles and ownership costs.,2026-05-07T06:00:00+00:00
LEAD-002225,CUST-002225,VEH-007235,SALES-017,Social Media,Appointment Set,42,"profile=Research, vehicle selected, down payment",Early research stage; provide options without pressuring for commitment.,2026-08-24T06:00:00+00:00
LEAD-002226,CUST-002226,VEH-003985,SALES-018,Social Media,Contacted,42,"profile=Research, vehicle selected, down payment",Early research stage; provide options without pressuring for commitment.,2026-06-17T01:00:00+00:00
LEAD-002227,CUST-002227,VEH-008863,SALES-019,Vehicle Marketplace,Won,62,"profile=Warm, vehicle selected, down payment",Preferences captured; comparing suitable vehicles and ownership costs.,2026-05-12T08:00:00+00:00
LEAD-002228,CUST-002228,VEH-001999,SALES-020,Inbound Call,Appointment Set,97,"profile=Hot, near-term, vehicle selected, down payment",Specific near-term purchase intent; ready for inventory shortlist.,2026-07-19T14:00:00+00:00
LEAD-002229,CUST-002229,,SALES-021,Inbound Call,Qualified,35,"profile=Research, down payment",Early research stage; provide options without pressuring for commitment.,2026-08-12T15:00:00+00:00
LEAD-002230,CUST-002230,VEH-005966,SALES-022,Referral,Won,37,"profile=Research, vehicle selected",Early research stage; provide options without pressuring for commitment.,2026-07-15T18:00:00+00:00
LEAD-002231,CUST-002231,VEH-004925,SALES-023,Website,Appointment Set,42,"profile=Research, vehicle selected, down payment",Early research stage; provide options without pressuring for commitment.,2026-06-23T10:00:00+00:00
LEAD-002232,CUST-002232,VEH-009514,SALES-024,Referral,Lost,70,"profile=Warm, 30-day, vehicle selected, down payment",Preferences captured; comparing suitable vehicles and ownership costs.,2026-05-01T01:00:00+00:00
LEAD-002233,CUST-002233,VEH-003760,SALES-001,Referral,Qualified,42,"profile=Research, vehicle selected, down payment",Early research stage; provide options without pressuring for commitment.,2026-07-08T16:00:00+00:00
LEAD-002234,CUST-002234,VEH-009638,SALES-002,Referral,Contacted,32,"profile=Edge Case, vehicle selected, down payment",Requirements may conflict with budget or contact preferences; clarify before action.,2026-05-06T18:00:00+00:00
LEAD-002235,CUST-002235,VEH-004331,SALES-003,Website,Appointment Set,65,"profile=Warm, 30-day, vehicle selected",Preferences captured; comparing suitable vehicles and ownership costs.,2026-05-29T01:00:00+00:00
LEAD-002236,CUST-002236,VEH-007908,SALES-004,Paid Search,New,37,"profile=Research, vehicle selected",Early research stage; provide options without pressuring for commitment.,2026-08-03T12:00:00+00:00
LEAD-002237,CUST-002237,VEH-008949,SALES-005,Inbound Call,New,97,"profile=Hot, near-term, vehicle selected, down payment",Specific near-term purchase intent; ready for inventory shortlist.,2026-06-13T06:00:00+00:00
LEAD-002238,CUST-002238,,SALES-006,Walk-In,Qualified,35,"profile=Research, down payment",Early research stage; provide options without pressuring for commitment.,2026-05-12T04:00:00+00:00
LEAD-002239,CUST-002239,VEH-000952,SALES-007,Website,Contacted,70,"profile=Warm, 30-day, vehicle selected, down payment",Preferences captured; comparing suitable vehicles and ownership costs.,2026-06-30T16:00:00+00:00
LEAD-002240,CUST-002240,VEH-008226,SALES-008,Walk-In,New,42,"profile=Research, vehicle selected, down payment",Early research stage; provide options without pressuring for commitment.,2026-06-26T07:00:00+00:00
LEAD-002241,CUST-002241,,SALES-009,Website,Qualified,35,"profile=Research, down payment",Early research stage; provide options without pressuring for commitment.,2026-06-21T01:00:00+00:00
LEAD-002242,CUST-002242,VEH-009314,SALES-010,Referral,Contacted,62,"profile=Warm, vehicle selected, down payment",Preferences captured; comparing suitable vehicles and ownership costs.,2026-04-27T18:00:00+00:00
LEAD-002243,CUST-002243,VEH-002078,SALES-011,Social Media,Qualified,37,"profile=Research, vehicle selected",Early research stage; provide options without pressuring for commitment.,2026-08-15T03:00:00+00:00
LEAD-002244,CUST-002244,,SALES-012,Paid Search,Appointment Set,85,"profile=Hot, near-term",Specific near-term purchase intent; ready for inventory shortlist.,2026-04-29T20:00:00+00:00
LEAD-002245,CUST-002245,,SALES-013,Referral,Contacted,55,"profile=Warm, down payment",Preferences captured; comparing suitable vehicles and ownership costs.,2026-07-12T18:00:00+00:00
LEAD-002246,CUST-002246,VEH-001686,SALES-014,Inbound Call,Contacted,70,"profile=Warm, 30-day, vehicle selected, down payment",Preferences captured; comparing suitable vehicles and ownership costs.,2026-06-29T06:00:00+00:00
LEAD-002247,CUST-002247,VEH-001709,SALES-015,Paid Search,Qualified,62,"profile=Warm, vehicle selected, down payment",Preferences captured; comparing suitable vehicles and ownership costs.,2026-05-09T03:00:00+00:00
LEAD-002248,CUST-002248,VEH-003389,SALES-016,Social Media,Lost,37,"profile=Research, vehicle selected",Early research stage; provide options without pressuring for commitment.,2026-07-08T16:00:00+00:00
LEAD-002249,CUST-002249,VEH-003043,SALES-017,Inbound Call,Contacted,70,"profile=Warm, 30-day, vehicle selected, down payment",Preferences captured; comparing suitable vehicles and ownership costs.,2026-06-15T07:00:00+00:00
LEAD-002250,CUST-002250,VEH-006483,SALES-018,Social Media,New,62,"profile=Warm, vehicle selected, down payment",Preferences captured; comparing suitable vehicles and ownership costs.,2026-07-13T08:00:00+00:00
LEAD-002251,CUST-002251,VEH-002054,SALES-019,Referral,Contacted,42,"profile=Research, vehicle selected, down payment",Early research stage; provide options without pressuring for commitment.,2026-05-16T21:00:00+00:00
LEAD-002252,CUST-002252,VEH-007561,SALES-020,Paid Search,Appointment Set,42,"profile=Research, vehicle selected, down payment",Early research stage; provide options without pressuring for commitment.,2026-07-19T07:00:00+00:00
LEAD-002253,CUST-002253,VEH-003817,SALES-021,Inbound Call,Qualified,57,"profile=Warm, vehicle selected",Preferences captured; comparing suitable vehicles and ownership costs.,2026-07-28T11:00:00+00:00
LEAD-002254,CUST-002254,,SALES-022,Website,Contacted,83,"profile=Hot, 30-day, down payment",Specific near-term purchase intent; ready for inventory shortlist.,2026-08-05T23:00:00+00:00
LEAD-002255,CUST-002255,,SALES-023,Website,New,30,profile=Research,Early research stage; provide options without pressuring for commitment.,2026-07-19T03:00:00+00:00
LEAD-002256,CUST-002256,VEH-008265,SALES-024,Paid Search,New,42,"profile=Research, vehicle selected, down payment",Early research stage; provide options without pressuring for commitment.,2026-07-10T09:00:00+00:00
LEAD-002257,CUST-002257,,SALES-001,Inbound Call,Lost,30,profile=Research,Early research stage; provide options without pressuring for commitment.,2026-05-18T02:00:00+00:00
LEAD-002258,CUST-002258,VEH-006793,SALES-002,Paid Search,Contacted,37,"profile=Research, vehicle selected",Early research stage; provide options without pressuring for commitment.,2026-08-14T03:00:00+00:00
LEAD-002259,CUST-002259,,SALES-003,Inbound Call,Qualified,35,"profile=Research, down payment",Early research stage; provide options without pressuring for commitment.,2026-04-27T18:00:00+00:00
LEAD-002260,CUST-002260,VEH-005010,SALES-004,Social Media,Contacted,42,"profile=Research, vehicle selected, down payment",Early research stage; provide options without pressuring for commitment.,2026-06-17T04:00:00+00:00
LEAD-002261,CUST-002261,VEH-006111,SALES-005,Website,Qualified,32,"profile=Edge Case, vehicle selected, down payment",Requirements may conflict with budget or contact preferences; clarify before action.,2026-05-24T13:00:00+00:00
LEAD-002262,CUST-002262,VEH-009074,SALES-006,Website,Appointment Set,37,"profile=Research, vehicle selected",Early research stage; provide options without pressuring for commitment.,2026-05-27T07:00:00+00:00
LEAD-002263,CUST-002263,VEH-005836,SALES-007,Social Media,Qualified,90,"profile=Hot, 30-day, vehicle selected, down payment",Specific near-term purchase intent; ready for inventory shortlist.,2026-06-01T01:00:00+00:00
LEAD-002264,CUST-002264,VEH-001342,SALES-008,Paid Search,Contacted,42,"profile=Research, vehicle selected, down payment",Early research stage; provide options without pressuring for commitment.,2026-08-11T10:00:00+00:00
LEAD-002265,CUST-002265,VEH-006985,SALES-009,Website,Contacted,42,"profile=Research, vehicle selected, down payment",Early research stage; provide options without pressuring for commitment.,2026-05-17T04:00:00+00:00
LEAD-002266,CUST-002266,VEH-003171,SALES-010,Website,New,42,"profile=Research, vehicle selected, down payment",Early research stage; provide options without pressuring for commitment.,2026-07-15T09:00:00+00:00
LEAD-002267,CUST-002267,,SALES-011,Paid Search,Qualified,63,"profile=Warm, 30-day, down payment",Preferences captured; comparing suitable vehicles and ownership costs.,2026-07-16T06:00:00+00:00
LEAD-002268,CUST-002268,,SALES-012,Vehicle Marketplace,Qualified,30,profile=Research,Early research stage; provide options without pressuring for commitment.,2026-06-02T11:00:00+00:00
LEAD-002269,CUST-002269,VEH-002385,SALES-013,Paid Search,Qualified,70,"profile=Warm, 30-day, vehicle selected, down payment",Preferences captured; comparing suitable vehicles and ownership costs.,2026-06-18T09:00:00+00:00
LEAD-002270,CUST-002270,VEH-000863,SALES-014,Paid Search,Appointment Set,97,"profile=Hot, near-term, vehicle selected, down payment",Specific near-term purchase intent; ready for inventory shortlist.,2026-06-11T23:00:00+00:00
LEAD-002271,CUST-002271,,SALES-015,Vehicle Marketplace,Qualified,35,"profile=Research, down payment",Early research stage; provide options without pressuring for commitment.,2026-05-20T21:00:00+00:00
LEAD-002272,CUST-002272,VEH-000262,SALES-016,Paid Search,Contacted,32,"profile=Edge Case, vehicle selected, down payment",Requirements may conflict with budget or contact preferences; clarify before action.,2026-07-04T05:00:00+00:00
LEAD-002273,CUST-002273,VEH-005807,SALES-017,Inbound Call,Lost,62,"profile=Warm, vehicle selected, down payment",Preferences captured; comparing suitable vehicles and ownership costs.,2026-07-24T15:00:00+00:00
LEAD-002274,CUST-002274,VEH-000920,SALES-018,Inbound Call,Appointment Set,97,"profile=Hot, near-term, vehicle selected, down payment",Specific near-term purchase intent; ready for inventory shortlist.,2026-06-05T08:00:00+00:00
LEAD-002275,CUST-002275,VEH-009636,SALES-019,Social Media,Appointment Set,62,"profile=Warm, vehicle selected, down payment",Preferences captured; comparing suitable vehicles and ownership costs.,2026-07-19T18:00:00+00:00
LEAD-002276,CUST-002276,VEH-005860,SALES-020,Inbound Call,Contacted,42,"profile=Research, vehicle selected, down payment",Early research stage; provide options without pressuring for commitment.,2026-07-09T11:00:00+00:00
LEAD-002277,CUST-002277,,SALES-021,Inbound Call,Won,63,"profile=Warm, 30-day, down payment",Preferences captured; comparing suitable vehicles and ownership costs.,2026-07-10T16:00:00+00:00
LEAD-002278,CUST-002278,VEH-005069,SALES-022,Walk-In,Qualified,37,"profile=Research, vehicle selected",Early research stage; provide options without pressuring for commitment.,2026-08-15T08:00:00+00:00
LEAD-002279,CUST-002279,VEH-005696,SALES-023,Inbound Call,New,37,"profile=Research, vehicle selected",Early research stage; provide options without pressuring for commitment.,2026-04-28T15:00:00+00:00
LEAD-002280,CUST-002280,VEH-001080,SALES-024,Paid Search,Appointment Set,47,"profile=Edge Case, near-term, vehicle selected, down payment",Requirements may conflict with budget or contact preferences; clarify before action.,2026-08-03T15:00:00+00:00
LEAD-002281,CUST-002281,VEH-008283,SALES-001,Paid Search,Contacted,92,"profile=Hot, near-term, vehicle selected",Specific near-term purchase intent; ready for inventory shortlist.,2026-08-16T04:00:00+00:00
LEAD-002282,CUST-002282,VEH-007209,SALES-002,Vehicle Marketplace,New,42,"profile=Research, vehicle selected, down payment",Early research stage; provide options without pressuring for commitment.,2026-06-15T13:00:00+00:00
LEAD-002283,CUST-002283,,SALES-003,Website,Contacted,58,"profile=Warm, 30-day",Preferences captured; comparing suitable vehicles and ownership costs.,2026-06-02T16:00:00+00:00
LEAD-002284,CUST-002284,VEH-009518,SALES-004,Paid Search,New,37,"profile=Research, vehicle selected",Early research stage; provide options without pressuring for commitment.,2026-04-27T02:00:00+00:00
LEAD-002285,CUST-002285,,SALES-005,Inbound Call,Lost,90,"profile=Hot, near-term, down payment",Specific near-term purchase intent; ready for inventory shortlist.,2026-07-10T21:00:00+00:00
LEAD-002286,CUST-002286,VEH-005940,SALES-006,Website,Qualified,65,"profile=Warm, 30-day, vehicle selected",Preferences captured; comparing suitable vehicles and ownership costs.,2026-05-29T18:00:00+00:00
LEAD-002287,CUST-002287,VEH-003555,SALES-007,Website,Qualified,37,"profile=Research, vehicle selected",Early research stage; provide options without pressuring for commitment.,2026-05-02T02:00:00+00:00
LEAD-002288,CUST-002288,VEH-008164,SALES-008,Inbound Call,New,90,"profile=Hot, 30-day, vehicle selected, down payment",Specific near-term purchase intent; ready for inventory shortlist.,2026-05-26T15:00:00+00:00
LEAD-002289,CUST-002289,VEH-002601,SALES-009,Walk-In,New,90,"profile=Hot, 30-day, vehicle selected, down payment",Specific near-term purchase intent; ready for inventory shortlist.,2026-08-02T21:00:00+00:00
LEAD-002290,CUST-002290,,SALES-010,Walk-In,Contacted,25,"profile=Edge Case, down payment",Requirements may conflict with budget or contact preferences; clarify before action.,2026-05-06T20:00:00+00:00
LEAD-002291,CUST-002291,,SALES-011,Website,Qualified,83,"profile=Hot, 30-day, down payment",Specific near-term purchase intent; ready for inventory shortlist.,2026-05-28T22:00:00+00:00
LEAD-002292,CUST-002292,VEH-008332,SALES-012,Inbound Call,Contacted,70,"profile=Warm, 30-day, vehicle selected, down payment",Preferences captured; comparing suitable vehicles and ownership costs.,2026-06-23T13:00:00+00:00
LEAD-002293,CUST-002293,,SALES-013,Social Media,Contacted,63,"profile=Warm, 30-day, down payment",Preferences captured; comparing suitable vehicles and ownership costs.,2026-05-22T02:00:00+00:00
LEAD-002294,CUST-002294,VEH-004042,SALES-014,Website,Qualified,47,"profile=Edge Case, near-term, vehicle selected, down payment",Requirements may conflict with budget or contact preferences; clarify before action.,2026-07-11T03:00:00+00:00
LEAD-002295,CUST-002295,,SALES-015,Walk-In,Appointment Set,83,"profile=Hot, 30-day, down payment",Specific near-term purchase intent; ready for inventory shortlist.,2026-07-29T09:00:00+00:00
LEAD-002296,CUST-002296,,SALES-016,Paid Search,Won,63,"profile=Warm, 30-day, down payment",Preferences captured; comparing suitable vehicles and ownership costs.,2026-06-05T18:00:00+00:00
LEAD-002297,CUST-002297,,SALES-017,Vehicle Marketplace,New,90,"profile=Hot, near-term, down payment",Specific near-term purchase intent; ready for inventory shortlist.,2026-08-01T05:00:00+00:00
LEAD-002298,CUST-002298,VEH-003631,SALES-018,Inbound Call,Qualified,42,"profile=Research, vehicle selected, down payment",Early research stage; provide options without pressuring for commitment.,2026-08-07T06:00:00+00:00
LEAD-002299,CUST-002299,VEH-004513,SALES-019,Vehicle Marketplace,Contacted,42,"profile=Research, vehicle selected, down payment",Early research stage; provide options without pressuring for commitment.,2026-08-23T11:00:00+00:00
LEAD-002300,CUST-002300,VEH-006323,SALES-020,Paid Search,Contacted,70,"profile=Warm, 30-day, vehicle selected, down payment",Preferences captured; comparing suitable vehicles and ownership costs.,2026-08-16T11:00:00+00:00
LEAD-002301,CUST-002301,VEH-000765,SALES-021,Website,Qualified,65,"profile=Warm, 30-day, vehicle selected",Preferences captured; comparing suitable vehicles and ownership costs.,2026-08-02T14:00:00+00:00
LEAD-002302,CUST-002302,,SALES-022,Referral,Qualified,30,profile=Research,Early research stage; provide options without pressuring for commitment.,2026-06-26T13:00:00+00:00
LEAD-002303,CUST-002303,VEH-009917,SALES-023,Referral,Contacted,37,"profile=Research, vehicle selected",Early research stage; provide options without pressuring for commitment.,2026-06-05T04:00:00+00:00
LEAD-002304,CUST-002304,VEH-006711,SALES-024,Website,New,65,"profile=Warm, 30-day, vehicle selected",Preferences captured; comparing suitable vehicles and ownership costs.,2026-07-28T05:00:00+00:00
LEAD-002305,CUST-002305,VEH-004721,SALES-001,Walk-In,Appointment Set,70,"profile=Warm, 30-day, vehicle selected, down payment",Preferences captured; comparing suitable vehicles and ownership costs.,2026-06-04T04:00:00+00:00
LEAD-002306,CUST-002306,VEH-002041,SALES-002,Website,Qualified,70,"profile=Warm, 30-day, vehicle selected, down payment",Preferences captured; comparing suitable vehicles and ownership costs.,2026-06-21T22:00:00+00:00
LEAD-002307,CUST-002307,VEH-005499,SALES-003,Website,Contacted,62,"profile=Warm, vehicle selected, down payment",Preferences captured; comparing suitable vehicles and ownership costs.,2026-05-29T12:00:00+00:00
LEAD-002308,CUST-002308,VEH-008410,SALES-004,Walk-In,Qualified,57,"profile=Warm, vehicle selected",Preferences captured; comparing suitable vehicles and ownership costs.,2026-05-16T09:00:00+00:00
LEAD-002309,CUST-002309,VEH-004300,SALES-005,Inbound Call,Appointment Set,92,"profile=Hot, near-term, vehicle selected",Specific near-term purchase intent; ready for inventory shortlist.,2026-04-30T18:00:00+00:00
LEAD-002310,CUST-002310,VEH-003707,SALES-006,Website,New,70,"profile=Warm, 30-day, vehicle selected, down payment",Preferences captured; comparing suitable vehicles and ownership costs.,2026-07-20T01:00:00+00:00
LEAD-002311,CUST-002311,VEH-003377,SALES-007,Website,Appointment Set,40,"profile=Edge Case, 30-day, vehicle selected, down payment",Requirements may conflict with budget or contact preferences; clarify before action.,2026-06-18T12:00:00+00:00
LEAD-002312,CUST-002312,VEH-004773,SALES-008,Inbound Call,Appointment Set,37,"profile=Research, vehicle selected",Early research stage; provide options without pressuring for commitment.,2026-07-30T06:00:00+00:00
LEAD-002313,CUST-002313,,SALES-009,Inbound Call,New,40,"profile=Edge Case, near-term, down payment",Requirements may conflict with budget or contact preferences; clarify before action.,2026-08-01T19:00:00+00:00
LEAD-002314,CUST-002314,VEH-005057,SALES-010,Inbound Call,New,70,"profile=Warm, 30-day, vehicle selected, down payment",Preferences captured; comparing suitable vehicles and ownership costs.,2026-05-26T05:00:00+00:00
LEAD-002315,CUST-002315,,SALES-011,Referral,New,50,profile=Warm,Preferences captured; comparing suitable vehicles and ownership costs.,2026-04-28T22:00:00+00:00
LEAD-002316,CUST-002316,VEH-006645,SALES-012,Paid Search,Qualified,42,"profile=Research, vehicle selected, down payment",Early research stage; provide options without pressuring for commitment.,2026-08-17T18:00:00+00:00
LEAD-002317,CUST-002317,VEH-009243,SALES-013,Inbound Call,Qualified,62,"profile=Warm, vehicle selected, down payment",Preferences captured; comparing suitable vehicles and ownership costs.,2026-07-09T01:00:00+00:00
LEAD-002318,CUST-002318,VEH-007049,SALES-014,Vehicle Marketplace,Appointment Set,90,"profile=Hot, 30-day, vehicle selected, down payment",Specific near-term purchase intent; ready for inventory shortlist.,2026-08-12T08:00:00+00:00
LEAD-002319,CUST-002319,VEH-006695,SALES-015,Website,Contacted,32,"profile=Edge Case, vehicle selected, down payment",Requirements may conflict with budget or contact preferences; clarify before action.,2026-06-12T06:00:00+00:00
LEAD-002320,CUST-002320,VEH-001889,SALES-016,Inbound Call,Qualified,57,"profile=Warm, vehicle selected",Preferences captured; comparing suitable vehicles and ownership costs.,2026-08-25T07:00:00+00:00
LEAD-002321,CUST-002321,VEH-009805,SALES-017,Inbound Call,Lost,92,"profile=Hot, near-term, vehicle selected",Specific near-term purchase intent; ready for inventory shortlist.,2026-05-30T15:00:00+00:00
LEAD-002322,CUST-002322,VEH-007262,SALES-018,Website,New,37,"profile=Research, vehicle selected",Early research stage; provide options without pressuring for commitment.,2026-08-07T16:00:00+00:00
LEAD-002323,CUST-002323,VEH-001537,SALES-019,Inbound Call,New,70,"profile=Warm, 30-day, vehicle selected, down payment",Preferences captured; comparing suitable vehicles and ownership costs.,2026-05-09T23:00:00+00:00
LEAD-002324,CUST-002324,VEH-002867,SALES-020,Website,Appointment Set,62,"profile=Warm, vehicle selected, down payment",Preferences captured; comparing suitable vehicles and ownership costs.,2026-07-28T09:00:00+00:00
LEAD-002325,CUST-002325,VEH-004819,SALES-021,Website,Appointment Set,92,"profile=Hot, near-term, vehicle selected",Specific near-term purchase intent; ready for inventory shortlist.,2026-05-17T16:00:00+00:00
LEAD-002326,CUST-002326,VEH-000311,SALES-022,Referral,New,57,"profile=Warm, vehicle selected",Preferences captured; comparing suitable vehicles and ownership costs.,2026-06-28T01:00:00+00:00
LEAD-002327,CUST-002327,VEH-006758,SALES-023,Vehicle Marketplace,Qualified,32,"profile=Edge Case, vehicle selected, down payment",Requirements may conflict with budget or contact preferences; clarify before action.,2026-06-07T04:00:00+00:00
LEAD-002328,CUST-002328,,SALES-024,Paid Search,Appointment Set,35,"profile=Research, down payment",Early research stage; provide options without pressuring for commitment.,2026-07-25T02:00:00+00:00
LEAD-002329,CUST-002329,VEH-001117,SALES-001,Inbound Call,New,90,"profile=Hot, 30-day, vehicle selected, down payment",Specific near-term purchase intent; ready for inventory shortlist.,2026-06-22T16:00:00+00:00
LEAD-002330,CUST-002330,VEH-003027,SALES-002,Social Media,Qualified,37,"profile=Research, vehicle selected",Early research stage; provide options without pressuring for commitment.,2026-06-04T02:00:00+00:00
LEAD-002331,CUST-002331,VEH-005929,SALES-003,Website,New,85,"profile=Hot, 30-day, vehicle selected",Specific near-term purchase intent; ready for inventory shortlist.,2026-05-29T13:00:00+00:00
LEAD-002332,CUST-002332,VEH-003865,SALES-004,Inbound Call,Qualified,62,"profile=Warm, vehicle selected, down payment",Preferences captured; comparing suitable vehicles and ownership costs.,2026-05-16T16:00:00+00:00
LEAD-002333,CUST-002333,VEH-008413,SALES-005,Website,Appointment Set,70,"profile=Warm, 30-day, vehicle selected, down payment",Preferences captured; comparing suitable vehicles and ownership costs.,2026-06-26T00:00:00+00:00
LEAD-002334,CUST-002334,VEH-003269,SALES-006,Website,Lost,57,"profile=Warm, vehicle selected",Preferences captured; comparing suitable vehicles and ownership costs.,2026-05-30T19:00:00+00:00
LEAD-002335,CUST-002335,VEH-006685,SALES-007,Vehicle Marketplace,Lost,97,"profile=Hot, near-term, vehicle selected, down payment",Specific near-term purchase intent; ready for inventory shortlist.,2026-05-04T04:00:00+00:00
LEAD-002336,CUST-002336,VEH-008845,SALES-008,Website,New,70,"profile=Warm, 30-day, vehicle selected, down payment",Preferences captured; comparing suitable vehicles and ownership costs.,2026-07-14T07:00:00+00:00
LEAD-002337,CUST-002337,VEH-000745,SALES-009,Inbound Call,Contacted,62,"profile=Warm, vehicle selected, down payment",Preferences captured; comparing suitable vehicles and ownership costs.,2026-06-03T10:00:00+00:00
LEAD-002338,CUST-002338,,SALES-010,Website,New,63,"profile=Warm, 30-day, down payment",Preferences captured; comparing suitable vehicles and ownership costs.,2026-05-20T22:00:00+00:00
LEAD-002339,CUST-002339,VEH-001340,SALES-011,Social Media,New,70,"profile=Warm, 30-day, vehicle selected, down payment",Preferences captured; comparing suitable vehicles and ownership costs.,2026-07-22T01:00:00+00:00
LEAD-002340,CUST-002340,VEH-004993,SALES-012,Website,Appointment Set,65,"profile=Warm, 30-day, vehicle selected",Preferences captured; comparing suitable vehicles and ownership costs.,2026-08-05T04:00:00+00:00
LEAD-002341,CUST-002341,VEH-005280,SALES-013,Website,New,65,"profile=Warm, 30-day, vehicle selected",Preferences captured; comparing suitable vehicles and ownership costs.,2026-07-06T07:00:00+00:00
LEAD-002342,CUST-002342,VEH-002286,SALES-014,Referral,New,70,"profile=Warm, 30-day, vehicle selected, down payment",Preferences captured; comparing suitable vehicles and ownership costs.,2026-07-15T14:00:00+00:00
LEAD-002343,CUST-002343,,SALES-015,Website,Qualified,30,profile=Research,Early research stage; provide options without pressuring for commitment.,2026-07-11T19:00:00+00:00
LEAD-002344,CUST-002344,VEH-006734,SALES-016,Website,New,37,"profile=Research, vehicle selected",Early research stage; provide options without pressuring for commitment.,2026-05-23T00:00:00+00:00
LEAD-002345,CUST-002345,VEH-004670,SALES-017,Walk-In,Contacted,42,"profile=Research, vehicle selected, down payment",Early research stage; provide options without pressuring for commitment.,2026-07-01T06:00:00+00:00
LEAD-002346,CUST-002346,VEH-005612,SALES-018,Inbound Call,Appointment Set,70,"profile=Warm, 30-day, vehicle selected, down payment",Preferences captured; comparing suitable vehicles and ownership costs.,2026-06-05T03:00:00+00:00
LEAD-002347,CUST-002347,VEH-001466,SALES-019,Walk-In,New,90,"profile=Hot, 30-day, vehicle selected, down payment",Specific near-term purchase intent; ready for inventory shortlist.,2026-08-06T23:00:00+00:00
LEAD-002348,CUST-002348,,SALES-020,Website,Qualified,40,"profile=Edge Case, near-term, down payment",Requirements may conflict with budget or contact preferences; clarify before action.,2026-05-18T09:00:00+00:00
LEAD-002349,CUST-002349,VEH-007832,SALES-021,Vehicle Marketplace,Lost,37,"profile=Research, vehicle selected",Early research stage; provide options without pressuring for commitment.,2026-05-20T01:00:00+00:00
LEAD-002350,CUST-002350,VEH-003072,SALES-022,Website,Contacted,47,"profile=Edge Case, near-term, vehicle selected, down payment",Requirements may conflict with budget or contact preferences; clarify before action.,2026-06-07T11:00:00+00:00
LEAD-002351,CUST-002351,,SALES-023,Inbound Call,New,30,profile=Research,Early research stage; provide options without pressuring for commitment.,2026-05-06T20:00:00+00:00
LEAD-002352,CUST-002352,VEH-004732,SALES-024,Walk-In,Won,97,"profile=Hot, near-term, vehicle selected, down payment",Specific near-term purchase intent; ready for inventory shortlist.,2026-05-31T06:00:00+00:00
LEAD-002353,CUST-002353,VEH-009769,SALES-001,Website,Contacted,97,"profile=Hot, near-term, vehicle selected, down payment",Specific near-term purchase intent; ready for inventory shortlist.,2026-07-30T16:00:00+00:00
LEAD-002354,CUST-002354,VEH-004823,SALES-002,Paid Search,Contacted,97,"profile=Hot, near-term, vehicle selected, down payment",Specific near-term purchase intent; ready for inventory shortlist.,2026-07-27T04:00:00+00:00
LEAD-002355,CUST-002355,,SALES-003,Website,Qualified,30,profile=Research,Early research stage; provide options without pressuring for commitment.,2026-07-29T03:00:00+00:00
LEAD-002356,CUST-002356,VEH-006598,SALES-004,Website,Appointment Set,32,"profile=Edge Case, vehicle selected, down payment",Requirements may conflict with budget or contact preferences; clarify before action.,2026-08-11T22:00:00+00:00
LEAD-002357,CUST-002357,VEH-006176,SALES-005,Inbound Call,New,42,"profile=Research, vehicle selected, down payment",Early research stage; provide options without pressuring for commitment.,2026-07-27T01:00:00+00:00
LEAD-002358,CUST-002358,VEH-008834,SALES-006,Website,Won,70,"profile=Warm, 30-day, vehicle selected, down payment",Preferences captured; comparing suitable vehicles and ownership costs.,2026-07-08T15:00:00+00:00
LEAD-002359,CUST-002359,VEH-008437,SALES-007,Vehicle Marketplace,Qualified,65,"profile=Warm, 30-day, vehicle selected",Preferences captured; comparing suitable vehicles and ownership costs.,2026-04-29T23:00:00+00:00
LEAD-002360,CUST-002360,VEH-000905,SALES-008,Inbound Call,Qualified,32,"profile=Edge Case, vehicle selected, down payment",Requirements may conflict with budget or contact preferences; clarify before action.,2026-07-08T20:00:00+00:00
LEAD-002361,CUST-002361,,SALES-009,Website,Qualified,63,"profile=Warm, 30-day, down payment",Preferences captured; comparing suitable vehicles and ownership costs.,2026-08-22T02:00:00+00:00
LEAD-002362,CUST-002362,VEH-009045,SALES-010,Social Media,Appointment Set,85,"profile=Hot, 30-day, vehicle selected",Specific near-term purchase intent; ready for inventory shortlist.,2026-05-15T12:00:00+00:00
LEAD-002363,CUST-002363,VEH-004903,SALES-011,Paid Search,Contacted,70,"profile=Warm, 30-day, vehicle selected, down payment",Preferences captured; comparing suitable vehicles and ownership costs.,2026-08-07T16:00:00+00:00
LEAD-002364,CUST-002364,VEH-005763,SALES-012,Walk-In,Qualified,70,"profile=Warm, 30-day, vehicle selected, down payment",Preferences captured; comparing suitable vehicles and ownership costs.,2026-05-11T14:00:00+00:00
LEAD-002365,CUST-002365,VEH-006034,SALES-013,Inbound Call,Won,42,"profile=Research, vehicle selected, down payment",Early research stage; provide options without pressuring for commitment.,2026-06-15T09:00:00+00:00
LEAD-002366,CUST-002366,,SALES-014,Social Media,New,90,"profile=Hot, near-term, down payment",Specific near-term purchase intent; ready for inventory shortlist.,2026-05-20T04:00:00+00:00
LEAD-002367,CUST-002367,VEH-003942,SALES-015,Inbound Call,Contacted,70,"profile=Warm, 30-day, vehicle selected, down payment",Preferences captured; comparing suitable vehicles and ownership costs.,2026-05-08T10:00:00+00:00
LEAD-002368,CUST-002368,VEH-004297,SALES-016,Website,Appointment Set,62,"profile=Warm, vehicle selected, down payment",Preferences captured; comparing suitable vehicles and ownership costs.,2026-05-27T08:00:00+00:00
LEAD-002369,CUST-002369,VEH-001005,SALES-017,Paid Search,Lost,42,"profile=Research, vehicle selected, down payment",Early research stage; provide options without pressuring for commitment.,2026-07-08T13:00:00+00:00
LEAD-002370,CUST-002370,VEH-004635,SALES-018,Walk-In,Qualified,37,"profile=Research, vehicle selected",Early research stage; provide options without pressuring for commitment.,2026-06-30T23:00:00+00:00
LEAD-002371,CUST-002371,VEH-000150,SALES-019,Website,Appointment Set,65,"profile=Warm, 30-day, vehicle selected",Preferences captured; comparing suitable vehicles and ownership costs.,2026-07-12T10:00:00+00:00
LEAD-002372,CUST-002372,VEH-000536,SALES-020,Inbound Call,New,70,"profile=Warm, 30-day, vehicle selected, down payment",Preferences captured; comparing suitable vehicles and ownership costs.,2026-07-19T10:00:00+00:00
LEAD-002373,CUST-002373,VEH-007056,SALES-021,Paid Search,Contacted,42,"profile=Research, vehicle selected, down payment",Early research stage; provide options without pressuring for commitment.,2026-08-09T19:00:00+00:00
LEAD-002374,CUST-002374,VEH-003990,SALES-022,Website,Appointment Set,42,"profile=Research, vehicle selected, down payment",Early research stage; provide options without pressuring for commitment.,2026-08-22T10:00:00+00:00
LEAD-002375,CUST-002375,VEH-000791,SALES-023,Walk-In,Appointment Set,70,"profile=Warm, 30-day, vehicle selected, down payment",Preferences captured; comparing suitable vehicles and ownership costs.,2026-05-16T07:00:00+00:00
LEAD-002376,CUST-002376,VEH-003631,SALES-024,Website,Qualified,32,"profile=Edge Case, vehicle selected, down payment",Requirements may conflict with budget or contact preferences; clarify before action.,2026-06-08T14:00:00+00:00
LEAD-002377,CUST-002377,VEH-009197,SALES-001,Website,Contacted,70,"profile=Warm, 30-day, vehicle selected, down payment",Preferences captured; comparing suitable vehicles and ownership costs.,2026-06-10T17:00:00+00:00
LEAD-002378,CUST-002378,VEH-002398,SALES-002,Vehicle Marketplace,New,27,"profile=Edge Case, vehicle selected",Requirements may conflict with budget or contact preferences; clarify before action.,2026-05-15T09:00:00+00:00
LEAD-002379,CUST-002379,VEH-004983,SALES-003,Inbound Call,Contacted,62,"profile=Warm, vehicle selected, down payment",Preferences captured; comparing suitable vehicles and ownership costs.,2026-07-14T02:00:00+00:00
LEAD-002380,CUST-002380,VEH-005349,SALES-004,Vehicle Marketplace,Contacted,42,"profile=Research, vehicle selected, down payment",Early research stage; provide options without pressuring for commitment.,2026-06-02T20:00:00+00:00
LEAD-002381,CUST-002381,VEH-002293,SALES-005,Inbound Call,Contacted,70,"profile=Warm, 30-day, vehicle selected, down payment",Preferences captured; comparing suitable vehicles and ownership costs.,2026-05-08T21:00:00+00:00
LEAD-002382,CUST-002382,VEH-005489,SALES-006,Inbound Call,Appointment Set,37,"profile=Research, vehicle selected",Early research stage; provide options without pressuring for commitment.,2026-06-25T23:00:00+00:00
LEAD-002383,CUST-002383,VEH-002469,SALES-007,Inbound Call,Qualified,57,"profile=Warm, vehicle selected",Preferences captured; comparing suitable vehicles and ownership costs.,2026-08-01T17:00:00+00:00
LEAD-002384,CUST-002384,VEH-007283,SALES-008,Website,New,97,"profile=Hot, near-term, vehicle selected, down payment",Specific near-term purchase intent; ready for inventory shortlist.,2026-06-24T19:00:00+00:00
LEAD-002385,CUST-002385,VEH-009959,SALES-009,Website,Contacted,97,"profile=Hot, near-term, vehicle selected, down payment",Specific near-term purchase intent; ready for inventory shortlist.,2026-07-12T03:00:00+00:00
LEAD-002386,CUST-002386,VEH-008229,SALES-010,Inbound Call,Appointment Set,37,"profile=Research, vehicle selected",Early research stage; provide options without pressuring for commitment.,2026-06-01T12:00:00+00:00
LEAD-002387,CUST-002387,VEH-002358,SALES-011,Website,Qualified,37,"profile=Research, vehicle selected",Early research stage; provide options without pressuring for commitment.,2026-07-12T16:00:00+00:00
LEAD-002388,CUST-002388,VEH-003060,SALES-012,Website,Qualified,37,"profile=Research, vehicle selected",Early research stage; provide options without pressuring for commitment.,2026-07-01T07:00:00+00:00
LEAD-002389,CUST-002389,VEH-004691,SALES-013,Paid Search,Qualified,97,"profile=Hot, near-term, vehicle selected, down payment",Specific near-term purchase intent; ready for inventory shortlist.,2026-07-07T16:00:00+00:00
LEAD-002390,CUST-002390,VEH-005540,SALES-014,Paid Search,Contacted,42,"profile=Research, vehicle selected, down payment",Early research stage; provide options without pressuring for commitment.,2026-07-13T22:00:00+00:00
LEAD-002391,CUST-002391,VEH-000638,SALES-015,Paid Search,Qualified,37,"profile=Research, vehicle selected",Early research stage; provide options without pressuring for commitment.,2026-06-21T04:00:00+00:00
LEAD-002392,CUST-002392,VEH-005012,SALES-016,Inbound Call,Appointment Set,70,"profile=Warm, 30-day, vehicle selected, down payment",Preferences captured; comparing suitable vehicles and ownership costs.,2026-06-07T09:00:00+00:00
LEAD-002393,CUST-002393,VEH-005556,SALES-017,Walk-In,New,37,"profile=Research, vehicle selected",Early research stage; provide options without pressuring for commitment.,2026-06-02T01:00:00+00:00
LEAD-002394,CUST-002394,VEH-006113,SALES-018,Paid Search,Qualified,42,"profile=Research, vehicle selected, down payment",Early research stage; provide options without pressuring for commitment.,2026-06-30T12:00:00+00:00
LEAD-002395,CUST-002395,VEH-008050,SALES-019,Referral,Contacted,90,"profile=Hot, 30-day, vehicle selected, down payment",Specific near-term purchase intent; ready for inventory shortlist.,2026-07-15T16:00:00+00:00
LEAD-002396,CUST-002396,VEH-002162,SALES-020,Paid Search,Qualified,57,"profile=Warm, vehicle selected",Preferences captured; comparing suitable vehicles and ownership costs.,2026-05-08T18:00:00+00:00
LEAD-002397,CUST-002397,VEH-009813,SALES-021,Walk-In,Qualified,70,"profile=Warm, 30-day, vehicle selected, down payment",Preferences captured; comparing suitable vehicles and ownership costs.,2026-07-18T00:00:00+00:00
LEAD-002398,CUST-002398,VEH-009012,SALES-022,Paid Search,Won,42,"profile=Research, vehicle selected, down payment",Early research stage; provide options without pressuring for commitment.,2026-05-08T01:00:00+00:00
LEAD-002399,CUST-002399,VEH-006965,SALES-023,Website,New,70,"profile=Warm, 30-day, vehicle selected, down payment",Preferences captured; comparing suitable vehicles and ownership costs.,2026-04-29T10:00:00+00:00
LEAD-002400,CUST-002400,VEH-001171,SALES-024,Inbound Call,Contacted,37,"profile=Research, vehicle selected",Early research stage; provide options without pressuring for commitment.,2026-06-22T09:00:00+00:00
LEAD-002401,CUST-002401,VEH-007834,SALES-001,Website,Appointment Set,37,"profile=Research, vehicle selected",Early research stage; provide options without pressuring for commitment.,2026-04-28T03:00:00+00:00
LEAD-002402,CUST-002402,,SALES-002,Referral,Lost,63,"profile=Warm, 30-day, down payment",Preferences captured; comparing suitable vehicles and ownership costs.,2026-08-05T07:00:00+00:00
LEAD-002403,CUST-002403,VEH-001276,SALES-003,Website,Won,42,"profile=Research, vehicle selected, down payment",Early research stage; provide options without pressuring for commitment.,2026-08-07T19:00:00+00:00
LEAD-002404,CUST-002404,VEH-005491,SALES-004,Inbound Call,New,97,"profile=Hot, near-term, vehicle selected, down payment",Specific near-term purchase intent; ready for inventory shortlist.,2026-08-18T19:00:00+00:00
LEAD-002405,CUST-002405,VEH-000646,SALES-005,Paid Search,Appointment Set,42,"profile=Research, vehicle selected, down payment",Early research stage; provide options without pressuring for commitment.,2026-07-15T08:00:00+00:00
LEAD-002406,CUST-002406,VEH-001453,SALES-006,Paid Search,Appointment Set,70,"profile=Warm, 30-day, vehicle selected, down payment",Preferences captured; comparing suitable vehicles and ownership costs.,2026-08-03T21:00:00+00:00
LEAD-002407,CUST-002407,VEH-000723,SALES-007,Paid Search,New,37,"profile=Research, vehicle selected",Early research stage; provide options without pressuring for commitment.,2026-05-12T14:00:00+00:00
LEAD-002408,CUST-002408,,SALES-008,Website,New,90,"profile=Hot, near-term, down payment",Specific near-term purchase intent; ready for inventory shortlist.,2026-05-21T18:00:00+00:00
LEAD-002409,CUST-002409,VEH-001454,SALES-009,Walk-In,Qualified,62,"profile=Warm, vehicle selected, down payment",Preferences captured; comparing suitable vehicles and ownership costs.,2026-08-13T15:00:00+00:00
LEAD-002410,CUST-002410,VEH-005636,SALES-010,Website,Appointment Set,37,"profile=Research, vehicle selected",Early research stage; provide options without pressuring for commitment.,2026-08-06T20:00:00+00:00
LEAD-002411,CUST-002411,VEH-005023,SALES-011,Referral,New,62,"profile=Warm, vehicle selected, down payment",Preferences captured; comparing suitable vehicles and ownership costs.,2026-05-17T03:00:00+00:00
LEAD-002412,CUST-002412,VEH-009332,SALES-012,Social Media,Qualified,70,"profile=Warm, 30-day, vehicle selected, down payment",Preferences captured; comparing suitable vehicles and ownership costs.,2026-06-09T10:00:00+00:00
LEAD-002413,CUST-002413,VEH-004797,SALES-013,Social Media,Appointment Set,37,"profile=Research, vehicle selected",Early research stage; provide options without pressuring for commitment.,2026-07-18T06:00:00+00:00
LEAD-002414,CUST-002414,VEH-008019,SALES-014,Website,Qualified,97,"profile=Hot, near-term, vehicle selected, down payment",Specific near-term purchase intent; ready for inventory shortlist.,2026-05-05T23:00:00+00:00
LEAD-002415,CUST-002415,VEH-003704,SALES-015,Paid Search,New,32,"profile=Edge Case, vehicle selected, down payment",Requirements may conflict with budget or contact preferences; clarify before action.,2026-08-04T19:00:00+00:00
LEAD-002416,CUST-002416,VEH-007930,SALES-016,Website,Qualified,90,"profile=Hot, 30-day, vehicle selected, down payment",Specific near-term purchase intent; ready for inventory shortlist.,2026-05-25T09:00:00+00:00
LEAD-002417,CUST-002417,VEH-006453,SALES-017,Inbound Call,New,65,"profile=Warm, 30-day, vehicle selected",Preferences captured; comparing suitable vehicles and ownership costs.,2026-08-19T18:00:00+00:00
LEAD-002418,CUST-002418,VEH-003624,SALES-018,Paid Search,Appointment Set,85,"profile=Hot, 30-day, vehicle selected",Specific near-term purchase intent; ready for inventory shortlist.,2026-07-19T02:00:00+00:00
LEAD-002419,CUST-002419,,SALES-019,Referral,Lost,33,"profile=Edge Case, 30-day, down payment",Requirements may conflict with budget or contact preferences; clarify before action.,2026-05-01T15:00:00+00:00
LEAD-002420,CUST-002420,VEH-004785,SALES-020,Paid Search,Qualified,42,"profile=Research, vehicle selected, down payment",Early research stage; provide options without pressuring for commitment.,2026-05-18T10:00:00+00:00
LEAD-002421,CUST-002421,,SALES-021,Social Media,New,35,"profile=Research, down payment",Early research stage; provide options without pressuring for commitment.,2026-06-30T16:00:00+00:00
LEAD-002422,CUST-002422,VEH-005731,SALES-022,Walk-In,Qualified,70,"profile=Warm, 30-day, vehicle selected, down payment",Preferences captured; comparing suitable vehicles and ownership costs.,2026-08-23T04:00:00+00:00
LEAD-002423,CUST-002423,,SALES-023,Social Media,Lost,30,profile=Research,Early research stage; provide options without pressuring for commitment.,2026-08-23T21:00:00+00:00
LEAD-002424,CUST-002424,VEH-007569,SALES-024,Inbound Call,Won,70,"profile=Warm, 30-day, vehicle selected, down payment",Preferences captured; comparing suitable vehicles and ownership costs.,2026-06-12T05:00:00+00:00
LEAD-002425,CUST-002425,VEH-008566,SALES-001,Walk-In,Contacted,70,"profile=Warm, 30-day, vehicle selected, down payment",Preferences captured; comparing suitable vehicles and ownership costs.,2026-05-09T08:00:00+00:00
LEAD-002426,CUST-002426,VEH-004158,SALES-002,Paid Search,Won,42,"profile=Research, vehicle selected, down payment",Early research stage; provide options without pressuring for commitment.,2026-05-06T21:00:00+00:00
LEAD-002427,CUST-002427,VEH-003467,SALES-003,Walk-In,Appointment Set,32,"profile=Edge Case, vehicle selected, down payment",Requirements may conflict with budget or contact preferences; clarify before action.,2026-06-13T14:00:00+00:00
LEAD-002428,CUST-002428,VEH-003477,SALES-004,Website,Contacted,65,"profile=Warm, 30-day, vehicle selected",Preferences captured; comparing suitable vehicles and ownership costs.,2026-05-19T08:00:00+00:00
LEAD-002429,CUST-002429,VEH-006807,SALES-005,Website,Qualified,42,"profile=Research, vehicle selected, down payment",Early research stage; provide options without pressuring for commitment.,2026-07-08T14:00:00+00:00
LEAD-002430,CUST-002430,VEH-005485,SALES-006,Vehicle Marketplace,Appointment Set,62,"profile=Warm, vehicle selected, down payment",Preferences captured; comparing suitable vehicles and ownership costs.,2026-04-29T17:00:00+00:00
LEAD-002431,CUST-002431,,SALES-007,Referral,Won,20,profile=Edge Case,Requirements may conflict with budget or contact preferences; clarify before action.,2026-05-10T05:00:00+00:00
LEAD-002432,CUST-002432,VEH-004047,SALES-008,Website,Qualified,65,"profile=Warm, 30-day, vehicle selected",Preferences captured; comparing suitable vehicles and ownership costs.,2026-07-29T05:00:00+00:00
LEAD-002433,CUST-002433,VEH-002590,SALES-009,Referral,New,62,"profile=Warm, vehicle selected, down payment",Preferences captured; comparing suitable vehicles and ownership costs.,2026-05-06T13:00:00+00:00
LEAD-002434,CUST-002434,VEH-001753,SALES-010,Website,Qualified,37,"profile=Research, vehicle selected",Early research stage; provide options without pressuring for commitment.,2026-07-07T18:00:00+00:00
LEAD-002435,CUST-002435,VEH-009153,SALES-011,Website,Contacted,32,"profile=Edge Case, vehicle selected, down payment",Requirements may conflict with budget or contact preferences; clarify before action.,2026-08-17T13:00:00+00:00
LEAD-002436,CUST-002436,VEH-008041,SALES-012,Social Media,Won,65,"profile=Warm, 30-day, vehicle selected",Preferences captured; comparing suitable vehicles and ownership costs.,2026-07-15T01:00:00+00:00
LEAD-002437,CUST-002437,VEH-008919,SALES-013,Website,Appointment Set,92,"profile=Hot, near-term, vehicle selected",Specific near-term purchase intent; ready for inventory shortlist.,2026-06-06T07:00:00+00:00
LEAD-002438,CUST-002438,VEH-001776,SALES-014,Website,Qualified,42,"profile=Research, vehicle selected, down payment",Early research stage; provide options without pressuring for commitment.,2026-08-20T19:00:00+00:00
LEAD-002439,CUST-002439,,SALES-015,Referral,Contacted,30,profile=Research,Early research stage; provide options without pressuring for commitment.,2026-08-14T14:00:00+00:00
LEAD-002440,CUST-002440,VEH-007272,SALES-016,Referral,Contacted,70,"profile=Warm, 30-day, vehicle selected, down payment",Preferences captured; comparing suitable vehicles and ownership costs.,2026-05-12T19:00:00+00:00
LEAD-002441,CUST-002441,VEH-000817,SALES-017,Vehicle Marketplace,Contacted,70,"profile=Warm, 30-day, vehicle selected, down payment",Preferences captured; comparing suitable vehicles and ownership costs.,2026-07-07T23:00:00+00:00
LEAD-002442,CUST-002442,VEH-006634,SALES-018,Inbound Call,Contacted,37,"profile=Research, vehicle selected",Early research stage; provide options without pressuring for commitment.,2026-05-22T23:00:00+00:00
LEAD-002443,CUST-002443,VEH-008836,SALES-019,Referral,Qualified,85,"profile=Hot, 30-day, vehicle selected",Specific near-term purchase intent; ready for inventory shortlist.,2026-05-16T20:00:00+00:00
LEAD-002444,CUST-002444,VEH-005611,SALES-020,Website,Qualified,70,"profile=Warm, 30-day, vehicle selected, down payment",Preferences captured; comparing suitable vehicles and ownership costs.,2026-06-28T18:00:00+00:00
LEAD-002445,CUST-002445,VEH-008359,SALES-021,Paid Search,Qualified,90,"profile=Hot, 30-day, vehicle selected, down payment",Specific near-term purchase intent; ready for inventory shortlist.,2026-07-15T19:00:00+00:00
LEAD-002446,CUST-002446,VEH-008072,SALES-022,Walk-In,Contacted,70,"profile=Warm, 30-day, vehicle selected, down payment",Preferences captured; comparing suitable vehicles and ownership costs.,2026-05-02T23:00:00+00:00
LEAD-002447,CUST-002447,VEH-007682,SALES-023,Inbound Call,New,70,"profile=Warm, 30-day, vehicle selected, down payment",Preferences captured; comparing suitable vehicles and ownership costs.,2026-06-01T07:00:00+00:00
LEAD-002448,CUST-002448,VEH-007215,SALES-024,Referral,Won,90,"profile=Hot, 30-day, vehicle selected, down payment",Specific near-term purchase intent; ready for inventory shortlist.,2026-07-01T09:00:00+00:00
LEAD-002449,CUST-002449,VEH-008452,SALES-001,Social Media,Contacted,90,"profile=Hot, 30-day, vehicle selected, down payment",Specific near-term purchase intent; ready for inventory shortlist.,2026-08-14T12:00:00+00:00
LEAD-002450,CUST-002450,VEH-002501,SALES-002,Inbound Call,Contacted,32,"profile=Edge Case, vehicle selected, down payment",Requirements may conflict with budget or contact preferences; clarify before action.,2026-08-08T03:00:00+00:00
LEAD-002451,CUST-002451,VEH-007110,SALES-003,Inbound Call,Qualified,42,"profile=Research, vehicle selected, down payment",Early research stage; provide options without pressuring for commitment.,2026-06-02T11:00:00+00:00
LEAD-002452,CUST-002452,VEH-001965,SALES-004,Referral,New,65,"profile=Warm, 30-day, vehicle selected",Preferences captured; comparing suitable vehicles and ownership costs.,2026-06-30T10:00:00+00:00
LEAD-002453,CUST-002453,VEH-000571,SALES-005,Website,Appointment Set,42,"profile=Research, vehicle selected, down payment",Early research stage; provide options without pressuring for commitment.,2026-06-22T05:00:00+00:00
LEAD-002454,CUST-002454,VEH-005223,SALES-006,Referral,Qualified,37,"profile=Research, vehicle selected",Early research stage; provide options without pressuring for commitment.,2026-07-18T08:00:00+00:00
LEAD-002455,CUST-002455,VEH-002700,SALES-007,Website,Appointment Set,42,"profile=Research, vehicle selected, down payment",Early research stage; provide options without pressuring for commitment.,2026-08-14T01:00:00+00:00
LEAD-002456,CUST-002456,VEH-006469,SALES-008,Paid Search,Contacted,97,"profile=Hot, near-term, vehicle selected, down payment",Specific near-term purchase intent; ready for inventory shortlist.,2026-07-30T14:00:00+00:00
LEAD-002457,CUST-002457,,SALES-009,Inbound Call,New,78,"profile=Hot, 30-day",Specific near-term purchase intent; ready for inventory shortlist.,2026-05-15T15:00:00+00:00
LEAD-002458,CUST-002458,,SALES-010,Inbound Call,New,63,"profile=Warm, 30-day, down payment",Preferences captured; comparing suitable vehicles and ownership costs.,2026-08-15T16:00:00+00:00
LEAD-002459,CUST-002459,VEH-006950,SALES-011,Social Media,Lost,42,"profile=Research, vehicle selected, down payment",Early research stage; provide options without pressuring for commitment.,2026-08-23T07:00:00+00:00
LEAD-002460,CUST-002460,VEH-003996,SALES-012,Inbound Call,Qualified,70,"profile=Warm, 30-day, vehicle selected, down payment",Preferences captured; comparing suitable vehicles and ownership costs.,2026-08-06T05:00:00+00:00
LEAD-002461,CUST-002461,VEH-009857,SALES-013,Walk-In,Contacted,42,"profile=Research, vehicle selected, down payment",Early research stage; provide options without pressuring for commitment.,2026-06-13T14:00:00+00:00
LEAD-002462,CUST-002462,VEH-008159,SALES-014,Inbound Call,Appointment Set,62,"profile=Warm, vehicle selected, down payment",Preferences captured; comparing suitable vehicles and ownership costs.,2026-07-09T22:00:00+00:00
LEAD-002463,CUST-002463,,SALES-015,Walk-In,Contacted,63,"profile=Warm, 30-day, down payment",Preferences captured; comparing suitable vehicles and ownership costs.,2026-05-19T03:00:00+00:00
LEAD-002464,CUST-002464,VEH-003174,SALES-016,Vehicle Marketplace,Won,62,"profile=Warm, vehicle selected, down payment",Preferences captured; comparing suitable vehicles and ownership costs.,2026-06-24T03:00:00+00:00
LEAD-002465,CUST-002465,VEH-006757,SALES-017,Inbound Call,Contacted,62,"profile=Warm, vehicle selected, down payment",Preferences captured; comparing suitable vehicles and ownership costs.,2026-07-22T12:00:00+00:00
LEAD-002466,CUST-002466,,SALES-018,Paid Search,Qualified,63,"profile=Warm, 30-day, down payment",Preferences captured; comparing suitable vehicles and ownership costs.,2026-07-25T10:00:00+00:00
LEAD-002467,CUST-002467,,SALES-019,Paid Search,Appointment Set,35,"profile=Research, down payment",Early research stage; provide options without pressuring for commitment.,2026-07-27T11:00:00+00:00
LEAD-002468,CUST-002468,VEH-002752,SALES-020,Paid Search,Appointment Set,97,"profile=Hot, near-term, vehicle selected, down payment",Specific near-term purchase intent; ready for inventory shortlist.,2026-08-15T01:00:00+00:00
LEAD-002469,CUST-002469,VEH-007027,SALES-021,Website,New,42,"profile=Research, vehicle selected, down payment",Early research stage; provide options without pressuring for commitment.,2026-05-26T20:00:00+00:00
LEAD-002470,CUST-002470,VEH-008431,SALES-022,Walk-In,Contacted,70,"profile=Warm, 30-day, vehicle selected, down payment",Preferences captured; comparing suitable vehicles and ownership costs.,2026-08-13T13:00:00+00:00
LEAD-002471,CUST-002471,,SALES-023,Social Media,Qualified,30,profile=Research,Early research stage; provide options without pressuring for commitment.,2026-08-18T04:00:00+00:00
LEAD-002472,CUST-002472,,SALES-024,Vehicle Marketplace,Qualified,35,"profile=Research, down payment",Early research stage; provide options without pressuring for commitment.,2026-06-15T08:00:00+00:00
LEAD-002473,CUST-002473,VEH-005515,SALES-001,Inbound Call,Contacted,37,"profile=Research, vehicle selected",Early research stage; provide options without pressuring for commitment.,2026-07-16T06:00:00+00:00
LEAD-002474,CUST-002474,VEH-005324,SALES-002,Paid Search,Appointment Set,42,"profile=Research, vehicle selected, down payment",Early research stage; provide options without pressuring for commitment.,2026-07-10T07:00:00+00:00
LEAD-002475,CUST-002475,VEH-000945,SALES-003,Social Media,New,62,"profile=Warm, vehicle selected, down payment",Preferences captured; comparing suitable vehicles and ownership costs.,2026-05-16T09:00:00+00:00
LEAD-002476,CUST-002476,VEH-001991,SALES-004,Paid Search,Contacted,37,"profile=Research, vehicle selected",Early research stage; provide options without pressuring for commitment.,2026-06-16T22:00:00+00:00
LEAD-002477,CUST-002477,VEH-000067,SALES-005,Inbound Call,Appointment Set,62,"profile=Warm, vehicle selected, down payment",Preferences captured; comparing suitable vehicles and ownership costs.,2026-05-15T11:00:00+00:00
LEAD-002478,CUST-002478,VEH-007940,SALES-006,Walk-In,Contacted,47,"profile=Edge Case, near-term, vehicle selected, down payment",Requirements may conflict with budget or contact preferences; clarify before action.,2026-07-24T22:00:00+00:00
LEAD-002479,CUST-002479,VEH-003085,SALES-007,Referral,Appointment Set,90,"profile=Hot, 30-day, vehicle selected, down payment",Specific near-term purchase intent; ready for inventory shortlist.,2026-05-20T17:00:00+00:00
LEAD-002480,CUST-002480,VEH-004026,SALES-008,Social Media,Qualified,70,"profile=Warm, 30-day, vehicle selected, down payment",Preferences captured; comparing suitable vehicles and ownership costs.,2026-07-14T09:00:00+00:00
LEAD-002481,CUST-002481,VEH-008782,SALES-009,Social Media,Qualified,42,"profile=Research, vehicle selected, down payment",Early research stage; provide options without pressuring for commitment.,2026-05-08T18:00:00+00:00
LEAD-002482,CUST-002482,VEH-001497,SALES-010,Website,Appointment Set,97,"profile=Hot, near-term, vehicle selected, down payment",Specific near-term purchase intent; ready for inventory shortlist.,2026-07-07T06:00:00+00:00
LEAD-002483,CUST-002483,VEH-000290,SALES-011,Vehicle Marketplace,Won,37,"profile=Research, vehicle selected",Early research stage; provide options without pressuring for commitment.,2026-07-01T22:00:00+00:00
LEAD-002484,CUST-002484,VEH-006631,SALES-012,Vehicle Marketplace,Appointment Set,32,"profile=Edge Case, vehicle selected, down payment",Requirements may conflict with budget or contact preferences; clarify before action.,2026-05-28T23:00:00+00:00
LEAD-002485,CUST-002485,VEH-004105,SALES-013,Referral,Qualified,62,"profile=Warm, vehicle selected, down payment",Preferences captured; comparing suitable vehicles and ownership costs.,2026-06-13T23:00:00+00:00
LEAD-002486,CUST-002486,VEH-004624,SALES-014,Social Media,Contacted,70,"profile=Warm, 30-day, vehicle selected, down payment",Preferences captured; comparing suitable vehicles and ownership costs.,2026-07-26T03:00:00+00:00
LEAD-002487,CUST-002487,VEH-002206,SALES-015,Paid Search,Qualified,37,"profile=Research, vehicle selected",Early research stage; provide options without pressuring for commitment.,2026-05-08T19:00:00+00:00
LEAD-002488,CUST-002488,VEH-003962,SALES-016,Social Media,Appointment Set,97,"profile=Hot, near-term, vehicle selected, down payment",Specific near-term purchase intent; ready for inventory shortlist.,2026-05-31T03:00:00+00:00
LEAD-002489,CUST-002489,VEH-009830,SALES-017,Vehicle Marketplace,Qualified,65,"profile=Warm, 30-day, vehicle selected",Preferences captured; comparing suitable vehicles and ownership costs.,2026-05-13T04:00:00+00:00
LEAD-002490,CUST-002490,VEH-004601,SALES-018,Inbound Call,Appointment Set,92,"profile=Hot, near-term, vehicle selected",Specific near-term purchase intent; ready for inventory shortlist.,2026-08-22T16:00:00+00:00
LEAD-002491,CUST-002491,VEH-003921,SALES-019,Referral,Qualified,42,"profile=Research, vehicle selected, down payment",Early research stage; provide options without pressuring for commitment.,2026-06-29T12:00:00+00:00
LEAD-002492,CUST-002492,VEH-006089,SALES-020,Inbound Call,New,32,"profile=Edge Case, vehicle selected, down payment",Requirements may conflict with budget or contact preferences; clarify before action.,2026-05-07T13:00:00+00:00
LEAD-002493,CUST-002493,VEH-005391,SALES-021,Vehicle Marketplace,Appointment Set,90,"profile=Hot, 30-day, vehicle selected, down payment",Specific near-term purchase intent; ready for inventory shortlist.,2026-04-28T13:00:00+00:00
LEAD-002494,CUST-002494,VEH-009534,SALES-022,Vehicle Marketplace,New,42,"profile=Research, vehicle selected, down payment",Early research stage; provide options without pressuring for commitment.,2026-07-23T04:00:00+00:00
LEAD-002495,CUST-002495,VEH-004124,SALES-023,Referral,New,62,"profile=Warm, vehicle selected, down payment",Preferences captured; comparing suitable vehicles and ownership costs.,2026-05-31T13:00:00+00:00
LEAD-002496,CUST-002496,,SALES-024,Inbound Call,Appointment Set,63,"profile=Warm, 30-day, down payment",Preferences captured; comparing suitable vehicles and ownership costs.,2026-08-22T06:00:00+00:00
LEAD-002497,CUST-002497,VEH-009146,SALES-001,Paid Search,Contacted,92,"profile=Hot, near-term, vehicle selected",Specific near-term purchase intent; ready for inventory shortlist.,2026-07-17T04:00:00+00:00
LEAD-002498,CUST-002498,,SALES-002,Paid Search,Appointment Set,63,"profile=Warm, 30-day, down payment",Preferences captured; comparing suitable vehicles and ownership costs.,2026-06-17T08:00:00+00:00
LEAD-002499,CUST-002499,VEH-005228,SALES-003,Inbound Call,Qualified,97,"profile=Hot, near-term, vehicle selected, down payment",Specific near-term purchase intent; ready for inventory shortlist.,2026-06-11T08:00:00+00:00
LEAD-002500,CUST-002500,VEH-004345,SALES-004,Paid Search,Qualified,70,"profile=Warm, 30-day, vehicle selected, down payment",Preferences captured; comparing suitable vehicles and ownership costs.,2026-07-27T18:00:00+00:00
LEAD-002501,CUST-002501,VEH-004718,SALES-005,Referral,Won,37,"profile=Research, vehicle selected",Early research stage; provide options without pressuring for commitment.,2026-06-15T17:00:00+00:00
LEAD-002502,CUST-002502,VEH-004027,SALES-006,Paid Search,Lost,42,"profile=Research, vehicle selected, down payment",Early research stage; provide options without pressuring for commitment.,2026-06-11T05:00:00+00:00
LEAD-002503,CUST-002503,VEH-003759,SALES-007,Website,Appointment Set,65,"profile=Warm, 30-day, vehicle selected",Preferences captured; comparing suitable vehicles and ownership costs.,2026-08-01T14:00:00+00:00
LEAD-002504,CUST-002504,VEH-002593,SALES-008,Inbound Call,Qualified,92,"profile=Hot, near-term, vehicle selected",Specific near-term purchase intent; ready for inventory shortlist.,2026-06-12T11:00:00+00:00
LEAD-002505,CUST-002505,VEH-009093,SALES-009,Referral,Lost,65,"profile=Warm, 30-day, vehicle selected",Preferences captured; comparing suitable vehicles and ownership costs.,2026-05-31T01:00:00+00:00
LEAD-002506,CUST-002506,VEH-001395,SALES-010,Social Media,Appointment Set,65,"profile=Warm, 30-day, vehicle selected",Preferences captured; comparing suitable vehicles and ownership costs.,2026-07-01T02:00:00+00:00
LEAD-002507,CUST-002507,VEH-009686,SALES-011,Social Media,Lost,97,"profile=Hot, near-term, vehicle selected, down payment",Specific near-term purchase intent; ready for inventory shortlist.,2026-08-13T22:00:00+00:00
LEAD-002508,CUST-002508,VEH-006964,SALES-012,Inbound Call,Qualified,97,"profile=Hot, near-term, vehicle selected, down payment",Specific near-term purchase intent; ready for inventory shortlist.,2026-05-30T10:00:00+00:00
LEAD-002509,CUST-002509,VEH-004400,SALES-013,Referral,Contacted,42,"profile=Research, vehicle selected, down payment",Early research stage; provide options without pressuring for commitment.,2026-07-12T08:00:00+00:00
LEAD-002510,CUST-002510,,SALES-014,Website,Appointment Set,63,"profile=Warm, 30-day, down payment",Preferences captured; comparing suitable vehicles and ownership costs.,2026-06-17T11:00:00+00:00
LEAD-002511,CUST-002511,VEH-007714,SALES-015,Inbound Call,Qualified,65,"profile=Warm, 30-day, vehicle selected",Preferences captured; comparing suitable vehicles and ownership costs.,2026-05-21T14:00:00+00:00
LEAD-002512,CUST-002512,VEH-000621,SALES-016,Paid Search,Lost,70,"profile=Warm, 30-day, vehicle selected, down payment",Preferences captured; comparing suitable vehicles and ownership costs.,2026-04-27T00:00:00+00:00
LEAD-002513,CUST-002513,VEH-006832,SALES-017,Social Media,New,42,"profile=Research, vehicle selected, down payment",Early research stage; provide options without pressuring for commitment.,2026-06-13T21:00:00+00:00
LEAD-002514,CUST-002514,VEH-005934,SALES-018,Referral,New,70,"profile=Warm, 30-day, vehicle selected, down payment",Preferences captured; comparing suitable vehicles and ownership costs.,2026-07-22T02:00:00+00:00
LEAD-002515,CUST-002515,VEH-005931,SALES-019,Vehicle Marketplace,Appointment Set,62,"profile=Warm, vehicle selected, down payment",Preferences captured; comparing suitable vehicles and ownership costs.,2026-07-24T15:00:00+00:00
LEAD-002516,CUST-002516,VEH-000368,SALES-020,Paid Search,Lost,85,"profile=Hot, 30-day, vehicle selected",Specific near-term purchase intent; ready for inventory shortlist.,2026-06-01T10:00:00+00:00
LEAD-002517,CUST-002517,VEH-004512,SALES-021,Website,Qualified,85,"profile=Hot, 30-day, vehicle selected",Specific near-term purchase intent; ready for inventory shortlist.,2026-07-11T02:00:00+00:00
LEAD-002518,CUST-002518,VEH-003554,SALES-022,Website,Qualified,70,"profile=Warm, 30-day, vehicle selected, down payment",Preferences captured; comparing suitable vehicles and ownership costs.,2026-07-02T04:00:00+00:00
LEAD-002519,CUST-002519,VEH-008110,SALES-023,Paid Search,Qualified,42,"profile=Research, vehicle selected, down payment",Early research stage; provide options without pressuring for commitment.,2026-08-05T03:00:00+00:00
LEAD-002520,CUST-002520,VEH-005675,SALES-024,Website,Lost,97,"profile=Hot, near-term, vehicle selected, down payment",Specific near-term purchase intent; ready for inventory shortlist.,2026-06-07T04:00:00+00:00
LEAD-002521,CUST-002521,VEH-002690,SALES-001,Inbound Call,Appointment Set,37,"profile=Research, vehicle selected",Early research stage; provide options without pressuring for commitment.,2026-07-19T11:00:00+00:00
LEAD-002522,CUST-002522,VEH-001408,SALES-002,Website,Appointment Set,42,"profile=Research, vehicle selected, down payment",Early research stage; provide options without pressuring for commitment.,2026-07-31T00:00:00+00:00
LEAD-002523,CUST-002523,VEH-009096,SALES-003,Inbound Call,Lost,70,"profile=Warm, 30-day, vehicle selected, down payment",Preferences captured; comparing suitable vehicles and ownership costs.,2026-07-24T15:00:00+00:00
LEAD-002524,CUST-002524,VEH-000557,SALES-004,Paid Search,Qualified,42,"profile=Research, vehicle selected, down payment",Early research stage; provide options without pressuring for commitment.,2026-07-02T07:00:00+00:00
LEAD-002525,CUST-002525,VEH-007590,SALES-005,Walk-In,Won,47,"profile=Edge Case, near-term, vehicle selected, down payment",Requirements may conflict with budget or contact preferences; clarify before action.,2026-08-09T01:00:00+00:00
LEAD-002526,CUST-002526,,SALES-006,Walk-In,Contacted,55,"profile=Warm, down payment",Preferences captured; comparing suitable vehicles and ownership costs.,2026-05-13T14:00:00+00:00
LEAD-002527,CUST-002527,VEH-003745,SALES-007,Walk-In,Contacted,42,"profile=Research, vehicle selected, down payment",Early research stage; provide options without pressuring for commitment.,2026-07-12T02:00:00+00:00
LEAD-002528,CUST-002528,VEH-009620,SALES-008,Inbound Call,Contacted,97,"profile=Hot, near-term, vehicle selected, down payment",Specific near-term purchase intent; ready for inventory shortlist.,2026-06-21T20:00:00+00:00
LEAD-002529,CUST-002529,VEH-004516,SALES-009,Paid Search,Appointment Set,62,"profile=Warm, vehicle selected, down payment",Preferences captured; comparing suitable vehicles and ownership costs.,2026-05-30T11:00:00+00:00
LEAD-002530,CUST-002530,VEH-005720,SALES-010,Walk-In,New,42,"profile=Research, vehicle selected, down payment",Early research stage; provide options without pressuring for commitment.,2026-08-04T09:00:00+00:00
LEAD-002531,CUST-002531,VEH-002976,SALES-011,Referral,Qualified,42,"profile=Research, vehicle selected, down payment",Early research stage; provide options without pressuring for commitment.,2026-05-23T03:00:00+00:00
LEAD-002532,CUST-002532,VEH-004799,SALES-012,Referral,Qualified,97,"profile=Hot, near-term, vehicle selected, down payment",Specific near-term purchase intent; ready for inventory shortlist.,2026-05-18T14:00:00+00:00
LEAD-002533,CUST-002533,VEH-008717,SALES-013,Paid Search,Contacted,57,"profile=Warm, vehicle selected",Preferences captured; comparing suitable vehicles and ownership costs.,2026-05-26T13:00:00+00:00
LEAD-002534,CUST-002534,VEH-000264,SALES-014,Vehicle Marketplace,New,65,"profile=Warm, 30-day, vehicle selected",Preferences captured; comparing suitable vehicles and ownership costs.,2026-07-18T19:00:00+00:00
LEAD-002535,CUST-002535,VEH-000052,SALES-015,Inbound Call,Lost,42,"profile=Research, vehicle selected, down payment",Early research stage; provide options without pressuring for commitment.,2026-07-21T06:00:00+00:00
LEAD-002536,CUST-002536,VEH-000483,SALES-016,Social Media,Qualified,65,"profile=Warm, 30-day, vehicle selected",Preferences captured; comparing suitable vehicles and ownership costs.,2026-06-12T22:00:00+00:00
LEAD-002537,CUST-002537,VEH-007060,SALES-017,Walk-In,Contacted,70,"profile=Warm, 30-day, vehicle selected, down payment",Preferences captured; comparing suitable vehicles and ownership costs.,2026-05-19T12:00:00+00:00
LEAD-002538,CUST-002538,VEH-002143,SALES-018,Inbound Call,Contacted,32,"profile=Edge Case, vehicle selected, down payment",Requirements may conflict with budget or contact preferences; clarify before action.,2026-06-20T14:00:00+00:00
LEAD-002539,CUST-002539,VEH-003059,SALES-019,Website,Qualified,37,"profile=Research, vehicle selected",Early research stage; provide options without pressuring for commitment.,2026-07-06T21:00:00+00:00
LEAD-002540,CUST-002540,,SALES-020,Paid Search,Qualified,63,"profile=Warm, 30-day, down payment",Preferences captured; comparing suitable vehicles and ownership costs.,2026-06-23T00:00:00+00:00
LEAD-002541,CUST-002541,VEH-008703,SALES-021,Social Media,Won,42,"profile=Research, vehicle selected, down payment",Early research stage; provide options without pressuring for commitment.,2026-07-25T13:00:00+00:00
LEAD-002542,CUST-002542,VEH-001787,SALES-022,Referral,Qualified,37,"profile=Research, vehicle selected",Early research stage; provide options without pressuring for commitment.,2026-07-06T05:00:00+00:00
LEAD-002543,CUST-002543,VEH-005733,SALES-023,Website,Appointment Set,70,"profile=Warm, 30-day, vehicle selected, down payment",Preferences captured; comparing suitable vehicles and ownership costs.,2026-07-25T00:00:00+00:00
LEAD-002544,CUST-002544,VEH-001626,SALES-024,Walk-In,New,57,"profile=Warm, vehicle selected",Preferences captured; comparing suitable vehicles and ownership costs.,2026-05-18T09:00:00+00:00
LEAD-002545,CUST-002545,VEH-006166,SALES-001,Website,Contacted,65,"profile=Warm, 30-day, vehicle selected",Preferences captured; comparing suitable vehicles and ownership costs.,2026-06-11T15:00:00+00:00
LEAD-002546,CUST-002546,VEH-002129,SALES-002,Website,Won,42,"profile=Research, vehicle selected, down payment",Early research stage; provide options without pressuring for commitment.,2026-08-21T21:00:00+00:00
LEAD-002547,CUST-002547,VEH-008585,SALES-003,Website,Qualified,90,"profile=Hot, 30-day, vehicle selected, down payment",Specific near-term purchase intent; ready for inventory shortlist.,2026-07-03T00:00:00+00:00
LEAD-002548,CUST-002548,,SALES-004,Referral,Qualified,35,"profile=Research, down payment",Early research stage; provide options without pressuring for commitment.,2026-06-05T19:00:00+00:00
LEAD-002549,CUST-002549,,SALES-005,Inbound Call,Contacted,90,"profile=Hot, near-term, down payment",Specific near-term purchase intent; ready for inventory shortlist.,2026-08-09T06:00:00+00:00
LEAD-002550,CUST-002550,VEH-000519,SALES-006,Social Media,New,62,"profile=Warm, vehicle selected, down payment",Preferences captured; comparing suitable vehicles and ownership costs.,2026-07-30T06:00:00+00:00
LEAD-002551,CUST-002551,,SALES-007,Inbound Call,Won,35,"profile=Research, down payment",Early research stage; provide options without pressuring for commitment.,2026-08-11T18:00:00+00:00
LEAD-002552,CUST-002552,VEH-007146,SALES-008,Walk-In,Qualified,57,"profile=Warm, vehicle selected",Preferences captured; comparing suitable vehicles and ownership costs.,2026-05-05T07:00:00+00:00
LEAD-002553,CUST-002553,VEH-004201,SALES-009,Vehicle Marketplace,Appointment Set,62,"profile=Warm, vehicle selected, down payment",Preferences captured; comparing suitable vehicles and ownership costs.,2026-06-09T09:00:00+00:00
LEAD-002554,CUST-002554,VEH-001593,SALES-010,Social Media,Qualified,70,"profile=Warm, 30-day, vehicle selected, down payment",Preferences captured; comparing suitable vehicles and ownership costs.,2026-06-08T00:00:00+00:00
LEAD-002555,CUST-002555,VEH-007734,SALES-011,Referral,Appointment Set,70,"profile=Warm, 30-day, vehicle selected, down payment",Preferences captured; comparing suitable vehicles and ownership costs.,2026-08-23T13:00:00+00:00
LEAD-002556,CUST-002556,VEH-001000,SALES-012,Referral,New,62,"profile=Warm, vehicle selected, down payment",Preferences captured; comparing suitable vehicles and ownership costs.,2026-07-21T19:00:00+00:00
LEAD-002557,CUST-002557,VEH-002747,SALES-013,Paid Search,Appointment Set,42,"profile=Research, vehicle selected, down payment",Early research stage; provide options without pressuring for commitment.,2026-05-01T04:00:00+00:00
LEAD-002558,CUST-002558,VEH-009194,SALES-014,Referral,New,62,"profile=Warm, vehicle selected, down payment",Preferences captured; comparing suitable vehicles and ownership costs.,2026-04-26T15:00:00+00:00
LEAD-002559,CUST-002559,VEH-006248,SALES-015,Referral,New,42,"profile=Research, vehicle selected, down payment",Early research stage; provide options without pressuring for commitment.,2026-05-27T10:00:00+00:00
LEAD-002560,CUST-002560,VEH-009887,SALES-016,Vehicle Marketplace,Appointment Set,62,"profile=Warm, vehicle selected, down payment",Preferences captured; comparing suitable vehicles and ownership costs.,2026-07-02T10:00:00+00:00
LEAD-002561,CUST-002561,VEH-006027,SALES-017,Inbound Call,Contacted,62,"profile=Warm, vehicle selected, down payment",Preferences captured; comparing suitable vehicles and ownership costs.,2026-07-24T14:00:00+00:00
LEAD-002562,CUST-002562,VEH-003376,SALES-018,Vehicle Marketplace,Won,62,"profile=Warm, vehicle selected, down payment",Preferences captured; comparing suitable vehicles and ownership costs.,2026-04-29T00:00:00+00:00
LEAD-002563,CUST-002563,VEH-000341,SALES-019,Inbound Call,Won,57,"profile=Warm, vehicle selected",Preferences captured; comparing suitable vehicles and ownership costs.,2026-06-28T15:00:00+00:00
LEAD-002564,CUST-002564,VEH-005800,SALES-020,Social Media,Won,42,"profile=Research, vehicle selected, down payment",Early research stage; provide options without pressuring for commitment.,2026-07-19T18:00:00+00:00
LEAD-002565,CUST-002565,VEH-007265,SALES-021,Inbound Call,Won,42,"profile=Research, vehicle selected, down payment",Early research stage; provide options without pressuring for commitment.,2026-08-08T10:00:00+00:00
LEAD-002566,CUST-002566,,SALES-022,Inbound Call,Contacted,35,"profile=Research, down payment",Early research stage; provide options without pressuring for commitment.,2026-08-14T12:00:00+00:00
LEAD-002567,CUST-002567,VEH-000197,SALES-023,Website,Contacted,92,"profile=Hot, near-term, vehicle selected",Specific near-term purchase intent; ready for inventory shortlist.,2026-05-15T10:00:00+00:00
LEAD-002568,CUST-002568,VEH-005858,SALES-024,Inbound Call,Contacted,62,"profile=Warm, vehicle selected, down payment",Preferences captured; comparing suitable vehicles and ownership costs.,2026-06-30T12:00:00+00:00
LEAD-002569,CUST-002569,VEH-002242,SALES-001,Social Media,Contacted,65,"profile=Warm, 30-day, vehicle selected",Preferences captured; comparing suitable vehicles and ownership costs.,2026-07-22T06:00:00+00:00
LEAD-002570,CUST-002570,VEH-008869,SALES-002,Website,Lost,65,"profile=Warm, 30-day, vehicle selected",Preferences captured; comparing suitable vehicles and ownership costs.,2026-05-09T02:00:00+00:00
LEAD-002571,CUST-002571,VEH-000117,SALES-003,Walk-In,Qualified,42,"profile=Research, vehicle selected, down payment",Early research stage; provide options without pressuring for commitment.,2026-08-19T17:00:00+00:00
LEAD-002572,CUST-002572,VEH-002581,SALES-004,Paid Search,Contacted,97,"profile=Hot, near-term, vehicle selected, down payment",Specific near-term purchase intent; ready for inventory shortlist.,2026-05-16T22:00:00+00:00
LEAD-002573,CUST-002573,,SALES-005,Inbound Call,Qualified,78,"profile=Hot, 30-day",Specific near-term purchase intent; ready for inventory shortlist.,2026-07-29T16:00:00+00:00
LEAD-002574,CUST-002574,VEH-007743,SALES-006,Referral,Won,70,"profile=Warm, 30-day, vehicle selected, down payment",Preferences captured; comparing suitable vehicles and ownership costs.,2026-07-12T11:00:00+00:00
LEAD-002575,CUST-002575,,SALES-007,Walk-In,Won,35,"profile=Research, down payment",Early research stage; provide options without pressuring for commitment.,2026-05-29T22:00:00+00:00
LEAD-002576,CUST-002576,VEH-003522,SALES-008,Inbound Call,New,62,"profile=Warm, vehicle selected, down payment",Preferences captured; comparing suitable vehicles and ownership costs.,2026-07-26T10:00:00+00:00
LEAD-002577,CUST-002577,VEH-008283,SALES-009,Website,Qualified,62,"profile=Warm, vehicle selected, down payment",Preferences captured; comparing suitable vehicles and ownership costs.,2026-05-13T22:00:00+00:00
LEAD-002578,CUST-002578,VEH-001907,SALES-010,Paid Search,Appointment Set,47,"profile=Edge Case, near-term, vehicle selected, down payment",Requirements may conflict with budget or contact preferences; clarify before action.,2026-06-18T13:00:00+00:00
LEAD-002579,CUST-002579,,SALES-011,Website,Qualified,90,"profile=Hot, near-term, down payment",Specific near-term purchase intent; ready for inventory shortlist.,2026-06-28T21:00:00+00:00
LEAD-002580,CUST-002580,VEH-002234,SALES-012,Social Media,Appointment Set,32,"profile=Edge Case, vehicle selected, down payment",Requirements may conflict with budget or contact preferences; clarify before action.,2026-06-14T19:00:00+00:00
LEAD-002581,CUST-002581,VEH-008840,SALES-013,Website,Lost,70,"profile=Warm, 30-day, vehicle selected, down payment",Preferences captured; comparing suitable vehicles and ownership costs.,2026-07-15T01:00:00+00:00
LEAD-002582,CUST-002582,VEH-004359,SALES-014,Referral,Lost,37,"profile=Research, vehicle selected",Early research stage; provide options without pressuring for commitment.,2026-08-09T03:00:00+00:00
LEAD-002583,CUST-002583,VEH-003318,SALES-015,Referral,Qualified,42,"profile=Research, vehicle selected, down payment",Early research stage; provide options without pressuring for commitment.,2026-05-28T04:00:00+00:00
LEAD-002584,CUST-002584,VEH-000896,SALES-016,Inbound Call,Appointment Set,62,"profile=Warm, vehicle selected, down payment",Preferences captured; comparing suitable vehicles and ownership costs.,2026-06-16T13:00:00+00:00
LEAD-002585,CUST-002585,VEH-000316,SALES-017,Paid Search,Contacted,42,"profile=Research, vehicle selected, down payment",Early research stage; provide options without pressuring for commitment.,2026-08-07T20:00:00+00:00
LEAD-002586,CUST-002586,,SALES-018,Referral,Appointment Set,55,"profile=Warm, down payment",Preferences captured; comparing suitable vehicles and ownership costs.,2026-06-21T03:00:00+00:00
LEAD-002587,CUST-002587,VEH-004200,SALES-019,Walk-In,New,70,"profile=Warm, 30-day, vehicle selected, down payment",Preferences captured; comparing suitable vehicles and ownership costs.,2026-05-06T07:00:00+00:00
LEAD-002588,CUST-002588,VEH-001669,SALES-020,Social Media,Contacted,92,"profile=Hot, near-term, vehicle selected",Specific near-term purchase intent; ready for inventory shortlist.,2026-08-19T17:00:00+00:00
LEAD-002589,CUST-002589,VEH-005485,SALES-021,Social Media,Contacted,57,"profile=Warm, vehicle selected",Preferences captured; comparing suitable vehicles and ownership costs.,2026-05-28T00:00:00+00:00
LEAD-002590,CUST-002590,VEH-000033,SALES-022,Social Media,Contacted,42,"profile=Research, vehicle selected, down payment",Early research stage; provide options without pressuring for commitment.,2026-07-08T06:00:00+00:00
LEAD-002591,CUST-002591,VEH-003792,SALES-023,Paid Search,Appointment Set,70,"profile=Warm, 30-day, vehicle selected, down payment",Preferences captured; comparing suitable vehicles and ownership costs.,2026-06-30T06:00:00+00:00
LEAD-002592,CUST-002592,VEH-000313,SALES-024,Website,Contacted,97,"profile=Hot, near-term, vehicle selected, down payment",Specific near-term purchase intent; ready for inventory shortlist.,2026-07-14T03:00:00+00:00
LEAD-002593,CUST-002593,VEH-008011,SALES-001,Website,Appointment Set,57,"profile=Warm, vehicle selected",Preferences captured; comparing suitable vehicles and ownership costs.,2026-08-10T15:00:00+00:00
LEAD-002594,CUST-002594,,SALES-002,Website,Appointment Set,58,"profile=Warm, 30-day",Preferences captured; comparing suitable vehicles and ownership costs.,2026-08-05T05:00:00+00:00
LEAD-002595,CUST-002595,VEH-003994,SALES-003,Social Media,Contacted,70,"profile=Warm, 30-day, vehicle selected, down payment",Preferences captured; comparing suitable vehicles and ownership costs.,2026-05-28T23:00:00+00:00
LEAD-002596,CUST-002596,VEH-000705,SALES-004,Inbound Call,Qualified,37,"profile=Research, vehicle selected",Early research stage; provide options without pressuring for commitment.,2026-07-19T23:00:00+00:00
LEAD-002597,CUST-002597,VEH-001447,SALES-005,Social Media,Lost,90,"profile=Hot, 30-day, vehicle selected, down payment",Specific near-term purchase intent; ready for inventory shortlist.,2026-07-15T21:00:00+00:00
LEAD-002598,CUST-002598,VEH-002158,SALES-006,Paid Search,Contacted,97,"profile=Hot, near-term, vehicle selected, down payment",Specific near-term purchase intent; ready for inventory shortlist.,2026-06-28T09:00:00+00:00
LEAD-002599,CUST-002599,VEH-008749,SALES-007,Vehicle Marketplace,Contacted,42,"profile=Research, vehicle selected, down payment",Early research stage; provide options without pressuring for commitment.,2026-06-21T23:00:00+00:00
LEAD-002600,CUST-002600,VEH-003790,SALES-008,Website,New,37,"profile=Research, vehicle selected",Early research stage; provide options without pressuring for commitment.,2026-07-30T02:00:00+00:00
LEAD-002601,CUST-002601,VEH-008457,SALES-009,Referral,Contacted,70,"profile=Warm, 30-day, vehicle selected, down payment",Preferences captured; comparing suitable vehicles and ownership costs.,2026-06-05T01:00:00+00:00
LEAD-002602,CUST-002602,VEH-003743,SALES-010,Inbound Call,Qualified,62,"profile=Warm, vehicle selected, down payment",Preferences captured; comparing suitable vehicles and ownership costs.,2026-07-23T03:00:00+00:00
LEAD-002603,CUST-002603,VEH-005096,SALES-011,Paid Search,Qualified,32,"profile=Edge Case, vehicle selected, down payment",Requirements may conflict with budget or contact preferences; clarify before action.,2026-07-22T13:00:00+00:00
LEAD-002604,CUST-002604,VEH-007484,SALES-012,Referral,New,37,"profile=Research, vehicle selected",Early research stage; provide options without pressuring for commitment.,2026-05-30T02:00:00+00:00
LEAD-002605,CUST-002605,VEH-008516,SALES-013,Vehicle Marketplace,Won,42,"profile=Research, vehicle selected, down payment",Early research stage; provide options without pressuring for commitment.,2026-05-28T08:00:00+00:00
LEAD-002606,CUST-002606,VEH-001079,SALES-014,Inbound Call,Contacted,62,"profile=Warm, vehicle selected, down payment",Preferences captured; comparing suitable vehicles and ownership costs.,2026-07-14T23:00:00+00:00
LEAD-002607,CUST-002607,VEH-007858,SALES-015,Website,Qualified,42,"profile=Research, vehicle selected, down payment",Early research stage; provide options without pressuring for commitment.,2026-06-19T11:00:00+00:00
LEAD-002608,CUST-002608,VEH-002425,SALES-016,Inbound Call,Qualified,37,"profile=Research, vehicle selected",Early research stage; provide options without pressuring for commitment.,2026-08-24T07:00:00+00:00
LEAD-002609,CUST-002609,VEH-000037,SALES-017,Website,Qualified,70,"profile=Warm, 30-day, vehicle selected, down payment",Preferences captured; comparing suitable vehicles and ownership costs.,2026-05-16T11:00:00+00:00
LEAD-002610,CUST-002610,VEH-001138,SALES-018,Vehicle Marketplace,New,70,"profile=Warm, 30-day, vehicle selected, down payment",Preferences captured; comparing suitable vehicles and ownership costs.,2026-05-17T05:00:00+00:00
LEAD-002611,CUST-002611,VEH-002595,SALES-019,Referral,Qualified,90,"profile=Hot, 30-day, vehicle selected, down payment",Specific near-term purchase intent; ready for inventory shortlist.,2026-05-05T20:00:00+00:00
LEAD-002612,CUST-002612,VEH-000072,SALES-020,Paid Search,Contacted,70,"profile=Warm, 30-day, vehicle selected, down payment",Preferences captured; comparing suitable vehicles and ownership costs.,2026-07-21T21:00:00+00:00
LEAD-002613,CUST-002613,,SALES-021,Inbound Call,New,35,"profile=Research, down payment",Early research stage; provide options without pressuring for commitment.,2026-06-17T00:00:00+00:00
LEAD-002614,CUST-002614,VEH-007870,SALES-022,Walk-In,Qualified,70,"profile=Warm, 30-day, vehicle selected, down payment",Preferences captured; comparing suitable vehicles and ownership costs.,2026-07-15T07:00:00+00:00
LEAD-002615,CUST-002615,VEH-002181,SALES-023,Social Media,Appointment Set,40,"profile=Edge Case, 30-day, vehicle selected, down payment",Requirements may conflict with budget or contact preferences; clarify before action.,2026-06-20T12:00:00+00:00
LEAD-002616,CUST-002616,VEH-006989,SALES-024,Inbound Call,Qualified,57,"profile=Warm, vehicle selected",Preferences captured; comparing suitable vehicles and ownership costs.,2026-07-28T15:00:00+00:00
LEAD-002617,CUST-002617,,SALES-001,Inbound Call,Contacted,30,profile=Research,Early research stage; provide options without pressuring for commitment.,2026-08-25T07:00:00+00:00
LEAD-002618,CUST-002618,VEH-009656,SALES-002,Inbound Call,Appointment Set,65,"profile=Warm, 30-day, vehicle selected",Preferences captured; comparing suitable vehicles and ownership costs.,2026-07-30T17:00:00+00:00
LEAD-002619,CUST-002619,,SALES-003,Inbound Call,Contacted,58,"profile=Warm, 30-day",Preferences captured; comparing suitable vehicles and ownership costs.,2026-06-11T15:00:00+00:00
LEAD-002620,CUST-002620,VEH-005401,SALES-004,Website,Contacted,92,"profile=Hot, near-term, vehicle selected",Specific near-term purchase intent; ready for inventory shortlist.,2026-07-06T23:00:00+00:00
LEAD-002621,CUST-002621,VEH-003001,SALES-005,Inbound Call,Appointment Set,62,"profile=Warm, vehicle selected, down payment",Preferences captured; comparing suitable vehicles and ownership costs.,2026-07-07T06:00:00+00:00
LEAD-002622,CUST-002622,VEH-009353,SALES-006,Walk-In,Contacted,65,"profile=Warm, 30-day, vehicle selected",Preferences captured; comparing suitable vehicles and ownership costs.,2026-06-10T23:00:00+00:00
LEAD-002623,CUST-002623,VEH-003235,SALES-007,Website,Lost,37,"profile=Research, vehicle selected",Early research stage; provide options without pressuring for commitment.,2026-05-28T21:00:00+00:00
LEAD-002624,CUST-002624,VEH-006878,SALES-008,Website,New,90,"profile=Hot, 30-day, vehicle selected, down payment",Specific near-term purchase intent; ready for inventory shortlist.,2026-07-29T22:00:00+00:00
LEAD-002625,CUST-002625,VEH-003938,SALES-009,Vehicle Marketplace,Appointment Set,90,"profile=Hot, 30-day, vehicle selected, down payment",Specific near-term purchase intent; ready for inventory shortlist.,2026-04-27T10:00:00+00:00
LEAD-002626,CUST-002626,,SALES-010,Paid Search,Won,83,"profile=Hot, 30-day, down payment",Specific near-term purchase intent; ready for inventory shortlist.,2026-06-06T16:00:00+00:00
LEAD-002627,CUST-002627,VEH-004645,SALES-011,Referral,Contacted,62,"profile=Warm, vehicle selected, down payment",Preferences captured; comparing suitable vehicles and ownership costs.,2026-07-17T09:00:00+00:00
LEAD-002628,CUST-002628,VEH-001523,SALES-012,Vehicle Marketplace,Lost,42,"profile=Research, vehicle selected, down payment",Early research stage; provide options without pressuring for commitment.,2026-07-27T16:00:00+00:00
LEAD-002629,CUST-002629,VEH-007939,SALES-013,Website,Qualified,37,"profile=Research, vehicle selected",Early research stage; provide options without pressuring for commitment.,2026-08-20T17:00:00+00:00
LEAD-002630,CUST-002630,VEH-006852,SALES-014,Paid Search,Qualified,70,"profile=Warm, 30-day, vehicle selected, down payment",Preferences captured; comparing suitable vehicles and ownership costs.,2026-07-07T23:00:00+00:00
LEAD-002631,CUST-002631,VEH-001572,SALES-015,Referral,Appointment Set,32,"profile=Edge Case, vehicle selected, down payment",Requirements may conflict with budget or contact preferences; clarify before action.,2026-08-07T20:00:00+00:00
LEAD-002632,CUST-002632,VEH-005935,SALES-016,Referral,New,62,"profile=Warm, vehicle selected, down payment",Preferences captured; comparing suitable vehicles and ownership costs.,2026-05-17T20:00:00+00:00
LEAD-002633,CUST-002633,VEH-009622,SALES-017,Paid Search,Qualified,70,"profile=Warm, 30-day, vehicle selected, down payment",Preferences captured; comparing suitable vehicles and ownership costs.,2026-07-26T16:00:00+00:00
LEAD-002634,CUST-002634,,SALES-018,Walk-In,Qualified,35,"profile=Research, down payment",Early research stage; provide options without pressuring for commitment.,2026-06-29T19:00:00+00:00
LEAD-002635,CUST-002635,VEH-007414,SALES-019,Vehicle Marketplace,Won,62,"profile=Warm, vehicle selected, down payment",Preferences captured; comparing suitable vehicles and ownership costs.,2026-07-18T19:00:00+00:00
LEAD-002636,CUST-002636,,SALES-020,Website,Contacted,30,profile=Research,Early research stage; provide options without pressuring for commitment.,2026-07-28T06:00:00+00:00
LEAD-002637,CUST-002637,VEH-009024,SALES-021,Vehicle Marketplace,Contacted,62,"profile=Warm, vehicle selected, down payment",Preferences captured; comparing suitable vehicles and ownership costs.,2026-08-05T22:00:00+00:00
LEAD-002638,CUST-002638,VEH-006822,SALES-022,Website,New,37,"profile=Research, vehicle selected",Early research stage; provide options without pressuring for commitment.,2026-07-21T10:00:00+00:00
LEAD-002639,CUST-002639,VEH-007838,SALES-023,Inbound Call,Qualified,70,"profile=Warm, 30-day, vehicle selected, down payment",Preferences captured; comparing suitable vehicles and ownership costs.,2026-05-08T03:00:00+00:00
LEAD-002640,CUST-002640,,SALES-024,Referral,Contacted,33,"profile=Edge Case, 30-day, down payment",Requirements may conflict with budget or contact preferences; clarify before action.,2026-06-04T11:00:00+00:00
LEAD-002641,CUST-002641,VEH-002177,SALES-001,Referral,Appointment Set,57,"profile=Warm, vehicle selected",Preferences captured; comparing suitable vehicles and ownership costs.,2026-07-08T01:00:00+00:00
LEAD-002642,CUST-002642,VEH-006945,SALES-002,Website,New,90,"profile=Hot, 30-day, vehicle selected, down payment",Specific near-term purchase intent; ready for inventory shortlist.,2026-05-22T05:00:00+00:00
LEAD-002643,CUST-002643,,SALES-003,Social Media,Contacted,40,"profile=Edge Case, near-term, down payment",Requirements may conflict with budget or contact preferences; clarify before action.,2026-06-09T18:00:00+00:00
LEAD-002644,CUST-002644,VEH-006597,SALES-004,Referral,Won,37,"profile=Research, vehicle selected",Early research stage; provide options without pressuring for commitment.,2026-05-11T06:00:00+00:00
LEAD-002645,CUST-002645,,SALES-005,Paid Search,Contacted,63,"profile=Warm, 30-day, down payment",Preferences captured; comparing suitable vehicles and ownership costs.,2026-05-09T17:00:00+00:00
LEAD-002646,CUST-002646,VEH-001341,SALES-006,Vehicle Marketplace,Contacted,70,"profile=Warm, 30-day, vehicle selected, down payment",Preferences captured; comparing suitable vehicles and ownership costs.,2026-06-20T03:00:00+00:00
LEAD-002647,CUST-002647,VEH-003060,SALES-007,Inbound Call,Qualified,37,"profile=Research, vehicle selected",Early research stage; provide options without pressuring for commitment.,2026-06-25T00:00:00+00:00
LEAD-002648,CUST-002648,VEH-000484,SALES-008,Inbound Call,Appointment Set,37,"profile=Research, vehicle selected",Early research stage; provide options without pressuring for commitment.,2026-08-14T18:00:00+00:00
LEAD-002649,CUST-002649,VEH-005822,SALES-009,Website,New,70,"profile=Warm, 30-day, vehicle selected, down payment",Preferences captured; comparing suitable vehicles and ownership costs.,2026-05-18T23:00:00+00:00
LEAD-002650,CUST-002650,VEH-002546,SALES-010,Walk-In,Qualified,57,"profile=Warm, vehicle selected",Preferences captured; comparing suitable vehicles and ownership costs.,2026-05-09T15:00:00+00:00
LEAD-002651,CUST-002651,VEH-000756,SALES-011,Website,Appointment Set,65,"profile=Warm, 30-day, vehicle selected",Preferences captured; comparing suitable vehicles and ownership costs.,2026-07-19T21:00:00+00:00
LEAD-002652,CUST-002652,VEH-001464,SALES-012,Referral,Contacted,70,"profile=Warm, 30-day, vehicle selected, down payment",Preferences captured; comparing suitable vehicles and ownership costs.,2026-05-07T14:00:00+00:00
LEAD-002653,CUST-002653,VEH-007544,SALES-013,Inbound Call,Contacted,62,"profile=Warm, vehicle selected, down payment",Preferences captured; comparing suitable vehicles and ownership costs.,2026-06-20T14:00:00+00:00
LEAD-002654,CUST-002654,VEH-006824,SALES-014,Website,Lost,70,"profile=Warm, 30-day, vehicle selected, down payment",Preferences captured; comparing suitable vehicles and ownership costs.,2026-05-25T02:00:00+00:00
LEAD-002655,CUST-002655,VEH-001638,SALES-015,Walk-In,Qualified,62,"profile=Warm, vehicle selected, down payment",Preferences captured; comparing suitable vehicles and ownership costs.,2026-04-27T04:00:00+00:00
LEAD-002656,CUST-002656,VEH-001959,SALES-016,Paid Search,Qualified,70,"profile=Warm, 30-day, vehicle selected, down payment",Preferences captured; comparing suitable vehicles and ownership costs.,2026-06-04T09:00:00+00:00
LEAD-002657,CUST-002657,VEH-003846,SALES-017,Paid Search,Contacted,70,"profile=Warm, 30-day, vehicle selected, down payment",Preferences captured; comparing suitable vehicles and ownership costs.,2026-07-28T01:00:00+00:00
LEAD-002658,CUST-002658,VEH-000960,SALES-018,Vehicle Marketplace,Appointment Set,65,"profile=Warm, 30-day, vehicle selected",Preferences captured; comparing suitable vehicles and ownership costs.,2026-05-08T12:00:00+00:00
LEAD-002659,CUST-002659,VEH-005999,SALES-019,Website,Lost,42,"profile=Research, vehicle selected, down payment",Early research stage; provide options without pressuring for commitment.,2026-07-29T10:00:00+00:00
LEAD-002660,CUST-002660,VEH-001299,SALES-020,Referral,Appointment Set,37,"profile=Research, vehicle selected",Early research stage; provide options without pressuring for commitment.,2026-06-27T22:00:00+00:00
LEAD-002661,CUST-002661,,SALES-021,Inbound Call,Lost,35,"profile=Research, down payment",Early research stage; provide options without pressuring for commitment.,2026-05-17T11:00:00+00:00
LEAD-002662,CUST-002662,VEH-009865,SALES-022,Referral,Qualified,42,"profile=Research, vehicle selected, down payment",Early research stage; provide options without pressuring for commitment.,2026-04-30T23:00:00+00:00
LEAD-002663,CUST-002663,,SALES-023,Inbound Call,Contacted,35,"profile=Research, down payment",Early research stage; provide options without pressuring for commitment.,2026-07-12T14:00:00+00:00
LEAD-002664,CUST-002664,VEH-000796,SALES-024,Social Media,New,32,"profile=Edge Case, vehicle selected, down payment",Requirements may conflict with budget or contact preferences; clarify before action.,2026-08-12T07:00:00+00:00
LEAD-002665,CUST-002665,VEH-007153,SALES-001,Vehicle Marketplace,Qualified,42,"profile=Research, vehicle selected, down payment",Early research stage; provide options without pressuring for commitment.,2026-07-30T22:00:00+00:00
LEAD-002666,CUST-002666,VEH-004172,SALES-002,Inbound Call,Qualified,90,"profile=Hot, 30-day, vehicle selected, down payment",Specific near-term purchase intent; ready for inventory shortlist.,2026-06-01T07:00:00+00:00
LEAD-002667,CUST-002667,VEH-006355,SALES-003,Referral,Appointment Set,37,"profile=Research, vehicle selected",Early research stage; provide options without pressuring for commitment.,2026-07-16T23:00:00+00:00
LEAD-002668,CUST-002668,VEH-008471,SALES-004,Inbound Call,Qualified,70,"profile=Warm, 30-day, vehicle selected, down payment",Preferences captured; comparing suitable vehicles and ownership costs.,2026-08-20T17:00:00+00:00
LEAD-002669,CUST-002669,VEH-009635,SALES-005,Walk-In,Appointment Set,92,"profile=Hot, near-term, vehicle selected",Specific near-term purchase intent; ready for inventory shortlist.,2026-06-04T19:00:00+00:00
LEAD-002670,CUST-002670,VEH-005250,SALES-006,Referral,Contacted,65,"profile=Warm, 30-day, vehicle selected",Preferences captured; comparing suitable vehicles and ownership costs.,2026-08-09T18:00:00+00:00
LEAD-002671,CUST-002671,VEH-004429,SALES-007,Website,Appointment Set,90,"profile=Hot, 30-day, vehicle selected, down payment",Specific near-term purchase intent; ready for inventory shortlist.,2026-05-09T09:00:00+00:00
LEAD-002672,CUST-002672,VEH-006634,SALES-008,Social Media,Won,37,"profile=Research, vehicle selected",Early research stage; provide options without pressuring for commitment.,2026-05-11T22:00:00+00:00
LEAD-002673,CUST-002673,VEH-002106,SALES-009,Social Media,Qualified,40,"profile=Edge Case, 30-day, vehicle selected, down payment",Requirements may conflict with budget or contact preferences; clarify before action.,2026-08-05T19:00:00+00:00
LEAD-002674,CUST-002674,VEH-008479,SALES-010,Referral,Appointment Set,37,"profile=Research, vehicle selected",Early research stage; provide options without pressuring for commitment.,2026-06-26T07:00:00+00:00
LEAD-002675,CUST-002675,VEH-006839,SALES-011,Social Media,Qualified,42,"profile=Research, vehicle selected, down payment",Early research stage; provide options without pressuring for commitment.,2026-06-22T00:00:00+00:00
LEAD-002676,CUST-002676,VEH-007910,SALES-012,Walk-In,New,65,"profile=Warm, 30-day, vehicle selected",Preferences captured; comparing suitable vehicles and ownership costs.,2026-07-11T10:00:00+00:00
LEAD-002677,CUST-002677,VEH-002926,SALES-013,Inbound Call,New,27,"profile=Edge Case, vehicle selected",Requirements may conflict with budget or contact preferences; clarify before action.,2026-06-04T03:00:00+00:00
LEAD-002678,CUST-002678,,SALES-014,Paid Search,Qualified,35,"profile=Research, down payment",Early research stage; provide options without pressuring for commitment.,2026-05-10T03:00:00+00:00
LEAD-002679,CUST-002679,VEH-004688,SALES-015,Referral,New,70,"profile=Warm, 30-day, vehicle selected, down payment",Preferences captured; comparing suitable vehicles and ownership costs.,2026-08-24T20:00:00+00:00
LEAD-002680,CUST-002680,VEH-007646,SALES-016,Referral,Contacted,70,"profile=Warm, 30-day, vehicle selected, down payment",Preferences captured; comparing suitable vehicles and ownership costs.,2026-05-13T11:00:00+00:00
LEAD-002681,CUST-002681,VEH-000232,SALES-017,Social Media,New,57,"profile=Warm, vehicle selected",Preferences captured; comparing suitable vehicles and ownership costs.,2026-06-15T10:00:00+00:00
LEAD-002682,CUST-002682,VEH-004581,SALES-018,Website,Qualified,62,"profile=Warm, vehicle selected, down payment",Preferences captured; comparing suitable vehicles and ownership costs.,2026-08-10T21:00:00+00:00
LEAD-002683,CUST-002683,VEH-008170,SALES-019,Walk-In,Appointment Set,42,"profile=Research, vehicle selected, down payment",Early research stage; provide options without pressuring for commitment.,2026-06-21T05:00:00+00:00
LEAD-002684,CUST-002684,VEH-005899,SALES-020,Website,Won,97,"profile=Hot, near-term, vehicle selected, down payment",Specific near-term purchase intent; ready for inventory shortlist.,2026-04-30T14:00:00+00:00
LEAD-002685,CUST-002685,VEH-007464,SALES-021,Inbound Call,Qualified,37,"profile=Research, vehicle selected",Early research stage; provide options without pressuring for commitment.,2026-07-15T04:00:00+00:00
LEAD-002686,CUST-002686,,SALES-022,Inbound Call,Qualified,90,"profile=Hot, near-term, down payment",Specific near-term purchase intent; ready for inventory shortlist.,2026-07-10T08:00:00+00:00
LEAD-002687,CUST-002687,VEH-004886,SALES-023,Social Media,Contacted,42,"profile=Research, vehicle selected, down payment",Early research stage; provide options without pressuring for commitment.,2026-08-17T20:00:00+00:00
LEAD-002688,CUST-002688,VEH-009845,SALES-024,Website,Qualified,37,"profile=Research, vehicle selected",Early research stage; provide options without pressuring for commitment.,2026-05-14T10:00:00+00:00
LEAD-002689,CUST-002689,,SALES-001,Website,New,55,"profile=Warm, down payment",Preferences captured; comparing suitable vehicles and ownership costs.,2026-07-09T12:00:00+00:00
LEAD-002690,CUST-002690,VEH-009779,SALES-002,Referral,Lost,90,"profile=Hot, 30-day, vehicle selected, down payment",Specific near-term purchase intent; ready for inventory shortlist.,2026-07-07T04:00:00+00:00
LEAD-002691,CUST-002691,VEH-004377,SALES-003,Website,Qualified,90,"profile=Hot, 30-day, vehicle selected, down payment",Specific near-term purchase intent; ready for inventory shortlist.,2026-05-24T14:00:00+00:00
LEAD-002692,CUST-002692,,SALES-004,Social Media,Qualified,30,profile=Research,Early research stage; provide options without pressuring for commitment.,2026-05-31T23:00:00+00:00
LEAD-002693,CUST-002693,,SALES-005,Referral,Appointment Set,90,"profile=Hot, near-term, down payment",Specific near-term purchase intent; ready for inventory shortlist.,2026-05-16T22:00:00+00:00
LEAD-002694,CUST-002694,VEH-009985,SALES-006,Inbound Call,Appointment Set,70,"profile=Warm, 30-day, vehicle selected, down payment",Preferences captured; comparing suitable vehicles and ownership costs.,2026-05-16T07:00:00+00:00
LEAD-002695,CUST-002695,,SALES-007,Social Media,Contacted,63,"profile=Warm, 30-day, down payment",Preferences captured; comparing suitable vehicles and ownership costs.,2026-07-07T00:00:00+00:00
LEAD-002696,CUST-002696,VEH-005407,SALES-008,Website,Lost,70,"profile=Warm, 30-day, vehicle selected, down payment",Preferences captured; comparing suitable vehicles and ownership costs.,2026-06-06T15:00:00+00:00
LEAD-002697,CUST-002697,VEH-007664,SALES-009,Inbound Call,Qualified,65,"profile=Warm, 30-day, vehicle selected",Preferences captured; comparing suitable vehicles and ownership costs.,2026-08-16T00:00:00+00:00
LEAD-002698,CUST-002698,VEH-006953,SALES-010,Inbound Call,Appointment Set,85,"profile=Hot, 30-day, vehicle selected",Specific near-term purchase intent; ready for inventory shortlist.,2026-05-31T20:00:00+00:00
LEAD-002699,CUST-002699,,SALES-011,Website,Appointment Set,63,"profile=Warm, 30-day, down payment",Preferences captured; comparing suitable vehicles and ownership costs.,2026-05-26T17:00:00+00:00
LEAD-002700,CUST-002700,VEH-000058,SALES-012,Vehicle Marketplace,Contacted,32,"profile=Edge Case, vehicle selected, down payment",Requirements may conflict with budget or contact preferences; clarify before action.,2026-07-22T23:00:00+00:00
LEAD-002701,CUST-002701,,SALES-013,Paid Search,Qualified,35,"profile=Research, down payment",Early research stage; provide options without pressuring for commitment.,2026-07-30T22:00:00+00:00
LEAD-002702,CUST-002702,VEH-007074,SALES-014,Website,Qualified,65,"profile=Warm, 30-day, vehicle selected",Preferences captured; comparing suitable vehicles and ownership costs.,2026-06-15T13:00:00+00:00
LEAD-002703,CUST-002703,VEH-005826,SALES-015,Referral,New,65,"profile=Warm, 30-day, vehicle selected",Preferences captured; comparing suitable vehicles and ownership costs.,2026-07-24T20:00:00+00:00
LEAD-002704,CUST-002704,VEH-003464,SALES-016,Vehicle Marketplace,Contacted,57,"profile=Warm, vehicle selected",Preferences captured; comparing suitable vehicles and ownership costs.,2026-07-28T12:00:00+00:00
LEAD-002705,CUST-002705,VEH-005715,SALES-017,Paid Search,New,65,"profile=Warm, 30-day, vehicle selected",Preferences captured; comparing suitable vehicles and ownership costs.,2026-08-14T12:00:00+00:00
LEAD-002706,CUST-002706,VEH-005649,SALES-018,Referral,New,37,"profile=Research, vehicle selected",Early research stage; provide options without pressuring for commitment.,2026-06-04T14:00:00+00:00
LEAD-002707,CUST-002707,VEH-002716,SALES-019,Walk-In,Qualified,42,"profile=Research, vehicle selected, down payment",Early research stage; provide options without pressuring for commitment.,2026-08-13T14:00:00+00:00
LEAD-002708,CUST-002708,VEH-001375,SALES-020,Website,Contacted,62,"profile=Warm, vehicle selected, down payment",Preferences captured; comparing suitable vehicles and ownership costs.,2026-06-27T03:00:00+00:00
LEAD-002709,CUST-002709,VEH-001378,SALES-021,Website,Contacted,35,"profile=Edge Case, 30-day, vehicle selected",Requirements may conflict with budget or contact preferences; clarify before action.,2026-05-20T04:00:00+00:00
LEAD-002710,CUST-002710,VEH-002299,SALES-022,Walk-In,Lost,42,"profile=Research, vehicle selected, down payment",Early research stage; provide options without pressuring for commitment.,2026-05-25T10:00:00+00:00
LEAD-002711,CUST-002711,VEH-000840,SALES-023,Referral,New,32,"profile=Edge Case, vehicle selected, down payment",Requirements may conflict with budget or contact preferences; clarify before action.,2026-08-14T17:00:00+00:00
LEAD-002712,CUST-002712,VEH-003131,SALES-024,Social Media,Qualified,85,"profile=Hot, 30-day, vehicle selected",Specific near-term purchase intent; ready for inventory shortlist.,2026-07-18T02:00:00+00:00
LEAD-002713,CUST-002713,VEH-006838,SALES-001,Walk-In,New,32,"profile=Edge Case, vehicle selected, down payment",Requirements may conflict with budget or contact preferences; clarify before action.,2026-05-27T11:00:00+00:00
LEAD-002714,CUST-002714,,SALES-002,Vehicle Marketplace,Qualified,50,profile=Warm,Preferences captured; comparing suitable vehicles and ownership costs.,2026-07-15T07:00:00+00:00
LEAD-002715,CUST-002715,VEH-009112,SALES-003,Vehicle Marketplace,New,62,"profile=Warm, vehicle selected, down payment",Preferences captured; comparing suitable vehicles and ownership costs.,2026-08-19T10:00:00+00:00
LEAD-002716,CUST-002716,VEH-007099,SALES-004,Website,New,70,"profile=Warm, 30-day, vehicle selected, down payment",Preferences captured; comparing suitable vehicles and ownership costs.,2026-07-29T19:00:00+00:00
LEAD-002717,CUST-002717,,SALES-005,Vehicle Marketplace,Contacted,58,"profile=Warm, 30-day",Preferences captured; comparing suitable vehicles and ownership costs.,2026-05-28T17:00:00+00:00
LEAD-002718,CUST-002718,VEH-006127,SALES-006,Inbound Call,Lost,42,"profile=Research, vehicle selected, down payment",Early research stage; provide options without pressuring for commitment.,2026-08-01T15:00:00+00:00
LEAD-002719,CUST-002719,VEH-005486,SALES-007,Website,Contacted,70,"profile=Warm, 30-day, vehicle selected, down payment",Preferences captured; comparing suitable vehicles and ownership costs.,2026-07-11T12:00:00+00:00
LEAD-002720,CUST-002720,VEH-000681,SALES-008,Inbound Call,Appointment Set,32,"profile=Edge Case, vehicle selected, down payment",Requirements may conflict with budget or contact preferences; clarify before action.,2026-07-17T23:00:00+00:00
LEAD-002721,CUST-002721,VEH-007331,SALES-009,Referral,Contacted,62,"profile=Warm, vehicle selected, down payment",Preferences captured; comparing suitable vehicles and ownership costs.,2026-07-23T21:00:00+00:00
LEAD-002722,CUST-002722,VEH-007060,SALES-010,Walk-In,Qualified,37,"profile=Research, vehicle selected",Early research stage; provide options without pressuring for commitment.,2026-08-23T19:00:00+00:00
LEAD-002723,CUST-002723,VEH-001907,SALES-011,Referral,Qualified,32,"profile=Edge Case, vehicle selected, down payment",Requirements may conflict with budget or contact preferences; clarify before action.,2026-05-27T22:00:00+00:00
LEAD-002724,CUST-002724,VEH-007548,SALES-012,Website,Qualified,57,"profile=Warm, vehicle selected",Preferences captured; comparing suitable vehicles and ownership costs.,2026-05-01T07:00:00+00:00
LEAD-002725,CUST-002725,VEH-009818,SALES-013,Paid Search,Contacted,70,"profile=Warm, 30-day, vehicle selected, down payment",Preferences captured; comparing suitable vehicles and ownership costs.,2026-07-18T09:00:00+00:00
LEAD-002726,CUST-002726,,SALES-014,Website,Qualified,63,"profile=Warm, 30-day, down payment",Preferences captured; comparing suitable vehicles and ownership costs.,2026-08-03T17:00:00+00:00
LEAD-002727,CUST-002727,,SALES-015,Paid Search,Appointment Set,63,"profile=Warm, 30-day, down payment",Preferences captured; comparing suitable vehicles and ownership costs.,2026-07-04T18:00:00+00:00
LEAD-002728,CUST-002728,VEH-008695,SALES-016,Paid Search,Appointment Set,70,"profile=Warm, 30-day, vehicle selected, down payment",Preferences captured; comparing suitable vehicles and ownership costs.,2026-06-28T14:00:00+00:00
LEAD-002729,CUST-002729,VEH-000217,SALES-017,Paid Search,New,97,"profile=Hot, near-term, vehicle selected, down payment",Specific near-term purchase intent; ready for inventory shortlist.,2026-05-11T01:00:00+00:00
LEAD-002730,CUST-002730,VEH-009650,SALES-018,Inbound Call,New,57,"profile=Warm, vehicle selected",Preferences captured; comparing suitable vehicles and ownership costs.,2026-08-14T17:00:00+00:00
LEAD-002731,CUST-002731,VEH-006144,SALES-019,Website,Contacted,42,"profile=Research, vehicle selected, down payment",Early research stage; provide options without pressuring for commitment.,2026-05-30T03:00:00+00:00
LEAD-002732,CUST-002732,VEH-009460,SALES-020,Referral,Won,57,"profile=Warm, vehicle selected",Preferences captured; comparing suitable vehicles and ownership costs.,2026-05-17T20:00:00+00:00
LEAD-002733,CUST-002733,VEH-007559,SALES-021,Paid Search,Contacted,65,"profile=Warm, 30-day, vehicle selected",Preferences captured; comparing suitable vehicles and ownership costs.,2026-05-30T04:00:00+00:00
LEAD-002734,CUST-002734,VEH-009300,SALES-022,Vehicle Marketplace,Lost,57,"profile=Warm, vehicle selected",Preferences captured; comparing suitable vehicles and ownership costs.,2026-08-16T16:00:00+00:00
LEAD-002735,CUST-002735,VEH-000264,SALES-023,Inbound Call,Won,70,"profile=Warm, 30-day, vehicle selected, down payment",Preferences captured; comparing suitable vehicles and ownership costs.,2026-07-29T01:00:00+00:00
LEAD-002736,CUST-002736,VEH-000345,SALES-024,Inbound Call,New,92,"profile=Hot, near-term, vehicle selected",Specific near-term purchase intent; ready for inventory shortlist.,2026-05-25T08:00:00+00:00
LEAD-002737,CUST-002737,VEH-004324,SALES-001,Website,Won,27,"profile=Edge Case, vehicle selected",Requirements may conflict with budget or contact preferences; clarify before action.,2026-08-19T10:00:00+00:00
LEAD-002738,CUST-002738,VEH-000842,SALES-002,Referral,Contacted,62,"profile=Warm, vehicle selected, down payment",Preferences captured; comparing suitable vehicles and ownership costs.,2026-06-10T02:00:00+00:00
LEAD-002739,CUST-002739,VEH-006600,SALES-003,Walk-In,New,70,"profile=Warm, 30-day, vehicle selected, down payment",Preferences captured; comparing suitable vehicles and ownership costs.,2026-07-20T00:00:00+00:00
LEAD-002740,CUST-002740,,SALES-004,Walk-In,Contacted,63,"profile=Warm, 30-day, down payment",Preferences captured; comparing suitable vehicles and ownership costs.,2026-06-07T18:00:00+00:00
LEAD-002741,CUST-002741,VEH-002037,SALES-005,Paid Search,New,90,"profile=Hot, 30-day, vehicle selected, down payment",Specific near-term purchase intent; ready for inventory shortlist.,2026-08-06T02:00:00+00:00
LEAD-002742,CUST-002742,,SALES-006,Paid Search,New,50,profile=Warm,Preferences captured; comparing suitable vehicles and ownership costs.,2026-06-05T18:00:00+00:00
LEAD-002743,CUST-002743,VEH-004545,SALES-007,Website,Lost,62,"profile=Warm, vehicle selected, down payment",Preferences captured; comparing suitable vehicles and ownership costs.,2026-08-11T23:00:00+00:00
LEAD-002744,CUST-002744,VEH-003218,SALES-008,Social Media,Appointment Set,65,"profile=Warm, 30-day, vehicle selected",Preferences captured; comparing suitable vehicles and ownership costs.,2026-06-25T23:00:00+00:00
LEAD-002745,CUST-002745,VEH-008347,SALES-009,Paid Search,New,70,"profile=Warm, 30-day, vehicle selected, down payment",Preferences captured; comparing suitable vehicles and ownership costs.,2026-04-29T09:00:00+00:00
LEAD-002746,CUST-002746,VEH-009183,SALES-010,Website,New,70,"profile=Warm, 30-day, vehicle selected, down payment",Preferences captured; comparing suitable vehicles and ownership costs.,2026-05-20T08:00:00+00:00
LEAD-002747,CUST-002747,,SALES-011,Vehicle Marketplace,Appointment Set,63,"profile=Warm, 30-day, down payment",Preferences captured; comparing suitable vehicles and ownership costs.,2026-07-03T15:00:00+00:00
LEAD-002748,CUST-002748,VEH-002938,SALES-012,Referral,New,62,"profile=Warm, vehicle selected, down payment",Preferences captured; comparing suitable vehicles and ownership costs.,2026-07-14T17:00:00+00:00
LEAD-002749,CUST-002749,VEH-006002,SALES-013,Social Media,Lost,42,"profile=Research, vehicle selected, down payment",Early research stage; provide options without pressuring for commitment.,2026-05-13T08:00:00+00:00
LEAD-002750,CUST-002750,,SALES-014,Social Media,New,83,"profile=Hot, 30-day, down payment",Specific near-term purchase intent; ready for inventory shortlist.,2026-04-29T21:00:00+00:00
LEAD-002751,CUST-002751,,SALES-015,Website,Qualified,55,"profile=Warm, down payment",Preferences captured; comparing suitable vehicles and ownership costs.,2026-05-10T04:00:00+00:00
LEAD-002752,CUST-002752,VEH-005435,SALES-016,Referral,New,27,"profile=Edge Case, vehicle selected",Requirements may conflict with budget or contact preferences; clarify before action.,2026-08-06T03:00:00+00:00
LEAD-002753,CUST-002753,VEH-009082,SALES-017,Social Media,New,42,"profile=Research, vehicle selected, down payment",Early research stage; provide options without pressuring for commitment.,2026-05-09T03:00:00+00:00
LEAD-002754,CUST-002754,VEH-004332,SALES-018,Vehicle Marketplace,Qualified,42,"profile=Research, vehicle selected, down payment",Early research stage; provide options without pressuring for commitment.,2026-05-06T04:00:00+00:00
LEAD-002755,CUST-002755,,SALES-019,Website,New,40,"profile=Edge Case, near-term, down payment",Requirements may conflict with budget or contact preferences; clarify before action.,2026-04-29T05:00:00+00:00
LEAD-002756,CUST-002756,VEH-006783,SALES-020,Vehicle Marketplace,Qualified,37,"profile=Research, vehicle selected",Early research stage; provide options without pressuring for commitment.,2026-07-28T04:00:00+00:00
LEAD-002757,CUST-002757,VEH-009301,SALES-021,Inbound Call,Contacted,65,"profile=Warm, 30-day, vehicle selected",Preferences captured; comparing suitable vehicles and ownership costs.,2026-07-22T16:00:00+00:00
LEAD-002758,CUST-002758,VEH-001492,SALES-022,Referral,New,32,"profile=Edge Case, vehicle selected, down payment",Requirements may conflict with budget or contact preferences; clarify before action.,2026-08-03T12:00:00+00:00
LEAD-002759,CUST-002759,VEH-000183,SALES-023,Paid Search,Contacted,32,"profile=Edge Case, vehicle selected, down payment",Requirements may conflict with budget or contact preferences; clarify before action.,2026-07-24T11:00:00+00:00
LEAD-002760,CUST-002760,,SALES-024,Social Media,Lost,58,"profile=Warm, 30-day",Preferences captured; comparing suitable vehicles and ownership costs.,2026-05-11T07:00:00+00:00
LEAD-002761,CUST-002761,,SALES-001,Inbound Call,Qualified,55,"profile=Warm, down payment",Preferences captured; comparing suitable vehicles and ownership costs.,2026-08-04T00:00:00+00:00
LEAD-002762,CUST-002762,VEH-002450,SALES-002,Paid Search,Contacted,37,"profile=Research, vehicle selected",Early research stage; provide options without pressuring for commitment.,2026-08-08T08:00:00+00:00
LEAD-002763,CUST-002763,VEH-003256,SALES-003,Walk-In,Qualified,37,"profile=Research, vehicle selected",Early research stage; provide options without pressuring for commitment.,2026-07-17T00:00:00+00:00
LEAD-002764,CUST-002764,VEH-005101,SALES-004,Website,Appointment Set,65,"profile=Warm, 30-day, vehicle selected",Preferences captured; comparing suitable vehicles and ownership costs.,2026-07-23T08:00:00+00:00
LEAD-002765,CUST-002765,VEH-000114,SALES-005,Vehicle Marketplace,Contacted,90,"profile=Hot, 30-day, vehicle selected, down payment",Specific near-term purchase intent; ready for inventory shortlist.,2026-06-01T07:00:00+00:00
LEAD-002766,CUST-002766,VEH-002932,SALES-006,Vehicle Marketplace,Qualified,37,"profile=Research, vehicle selected",Early research stage; provide options without pressuring for commitment.,2026-08-18T12:00:00+00:00
LEAD-002767,CUST-002767,VEH-000359,SALES-007,Website,Contacted,70,"profile=Warm, 30-day, vehicle selected, down payment",Preferences captured; comparing suitable vehicles and ownership costs.,2026-06-07T21:00:00+00:00
LEAD-002768,CUST-002768,VEH-004691,SALES-008,Inbound Call,Qualified,90,"profile=Hot, 30-day, vehicle selected, down payment",Specific near-term purchase intent; ready for inventory shortlist.,2026-06-13T12:00:00+00:00
LEAD-002769,CUST-002769,VEH-001138,SALES-009,Website,Qualified,62,"profile=Warm, vehicle selected, down payment",Preferences captured; comparing suitable vehicles and ownership costs.,2026-07-12T00:00:00+00:00
LEAD-002770,CUST-002770,VEH-008741,SALES-010,Vehicle Marketplace,Qualified,42,"profile=Research, vehicle selected, down payment",Early research stage; provide options without pressuring for commitment.,2026-07-05T16:00:00+00:00
LEAD-002771,CUST-002771,VEH-001435,SALES-011,Website,Appointment Set,42,"profile=Research, vehicle selected, down payment",Early research stage; provide options without pressuring for commitment.,2026-07-17T15:00:00+00:00
LEAD-002772,CUST-002772,VEH-004107,SALES-012,Referral,Qualified,70,"profile=Warm, 30-day, vehicle selected, down payment",Preferences captured; comparing suitable vehicles and ownership costs.,2026-08-10T14:00:00+00:00
LEAD-002773,CUST-002773,VEH-008531,SALES-013,Referral,Contacted,37,"profile=Research, vehicle selected",Early research stage; provide options without pressuring for commitment.,2026-08-02T06:00:00+00:00
LEAD-002774,CUST-002774,VEH-004464,SALES-014,Vehicle Marketplace,Lost,42,"profile=Research, vehicle selected, down payment",Early research stage; provide options without pressuring for commitment.,2026-08-10T22:00:00+00:00
LEAD-002775,CUST-002775,VEH-004899,SALES-015,Website,Contacted,62,"profile=Warm, vehicle selected, down payment",Preferences captured; comparing suitable vehicles and ownership costs.,2026-05-21T13:00:00+00:00
LEAD-002776,CUST-002776,VEH-000330,SALES-016,Inbound Call,Appointment Set,85,"profile=Hot, 30-day, vehicle selected",Specific near-term purchase intent; ready for inventory shortlist.,2026-06-26T00:00:00+00:00
LEAD-002777,CUST-002777,VEH-009555,SALES-017,Website,New,70,"profile=Warm, 30-day, vehicle selected, down payment",Preferences captured; comparing suitable vehicles and ownership costs.,2026-04-28T02:00:00+00:00
LEAD-002778,CUST-002778,VEH-001380,SALES-018,Referral,Contacted,42,"profile=Research, vehicle selected, down payment",Early research stage; provide options without pressuring for commitment.,2026-06-21T23:00:00+00:00
LEAD-002779,CUST-002779,VEH-008976,SALES-019,Walk-In,Contacted,37,"profile=Research, vehicle selected",Early research stage; provide options without pressuring for commitment.,2026-07-11T09:00:00+00:00
LEAD-002780,CUST-002780,VEH-007474,SALES-020,Inbound Call,Qualified,42,"profile=Research, vehicle selected, down payment",Early research stage; provide options without pressuring for commitment.,2026-06-21T04:00:00+00:00
LEAD-002781,CUST-002781,,SALES-021,Website,Contacted,55,"profile=Warm, down payment",Preferences captured; comparing suitable vehicles and ownership costs.,2026-08-11T00:00:00+00:00
LEAD-002782,CUST-002782,VEH-004205,SALES-022,Social Media,Qualified,70,"profile=Warm, 30-day, vehicle selected, down payment",Preferences captured; comparing suitable vehicles and ownership costs.,2026-06-11T20:00:00+00:00
LEAD-002783,CUST-002783,VEH-006791,SALES-023,Referral,Appointment Set,47,"profile=Edge Case, near-term, vehicle selected, down payment",Requirements may conflict with budget or contact preferences; clarify before action.,2026-07-11T21:00:00+00:00
LEAD-002784,CUST-002784,VEH-005289,SALES-024,Inbound Call,Qualified,92,"profile=Hot, near-term, vehicle selected",Specific near-term purchase intent; ready for inventory shortlist.,2026-05-18T03:00:00+00:00
LEAD-002785,CUST-002785,VEH-000399,SALES-001,Referral,Appointment Set,70,"profile=Warm, 30-day, vehicle selected, down payment",Preferences captured; comparing suitable vehicles and ownership costs.,2026-05-24T22:00:00+00:00
LEAD-002786,CUST-002786,,SALES-002,Walk-In,New,35,"profile=Research, down payment",Early research stage; provide options without pressuring for commitment.,2026-05-09T01:00:00+00:00
LEAD-002787,CUST-002787,VEH-006284,SALES-003,Paid Search,Contacted,92,"profile=Hot, near-term, vehicle selected",Specific near-term purchase intent; ready for inventory shortlist.,2026-07-07T13:00:00+00:00
LEAD-002788,CUST-002788,VEH-005244,SALES-004,Paid Search,Contacted,62,"profile=Warm, vehicle selected, down payment",Preferences captured; comparing suitable vehicles and ownership costs.,2026-04-29T12:00:00+00:00
LEAD-002789,CUST-002789,VEH-000016,SALES-005,Website,Won,97,"profile=Hot, near-term, vehicle selected, down payment",Specific near-term purchase intent; ready for inventory shortlist.,2026-08-12T06:00:00+00:00
LEAD-002790,CUST-002790,VEH-001593,SALES-006,Referral,Qualified,37,"profile=Research, vehicle selected",Early research stage; provide options without pressuring for commitment.,2026-06-19T21:00:00+00:00
LEAD-002791,CUST-002791,,SALES-007,Referral,Contacted,25,"profile=Edge Case, down payment",Requirements may conflict with budget or contact preferences; clarify before action.,2026-05-03T01:00:00+00:00
LEAD-002792,CUST-002792,VEH-004848,SALES-008,Referral,Appointment Set,62,"profile=Warm, vehicle selected, down payment",Preferences captured; comparing suitable vehicles and ownership costs.,2026-07-09T07:00:00+00:00
LEAD-002793,CUST-002793,VEH-002840,SALES-009,Referral,Qualified,42,"profile=Research, vehicle selected, down payment",Early research stage; provide options without pressuring for commitment.,2026-05-19T09:00:00+00:00
LEAD-002794,CUST-002794,VEH-007249,SALES-010,Walk-In,Appointment Set,92,"profile=Hot, near-term, vehicle selected",Specific near-term purchase intent; ready for inventory shortlist.,2026-07-04T07:00:00+00:00
LEAD-002795,CUST-002795,VEH-001197,SALES-011,Website,Contacted,97,"profile=Hot, near-term, vehicle selected, down payment",Specific near-term purchase intent; ready for inventory shortlist.,2026-07-19T14:00:00+00:00
LEAD-002796,CUST-002796,VEH-002033,SALES-012,Website,Appointment Set,92,"profile=Hot, near-term, vehicle selected",Specific near-term purchase intent; ready for inventory shortlist.,2026-07-01T10:00:00+00:00
LEAD-002797,CUST-002797,,SALES-013,Social Media,New,35,"profile=Research, down payment",Early research stage; provide options without pressuring for commitment.,2026-05-31T15:00:00+00:00
LEAD-002798,CUST-002798,VEH-003792,SALES-014,Website,New,42,"profile=Research, vehicle selected, down payment",Early research stage; provide options without pressuring for commitment.,2026-07-16T04:00:00+00:00
LEAD-002799,CUST-002799,VEH-001892,SALES-015,Inbound Call,Qualified,65,"profile=Warm, 30-day, vehicle selected",Preferences captured; comparing suitable vehicles and ownership costs.,2026-06-22T16:00:00+00:00
LEAD-002800,CUST-002800,,SALES-016,Referral,New,30,profile=Research,Early research stage; provide options without pressuring for commitment.,2026-07-17T18:00:00+00:00
LEAD-002801,CUST-002801,,SALES-017,Social Media,Contacted,55,"profile=Warm, down payment",Preferences captured; comparing suitable vehicles and ownership costs.,2026-07-20T16:00:00+00:00
LEAD-002802,CUST-002802,VEH-002066,SALES-018,Social Media,Contacted,97,"profile=Hot, near-term, vehicle selected, down payment",Specific near-term purchase intent; ready for inventory shortlist.,2026-08-12T19:00:00+00:00
LEAD-002803,CUST-002803,VEH-004721,SALES-019,Inbound Call,Contacted,42,"profile=Research, vehicle selected, down payment",Early research stage; provide options without pressuring for commitment.,2026-06-25T20:00:00+00:00
LEAD-002804,CUST-002804,VEH-005044,SALES-020,Inbound Call,Qualified,37,"profile=Research, vehicle selected",Early research stage; provide options without pressuring for commitment.,2026-06-28T14:00:00+00:00
LEAD-002805,CUST-002805,VEH-008418,SALES-021,Walk-In,Appointment Set,90,"profile=Hot, 30-day, vehicle selected, down payment",Specific near-term purchase intent; ready for inventory shortlist.,2026-07-26T04:00:00+00:00
LEAD-002806,CUST-002806,VEH-004444,SALES-022,Paid Search,Qualified,92,"profile=Hot, near-term, vehicle selected",Specific near-term purchase intent; ready for inventory shortlist.,2026-06-17T17:00:00+00:00
LEAD-002807,CUST-002807,VEH-004856,SALES-023,Walk-In,Qualified,97,"profile=Hot, near-term, vehicle selected, down payment",Specific near-term purchase intent; ready for inventory shortlist.,2026-06-15T04:00:00+00:00
LEAD-002808,CUST-002808,VEH-009778,SALES-024,Paid Search,Won,97,"profile=Hot, near-term, vehicle selected, down payment",Specific near-term purchase intent; ready for inventory shortlist.,2026-07-10T03:00:00+00:00
LEAD-002809,CUST-002809,VEH-004680,SALES-001,Vehicle Marketplace,Qualified,70,"profile=Warm, 30-day, vehicle selected, down payment",Preferences captured; comparing suitable vehicles and ownership costs.,2026-07-23T18:00:00+00:00
LEAD-002810,CUST-002810,VEH-006029,SALES-002,Paid Search,Contacted,42,"profile=Research, vehicle selected, down payment",Early research stage; provide options without pressuring for commitment.,2026-06-07T06:00:00+00:00
LEAD-002811,CUST-002811,VEH-007826,SALES-003,Paid Search,Contacted,97,"profile=Hot, near-term, vehicle selected, down payment",Specific near-term purchase intent; ready for inventory shortlist.,2026-08-07T12:00:00+00:00
LEAD-002812,CUST-002812,VEH-001147,SALES-004,Website,Appointment Set,47,"profile=Edge Case, near-term, vehicle selected, down payment",Requirements may conflict with budget or contact preferences; clarify before action.,2026-06-02T03:00:00+00:00
LEAD-002813,CUST-002813,VEH-004992,SALES-005,Website,Contacted,70,"profile=Warm, 30-day, vehicle selected, down payment",Preferences captured; comparing suitable vehicles and ownership costs.,2026-04-27T14:00:00+00:00
LEAD-002814,CUST-002814,,SALES-006,Paid Search,Qualified,50,profile=Warm,Preferences captured; comparing suitable vehicles and ownership costs.,2026-05-16T08:00:00+00:00
LEAD-002815,CUST-002815,VEH-001071,SALES-007,Social Media,Qualified,92,"profile=Hot, near-term, vehicle selected",Specific near-term purchase intent; ready for inventory shortlist.,2026-07-08T22:00:00+00:00
LEAD-002816,CUST-002816,VEH-001233,SALES-008,Paid Search,Qualified,62,"profile=Warm, vehicle selected, down payment",Preferences captured; comparing suitable vehicles and ownership costs.,2026-07-05T21:00:00+00:00
LEAD-002817,CUST-002817,VEH-003570,SALES-009,Referral,Qualified,62,"profile=Warm, vehicle selected, down payment",Preferences captured; comparing suitable vehicles and ownership costs.,2026-07-30T21:00:00+00:00
LEAD-002818,CUST-002818,VEH-002549,SALES-010,Inbound Call,Qualified,97,"profile=Hot, near-term, vehicle selected, down payment",Specific near-term purchase intent; ready for inventory shortlist.,2026-07-26T01:00:00+00:00
LEAD-002819,CUST-002819,VEH-008318,SALES-011,Website,Qualified,92,"profile=Hot, near-term, vehicle selected",Specific near-term purchase intent; ready for inventory shortlist.,2026-04-30T05:00:00+00:00
LEAD-002820,CUST-002820,VEH-001021,SALES-012,Website,Qualified,37,"profile=Research, vehicle selected",Early research stage; provide options without pressuring for commitment.,2026-04-26T15:00:00+00:00
LEAD-002821,CUST-002821,,SALES-013,Website,Contacted,63,"profile=Warm, 30-day, down payment",Preferences captured; comparing suitable vehicles and ownership costs.,2026-07-14T23:00:00+00:00
LEAD-002822,CUST-002822,VEH-003910,SALES-014,Social Media,Appointment Set,92,"profile=Hot, near-term, vehicle selected",Specific near-term purchase intent; ready for inventory shortlist.,2026-07-27T05:00:00+00:00
LEAD-002823,CUST-002823,VEH-009834,SALES-015,Website,Lost,70,"profile=Warm, 30-day, vehicle selected, down payment",Preferences captured; comparing suitable vehicles and ownership costs.,2026-05-25T20:00:00+00:00
LEAD-002824,CUST-002824,VEH-001661,SALES-016,Walk-In,New,62,"profile=Warm, vehicle selected, down payment",Preferences captured; comparing suitable vehicles and ownership costs.,2026-05-07T05:00:00+00:00
LEAD-002825,CUST-002825,VEH-007348,SALES-017,Inbound Call,Appointment Set,92,"profile=Hot, near-term, vehicle selected",Specific near-term purchase intent; ready for inventory shortlist.,2026-05-06T13:00:00+00:00
LEAD-002826,CUST-002826,VEH-004478,SALES-018,Walk-In,Qualified,42,"profile=Research, vehicle selected, down payment",Early research stage; provide options without pressuring for commitment.,2026-07-23T13:00:00+00:00
LEAD-002827,CUST-002827,VEH-001123,SALES-019,Walk-In,Contacted,70,"profile=Warm, 30-day, vehicle selected, down payment",Preferences captured; comparing suitable vehicles and ownership costs.,2026-07-11T20:00:00+00:00
LEAD-002828,CUST-002828,VEH-002580,SALES-020,Website,New,62,"profile=Warm, vehicle selected, down payment",Preferences captured; comparing suitable vehicles and ownership costs.,2026-05-11T16:00:00+00:00
LEAD-002829,CUST-002829,VEH-007268,SALES-021,Social Media,Qualified,62,"profile=Warm, vehicle selected, down payment",Preferences captured; comparing suitable vehicles and ownership costs.,2026-07-29T08:00:00+00:00
LEAD-002830,CUST-002830,VEH-006727,SALES-022,Vehicle Marketplace,Lost,70,"profile=Warm, 30-day, vehicle selected, down payment",Preferences captured; comparing suitable vehicles and ownership costs.,2026-07-06T20:00:00+00:00
LEAD-002831,CUST-002831,VEH-003556,SALES-023,Paid Search,Contacted,37,"profile=Research, vehicle selected",Early research stage; provide options without pressuring for commitment.,2026-05-05T10:00:00+00:00
LEAD-002832,CUST-002832,VEH-003886,SALES-024,Paid Search,Contacted,32,"profile=Edge Case, vehicle selected, down payment",Requirements may conflict with budget or contact preferences; clarify before action.,2026-05-29T07:00:00+00:00
LEAD-002833,CUST-002833,VEH-007025,SALES-001,Website,Won,37,"profile=Research, vehicle selected",Early research stage; provide options without pressuring for commitment.,2026-06-04T11:00:00+00:00
LEAD-002834,CUST-002834,VEH-002454,SALES-002,Walk-In,Contacted,37,"profile=Research, vehicle selected",Early research stage; provide options without pressuring for commitment.,2026-05-27T04:00:00+00:00
LEAD-002835,CUST-002835,VEH-003217,SALES-003,Referral,New,42,"profile=Research, vehicle selected, down payment",Early research stage; provide options without pressuring for commitment.,2026-06-18T12:00:00+00:00
LEAD-002836,CUST-002836,VEH-005119,SALES-004,Website,Appointment Set,62,"profile=Warm, vehicle selected, down payment",Preferences captured; comparing suitable vehicles and ownership costs.,2026-07-11T18:00:00+00:00
LEAD-002837,CUST-002837,VEH-007150,SALES-005,Walk-In,Contacted,70,"profile=Warm, 30-day, vehicle selected, down payment",Preferences captured; comparing suitable vehicles and ownership costs.,2026-06-26T16:00:00+00:00
LEAD-002838,CUST-002838,VEH-003612,SALES-006,Walk-In,Qualified,92,"profile=Hot, near-term, vehicle selected",Specific near-term purchase intent; ready for inventory shortlist.,2026-04-30T02:00:00+00:00
LEAD-002839,CUST-002839,VEH-004555,SALES-007,Paid Search,Appointment Set,62,"profile=Warm, vehicle selected, down payment",Preferences captured; comparing suitable vehicles and ownership costs.,2026-05-28T02:00:00+00:00
LEAD-002840,CUST-002840,VEH-004593,SALES-008,Inbound Call,Appointment Set,65,"profile=Warm, 30-day, vehicle selected",Preferences captured; comparing suitable vehicles and ownership costs.,2026-05-21T06:00:00+00:00
LEAD-002841,CUST-002841,VEH-003223,SALES-009,Paid Search,Contacted,42,"profile=Research, vehicle selected, down payment",Early research stage; provide options without pressuring for commitment.,2026-05-24T09:00:00+00:00
LEAD-002842,CUST-002842,VEH-001149,SALES-010,Paid Search,Contacted,42,"profile=Research, vehicle selected, down payment",Early research stage; provide options without pressuring for commitment.,2026-08-10T12:00:00+00:00
LEAD-002843,CUST-002843,VEH-008498,SALES-011,Social Media,Appointment Set,97,"profile=Hot, near-term, vehicle selected, down payment",Specific near-term purchase intent; ready for inventory shortlist.,2026-06-16T04:00:00+00:00
LEAD-002844,CUST-002844,VEH-003850,SALES-012,Website,Contacted,42,"profile=Research, vehicle selected, down payment",Early research stage; provide options without pressuring for commitment.,2026-07-29T19:00:00+00:00
LEAD-002845,CUST-002845,VEH-003514,SALES-013,Inbound Call,New,37,"profile=Research, vehicle selected",Early research stage; provide options without pressuring for commitment.,2026-05-23T06:00:00+00:00
LEAD-002846,CUST-002846,,SALES-014,Walk-In,New,33,"profile=Edge Case, 30-day, down payment",Requirements may conflict with budget or contact preferences; clarify before action.,2026-08-14T16:00:00+00:00
LEAD-002847,CUST-002847,VEH-000400,SALES-015,Website,New,37,"profile=Research, vehicle selected",Early research stage; provide options without pressuring for commitment.,2026-07-06T08:00:00+00:00
LEAD-002848,CUST-002848,VEH-002484,SALES-016,Social Media,Contacted,62,"profile=Warm, vehicle selected, down payment",Preferences captured; comparing suitable vehicles and ownership costs.,2026-08-14T08:00:00+00:00
LEAD-002849,CUST-002849,VEH-007792,SALES-017,Social Media,Qualified,70,"profile=Warm, 30-day, vehicle selected, down payment",Preferences captured; comparing suitable vehicles and ownership costs.,2026-07-10T11:00:00+00:00
LEAD-002850,CUST-002850,VEH-004249,SALES-018,Walk-In,Won,40,"profile=Edge Case, 30-day, vehicle selected, down payment",Requirements may conflict with budget or contact preferences; clarify before action.,2026-06-21T05:00:00+00:00
LEAD-002851,CUST-002851,,SALES-019,Website,Appointment Set,50,profile=Warm,Preferences captured; comparing suitable vehicles and ownership costs.,2026-07-24T09:00:00+00:00
LEAD-002852,CUST-002852,VEH-002927,SALES-020,Vehicle Marketplace,Appointment Set,62,"profile=Warm, vehicle selected, down payment",Preferences captured; comparing suitable vehicles and ownership costs.,2026-04-26T22:00:00+00:00
LEAD-002853,CUST-002853,VEH-005413,SALES-021,Inbound Call,Lost,90,"profile=Hot, 30-day, vehicle selected, down payment",Specific near-term purchase intent; ready for inventory shortlist.,2026-05-11T19:00:00+00:00
LEAD-002854,CUST-002854,,SALES-022,Referral,Appointment Set,30,profile=Research,Early research stage; provide options without pressuring for commitment.,2026-07-04T14:00:00+00:00
LEAD-002855,CUST-002855,,SALES-023,Referral,Qualified,30,profile=Research,Early research stage; provide options without pressuring for commitment.,2026-05-08T17:00:00+00:00
LEAD-002856,CUST-002856,VEH-003372,SALES-024,Vehicle Marketplace,New,62,"profile=Warm, vehicle selected, down payment",Preferences captured; comparing suitable vehicles and ownership costs.,2026-08-09T12:00:00+00:00
LEAD-002857,CUST-002857,VEH-002504,SALES-001,Vehicle Marketplace,Qualified,42,"profile=Research, vehicle selected, down payment",Early research stage; provide options without pressuring for commitment.,2026-05-21T10:00:00+00:00
LEAD-002858,CUST-002858,VEH-001175,SALES-002,Inbound Call,Appointment Set,32,"profile=Edge Case, vehicle selected, down payment",Requirements may conflict with budget or contact preferences; clarify before action.,2026-06-07T09:00:00+00:00
LEAD-002859,CUST-002859,,SALES-003,Vehicle Marketplace,New,25,"profile=Edge Case, down payment",Requirements may conflict with budget or contact preferences; clarify before action.,2026-06-15T16:00:00+00:00
LEAD-002860,CUST-002860,VEH-006900,SALES-004,Website,Qualified,42,"profile=Research, vehicle selected, down payment",Early research stage; provide options without pressuring for commitment.,2026-07-19T03:00:00+00:00
LEAD-002861,CUST-002861,VEH-008607,SALES-005,Inbound Call,Contacted,62,"profile=Warm, vehicle selected, down payment",Preferences captured; comparing suitable vehicles and ownership costs.,2026-08-02T07:00:00+00:00
LEAD-002862,CUST-002862,VEH-000829,SALES-006,Website,Qualified,57,"profile=Warm, vehicle selected",Preferences captured; comparing suitable vehicles and ownership costs.,2026-06-22T23:00:00+00:00
LEAD-002863,CUST-002863,VEH-004373,SALES-007,Website,Appointment Set,40,"profile=Edge Case, 30-day, vehicle selected, down payment",Requirements may conflict with budget or contact preferences; clarify before action.,2026-08-01T02:00:00+00:00
LEAD-002864,CUST-002864,VEH-001040,SALES-008,Referral,New,37,"profile=Research, vehicle selected",Early research stage; provide options without pressuring for commitment.,2026-08-21T19:00:00+00:00
LEAD-002865,CUST-002865,VEH-004657,SALES-009,Paid Search,Won,62,"profile=Warm, vehicle selected, down payment",Preferences captured; comparing suitable vehicles and ownership costs.,2026-05-29T15:00:00+00:00
LEAD-002866,CUST-002866,VEH-004948,SALES-010,Website,Contacted,92,"profile=Hot, near-term, vehicle selected",Specific near-term purchase intent; ready for inventory shortlist.,2026-07-25T02:00:00+00:00
LEAD-002867,CUST-002867,,SALES-011,Website,Contacted,40,"profile=Edge Case, near-term, down payment",Requirements may conflict with budget or contact preferences; clarify before action.,2026-06-13T04:00:00+00:00
LEAD-002868,CUST-002868,,SALES-012,Walk-In,Won,63,"profile=Warm, 30-day, down payment",Preferences captured; comparing suitable vehicles and ownership costs.,2026-08-07T21:00:00+00:00
LEAD-002869,CUST-002869,VEH-000974,SALES-013,Paid Search,Won,70,"profile=Warm, 30-day, vehicle selected, down payment",Preferences captured; comparing suitable vehicles and ownership costs.,2026-05-25T05:00:00+00:00
LEAD-002870,CUST-002870,VEH-005346,SALES-014,Referral,Lost,42,"profile=Research, vehicle selected, down payment",Early research stage; provide options without pressuring for commitment.,2026-05-07T04:00:00+00:00
LEAD-002871,CUST-002871,VEH-000954,SALES-015,Inbound Call,New,97,"profile=Hot, near-term, vehicle selected, down payment",Specific near-term purchase intent; ready for inventory shortlist.,2026-07-06T03:00:00+00:00
LEAD-002872,CUST-002872,VEH-007528,SALES-016,Vehicle Marketplace,New,57,"profile=Warm, vehicle selected",Preferences captured; comparing suitable vehicles and ownership costs.,2026-05-03T00:00:00+00:00
LEAD-002873,CUST-002873,VEH-003570,SALES-017,Referral,Appointment Set,42,"profile=Research, vehicle selected, down payment",Early research stage; provide options without pressuring for commitment.,2026-08-21T21:00:00+00:00
LEAD-002874,CUST-002874,VEH-007057,SALES-018,Walk-In,Qualified,70,"profile=Warm, 30-day, vehicle selected, down payment",Preferences captured; comparing suitable vehicles and ownership costs.,2026-06-12T23:00:00+00:00
LEAD-002875,CUST-002875,VEH-005689,SALES-019,Website,Qualified,70,"profile=Warm, 30-day, vehicle selected, down payment",Preferences captured; comparing suitable vehicles and ownership costs.,2026-06-15T01:00:00+00:00
LEAD-002876,CUST-002876,VEH-002382,SALES-020,Inbound Call,New,92,"profile=Hot, near-term, vehicle selected",Specific near-term purchase intent; ready for inventory shortlist.,2026-08-11T20:00:00+00:00
LEAD-002877,CUST-002877,VEH-009950,SALES-021,Inbound Call,Appointment Set,70,"profile=Warm, 30-day, vehicle selected, down payment",Preferences captured; comparing suitable vehicles and ownership costs.,2026-06-23T10:00:00+00:00
LEAD-002878,CUST-002878,,SALES-022,Social Media,New,30,profile=Research,Early research stage; provide options without pressuring for commitment.,2026-05-09T22:00:00+00:00
LEAD-002879,CUST-002879,VEH-007654,SALES-023,Paid Search,Qualified,97,"profile=Hot, near-term, vehicle selected, down payment",Specific near-term purchase intent; ready for inventory shortlist.,2026-05-04T08:00:00+00:00
LEAD-002880,CUST-002880,VEH-001219,SALES-024,Referral,Contacted,70,"profile=Warm, 30-day, vehicle selected, down payment",Preferences captured; comparing suitable vehicles and ownership costs.,2026-08-23T16:00:00+00:00
LEAD-002881,CUST-002881,,SALES-001,Walk-In,Qualified,83,"profile=Hot, 30-day, down payment",Specific near-term purchase intent; ready for inventory shortlist.,2026-07-01T14:00:00+00:00
LEAD-002882,CUST-002882,VEH-008864,SALES-002,Website,Contacted,70,"profile=Warm, 30-day, vehicle selected, down payment",Preferences captured; comparing suitable vehicles and ownership costs.,2026-07-30T09:00:00+00:00
LEAD-002883,CUST-002883,VEH-000284,SALES-003,Website,Qualified,70,"profile=Warm, 30-day, vehicle selected, down payment",Preferences captured; comparing suitable vehicles and ownership costs.,2026-07-11T20:00:00+00:00
LEAD-002884,CUST-002884,,SALES-004,Vehicle Marketplace,Contacted,55,"profile=Warm, down payment",Preferences captured; comparing suitable vehicles and ownership costs.,2026-08-13T02:00:00+00:00
LEAD-002885,CUST-002885,,SALES-005,Inbound Call,Qualified,35,"profile=Research, down payment",Early research stage; provide options without pressuring for commitment.,2026-07-11T08:00:00+00:00
LEAD-002886,CUST-002886,VEH-004829,SALES-006,Vehicle Marketplace,Qualified,37,"profile=Research, vehicle selected",Early research stage; provide options without pressuring for commitment.,2026-06-16T16:00:00+00:00
LEAD-002887,CUST-002887,VEH-004203,SALES-007,Inbound Call,Appointment Set,70,"profile=Warm, 30-day, vehicle selected, down payment",Preferences captured; comparing suitable vehicles and ownership costs.,2026-06-04T02:00:00+00:00
LEAD-002888,CUST-002888,VEH-007074,SALES-008,Vehicle Marketplace,New,37,"profile=Research, vehicle selected",Early research stage; provide options without pressuring for commitment.,2026-05-03T17:00:00+00:00
LEAD-002889,CUST-002889,VEH-002366,SALES-009,Inbound Call,Contacted,62,"profile=Warm, vehicle selected, down payment",Preferences captured; comparing suitable vehicles and ownership costs.,2026-06-29T03:00:00+00:00
LEAD-002890,CUST-002890,,SALES-010,Paid Search,Qualified,55,"profile=Warm, down payment",Preferences captured; comparing suitable vehicles and ownership costs.,2026-06-08T05:00:00+00:00
LEAD-002891,CUST-002891,VEH-003431,SALES-011,Website,Contacted,65,"profile=Warm, 30-day, vehicle selected",Preferences captured; comparing suitable vehicles and ownership costs.,2026-05-09T08:00:00+00:00
LEAD-002892,CUST-002892,VEH-000570,SALES-012,Website,Qualified,62,"profile=Warm, vehicle selected, down payment",Preferences captured; comparing suitable vehicles and ownership costs.,2026-05-16T19:00:00+00:00
LEAD-002893,CUST-002893,VEH-008934,SALES-013,Paid Search,New,42,"profile=Research, vehicle selected, down payment",Early research stage; provide options without pressuring for commitment.,2026-08-05T19:00:00+00:00
LEAD-002894,CUST-002894,VEH-006960,SALES-014,Vehicle Marketplace,Won,32,"profile=Edge Case, vehicle selected, down payment",Requirements may conflict with budget or contact preferences; clarify before action.,2026-07-28T07:00:00+00:00
LEAD-002895,CUST-002895,VEH-001866,SALES-015,Walk-In,New,70,"profile=Warm, 30-day, vehicle selected, down payment",Preferences captured; comparing suitable vehicles and ownership costs.,2026-06-14T05:00:00+00:00
LEAD-002896,CUST-002896,VEH-009841,SALES-016,Paid Search,Appointment Set,97,"profile=Hot, near-term, vehicle selected, down payment",Specific near-term purchase intent; ready for inventory shortlist.,2026-06-09T21:00:00+00:00
LEAD-002897,CUST-002897,VEH-001279,SALES-017,Website,Qualified,92,"profile=Hot, near-term, vehicle selected",Specific near-term purchase intent; ready for inventory shortlist.,2026-07-19T03:00:00+00:00
LEAD-002898,CUST-002898,VEH-001048,SALES-018,Paid Search,Appointment Set,57,"profile=Warm, vehicle selected",Preferences captured; comparing suitable vehicles and ownership costs.,2026-06-12T10:00:00+00:00
LEAD-002899,CUST-002899,,SALES-019,Walk-In,New,35,"profile=Research, down payment",Early research stage; provide options without pressuring for commitment.,2026-07-05T15:00:00+00:00
LEAD-002900,CUST-002900,VEH-009317,SALES-020,Paid Search,Contacted,92,"profile=Hot, near-term, vehicle selected",Specific near-term purchase intent; ready for inventory shortlist.,2026-08-04T13:00:00+00:00
LEAD-002901,CUST-002901,,SALES-021,Website,Appointment Set,55,"profile=Warm, down payment",Preferences captured; comparing suitable vehicles and ownership costs.,2026-05-09T04:00:00+00:00
LEAD-002902,CUST-002902,VEH-006072,SALES-022,Website,Qualified,57,"profile=Warm, vehicle selected",Preferences captured; comparing suitable vehicles and ownership costs.,2026-08-18T10:00:00+00:00
LEAD-002903,CUST-002903,,SALES-023,Inbound Call,Contacted,30,profile=Research,Early research stage; provide options without pressuring for commitment.,2026-07-20T05:00:00+00:00
LEAD-002904,CUST-002904,VEH-009390,SALES-024,Paid Search,New,70,"profile=Warm, 30-day, vehicle selected, down payment",Preferences captured; comparing suitable vehicles and ownership costs.,2026-06-10T20:00:00+00:00
LEAD-002905,CUST-002905,VEH-003609,SALES-001,Inbound Call,Appointment Set,47,"profile=Edge Case, near-term, vehicle selected, down payment",Requirements may conflict with budget or contact preferences; clarify before action.,2026-05-16T04:00:00+00:00
LEAD-002906,CUST-002906,VEH-007820,SALES-002,Vehicle Marketplace,New,70,"profile=Warm, 30-day, vehicle selected, down payment",Preferences captured; comparing suitable vehicles and ownership costs.,2026-05-01T13:00:00+00:00
LEAD-002907,CUST-002907,,SALES-003,Website,Contacted,63,"profile=Warm, 30-day, down payment",Preferences captured; comparing suitable vehicles and ownership costs.,2026-07-23T14:00:00+00:00
LEAD-002908,CUST-002908,VEH-003815,SALES-004,Social Media,Qualified,62,"profile=Warm, vehicle selected, down payment",Preferences captured; comparing suitable vehicles and ownership costs.,2026-05-06T00:00:00+00:00
LEAD-002909,CUST-002909,VEH-000907,SALES-005,Website,Qualified,70,"profile=Warm, 30-day, vehicle selected, down payment",Preferences captured; comparing suitable vehicles and ownership costs.,2026-05-14T01:00:00+00:00
LEAD-002910,CUST-002910,VEH-008567,SALES-006,Paid Search,Contacted,37,"profile=Research, vehicle selected",Early research stage; provide options without pressuring for commitment.,2026-06-19T12:00:00+00:00
LEAD-002911,CUST-002911,VEH-000431,SALES-007,Website,Appointment Set,42,"profile=Research, vehicle selected, down payment",Early research stage; provide options without pressuring for commitment.,2026-05-09T11:00:00+00:00
LEAD-002912,CUST-002912,VEH-005886,SALES-008,Inbound Call,Contacted,62,"profile=Warm, vehicle selected, down payment",Preferences captured; comparing suitable vehicles and ownership costs.,2026-08-11T20:00:00+00:00
LEAD-002913,CUST-002913,VEH-009062,SALES-009,Social Media,Contacted,40,"profile=Edge Case, 30-day, vehicle selected, down payment",Requirements may conflict with budget or contact preferences; clarify before action.,2026-08-04T04:00:00+00:00
LEAD-002914,CUST-002914,VEH-006536,SALES-010,Inbound Call,Lost,62,"profile=Warm, vehicle selected, down payment",Preferences captured; comparing suitable vehicles and ownership costs.,2026-05-31T19:00:00+00:00
LEAD-002915,CUST-002915,VEH-009026,SALES-011,Inbound Call,Contacted,92,"profile=Hot, near-term, vehicle selected",Specific near-term purchase intent; ready for inventory shortlist.,2026-06-21T20:00:00+00:00
LEAD-002916,CUST-002916,,SALES-012,Website,Contacted,63,"profile=Warm, 30-day, down payment",Preferences captured; comparing suitable vehicles and ownership costs.,2026-07-06T13:00:00+00:00
LEAD-002917,CUST-002917,,SALES-013,Website,Qualified,35,"profile=Research, down payment",Early research stage; provide options without pressuring for commitment.,2026-08-11T09:00:00+00:00
LEAD-002918,CUST-002918,VEH-008302,SALES-014,Paid Search,Qualified,62,"profile=Warm, vehicle selected, down payment",Preferences captured; comparing suitable vehicles and ownership costs.,2026-04-26T13:00:00+00:00
LEAD-002919,CUST-002919,VEH-009198,SALES-015,Social Media,Appointment Set,42,"profile=Research, vehicle selected, down payment",Early research stage; provide options without pressuring for commitment.,2026-07-28T09:00:00+00:00
LEAD-002920,CUST-002920,VEH-009252,SALES-016,Paid Search,Qualified,42,"profile=Research, vehicle selected, down payment",Early research stage; provide options without pressuring for commitment.,2026-05-15T06:00:00+00:00
LEAD-002921,CUST-002921,VEH-004970,SALES-017,Vehicle Marketplace,New,90,"profile=Hot, 30-day, vehicle selected, down payment",Specific near-term purchase intent; ready for inventory shortlist.,2026-06-13T04:00:00+00:00
LEAD-002922,CUST-002922,VEH-000110,SALES-018,Inbound Call,Contacted,27,"profile=Edge Case, vehicle selected",Requirements may conflict with budget or contact preferences; clarify before action.,2026-07-02T14:00:00+00:00
LEAD-002923,CUST-002923,VEH-000514,SALES-019,Inbound Call,Contacted,37,"profile=Research, vehicle selected",Early research stage; provide options without pressuring for commitment.,2026-05-10T23:00:00+00:00
LEAD-002924,CUST-002924,,SALES-020,Vehicle Marketplace,Contacted,63,"profile=Warm, 30-day, down payment",Preferences captured; comparing suitable vehicles and ownership costs.,2026-06-19T07:00:00+00:00
LEAD-002925,CUST-002925,VEH-000862,SALES-021,Website,Won,42,"profile=Research, vehicle selected, down payment",Early research stage; provide options without pressuring for commitment.,2026-07-21T08:00:00+00:00
LEAD-002926,CUST-002926,VEH-009482,SALES-022,Social Media,Won,37,"profile=Research, vehicle selected",Early research stage; provide options without pressuring for commitment.,2026-05-11T20:00:00+00:00
LEAD-002927,CUST-002927,VEH-008484,SALES-023,Website,Contacted,57,"profile=Warm, vehicle selected",Preferences captured; comparing suitable vehicles and ownership costs.,2026-06-27T00:00:00+00:00
LEAD-002928,CUST-002928,VEH-004721,SALES-024,Website,Qualified,42,"profile=Research, vehicle selected, down payment",Early research stage; provide options without pressuring for commitment.,2026-08-08T09:00:00+00:00
LEAD-002929,CUST-002929,VEH-001038,SALES-001,Website,New,37,"profile=Research, vehicle selected",Early research stage; provide options without pressuring for commitment.,2026-06-28T00:00:00+00:00
LEAD-002930,CUST-002930,VEH-004844,SALES-002,Website,New,32,"profile=Edge Case, vehicle selected, down payment",Requirements may conflict with budget or contact preferences; clarify before action.,2026-08-22T17:00:00+00:00
LEAD-002931,CUST-002931,,SALES-003,Vehicle Marketplace,Contacted,35,"profile=Research, down payment",Early research stage; provide options without pressuring for commitment.,2026-08-24T19:00:00+00:00
LEAD-002932,CUST-002932,,SALES-004,Referral,Qualified,50,profile=Warm,Preferences captured; comparing suitable vehicles and ownership costs.,2026-08-20T11:00:00+00:00
LEAD-002933,CUST-002933,,SALES-005,Vehicle Marketplace,Contacted,58,"profile=Warm, 30-day",Preferences captured; comparing suitable vehicles and ownership costs.,2026-05-04T16:00:00+00:00
LEAD-002934,CUST-002934,VEH-009215,SALES-006,Referral,Qualified,62,"profile=Warm, vehicle selected, down payment",Preferences captured; comparing suitable vehicles and ownership costs.,2026-08-03T22:00:00+00:00
LEAD-002935,CUST-002935,VEH-006094,SALES-007,Walk-In,Contacted,42,"profile=Research, vehicle selected, down payment",Early research stage; provide options without pressuring for commitment.,2026-05-16T12:00:00+00:00
LEAD-002936,CUST-002936,VEH-004256,SALES-008,Walk-In,Lost,92,"profile=Hot, near-term, vehicle selected",Specific near-term purchase intent; ready for inventory shortlist.,2026-05-09T10:00:00+00:00
LEAD-002937,CUST-002937,VEH-002509,SALES-009,Website,Qualified,42,"profile=Research, vehicle selected, down payment",Early research stage; provide options without pressuring for commitment.,2026-06-05T16:00:00+00:00
LEAD-002938,CUST-002938,,SALES-010,Paid Search,Contacted,50,profile=Warm,Preferences captured; comparing suitable vehicles and ownership costs.,2026-08-20T11:00:00+00:00
LEAD-002939,CUST-002939,VEH-009118,SALES-011,Social Media,Qualified,62,"profile=Warm, vehicle selected, down payment",Preferences captured; comparing suitable vehicles and ownership costs.,2026-05-20T01:00:00+00:00
LEAD-002940,CUST-002940,VEH-009225,SALES-012,Website,New,37,"profile=Research, vehicle selected",Early research stage; provide options without pressuring for commitment.,2026-05-13T18:00:00+00:00
LEAD-002941,CUST-002941,VEH-008530,SALES-013,Paid Search,Appointment Set,35,"profile=Edge Case, 30-day, vehicle selected",Requirements may conflict with budget or contact preferences; clarify before action.,2026-06-18T11:00:00+00:00
LEAD-002942,CUST-002942,VEH-009861,SALES-014,Website,Contacted,62,"profile=Warm, vehicle selected, down payment",Preferences captured; comparing suitable vehicles and ownership costs.,2026-05-16T03:00:00+00:00
LEAD-002943,CUST-002943,VEH-001522,SALES-015,Referral,Qualified,70,"profile=Warm, 30-day, vehicle selected, down payment",Preferences captured; comparing suitable vehicles and ownership costs.,2026-04-30T09:00:00+00:00
LEAD-002944,CUST-002944,VEH-002560,SALES-016,Walk-In,Qualified,70,"profile=Warm, 30-day, vehicle selected, down payment",Preferences captured; comparing suitable vehicles and ownership costs.,2026-07-13T19:00:00+00:00
LEAD-002945,CUST-002945,,SALES-017,Vehicle Marketplace,Contacted,58,"profile=Warm, 30-day",Preferences captured; comparing suitable vehicles and ownership costs.,2026-07-05T19:00:00+00:00
LEAD-002946,CUST-002946,,SALES-018,Social Media,Appointment Set,63,"profile=Warm, 30-day, down payment",Preferences captured; comparing suitable vehicles and ownership costs.,2026-08-12T23:00:00+00:00
LEAD-002947,CUST-002947,,SALES-019,Referral,Contacted,55,"profile=Warm, down payment",Preferences captured; comparing suitable vehicles and ownership costs.,2026-07-19T05:00:00+00:00
LEAD-002948,CUST-002948,VEH-000301,SALES-020,Inbound Call,Won,37,"profile=Research, vehicle selected",Early research stage; provide options without pressuring for commitment.,2026-06-27T00:00:00+00:00
LEAD-002949,CUST-002949,,SALES-021,Inbound Call,Qualified,30,profile=Research,Early research stage; provide options without pressuring for commitment.,2026-08-06T15:00:00+00:00
LEAD-002950,CUST-002950,VEH-001289,SALES-022,Website,Qualified,65,"profile=Warm, 30-day, vehicle selected",Preferences captured; comparing suitable vehicles and ownership costs.,2026-06-09T17:00:00+00:00
LEAD-002951,CUST-002951,,SALES-023,Website,Contacted,90,"profile=Hot, near-term, down payment",Specific near-term purchase intent; ready for inventory shortlist.,2026-05-19T23:00:00+00:00
LEAD-002952,CUST-002952,VEH-004102,SALES-024,Inbound Call,Appointment Set,27,"profile=Edge Case, vehicle selected",Requirements may conflict with budget or contact preferences; clarify before action.,2026-08-10T05:00:00+00:00
LEAD-002953,CUST-002953,VEH-008450,SALES-001,Website,Qualified,37,"profile=Research, vehicle selected",Early research stage; provide options without pressuring for commitment.,2026-05-16T04:00:00+00:00
LEAD-002954,CUST-002954,,SALES-002,Inbound Call,Qualified,35,"profile=Research, down payment",Early research stage; provide options without pressuring for commitment.,2026-07-27T13:00:00+00:00
LEAD-002955,CUST-002955,VEH-009672,SALES-003,Website,Lost,97,"profile=Hot, near-term, vehicle selected, down payment",Specific near-term purchase intent; ready for inventory shortlist.,2026-08-20T20:00:00+00:00
LEAD-002956,CUST-002956,,SALES-004,Website,Qualified,30,profile=Research,Early research stage; provide options without pressuring for commitment.,2026-05-02T11:00:00+00:00
LEAD-002957,CUST-002957,VEH-009803,SALES-005,Paid Search,Qualified,42,"profile=Research, vehicle selected, down payment",Early research stage; provide options without pressuring for commitment.,2026-05-21T23:00:00+00:00
LEAD-002958,CUST-002958,VEH-007376,SALES-006,Paid Search,Qualified,62,"profile=Warm, vehicle selected, down payment",Preferences captured; comparing suitable vehicles and ownership costs.,2026-08-06T19:00:00+00:00
LEAD-002959,CUST-002959,,SALES-007,Vehicle Marketplace,Qualified,63,"profile=Warm, 30-day, down payment",Preferences captured; comparing suitable vehicles and ownership costs.,2026-08-24T10:00:00+00:00
LEAD-002960,CUST-002960,VEH-002494,SALES-008,Paid Search,Contacted,97,"profile=Hot, near-term, vehicle selected, down payment",Specific near-term purchase intent; ready for inventory shortlist.,2026-05-19T10:00:00+00:00
LEAD-002961,CUST-002961,VEH-009438,SALES-009,Walk-In,Appointment Set,37,"profile=Research, vehicle selected",Early research stage; provide options without pressuring for commitment.,2026-05-14T17:00:00+00:00
LEAD-002962,CUST-002962,VEH-001613,SALES-010,Paid Search,Qualified,37,"profile=Research, vehicle selected",Early research stage; provide options without pressuring for commitment.,2026-08-08T16:00:00+00:00
LEAD-002963,CUST-002963,,SALES-011,Website,Qualified,63,"profile=Warm, 30-day, down payment",Preferences captured; comparing suitable vehicles and ownership costs.,2026-04-27T20:00:00+00:00
LEAD-002964,CUST-002964,,SALES-012,Inbound Call,Contacted,55,"profile=Warm, down payment",Preferences captured; comparing suitable vehicles and ownership costs.,2026-08-13T06:00:00+00:00
LEAD-002965,CUST-002965,VEH-001303,SALES-013,Inbound Call,Appointment Set,27,"profile=Edge Case, vehicle selected",Requirements may conflict with budget or contact preferences; clarify before action.,2026-05-21T23:00:00+00:00
LEAD-002966,CUST-002966,VEH-002414,SALES-014,Website,New,70,"profile=Warm, 30-day, vehicle selected, down payment",Preferences captured; comparing suitable vehicles and ownership costs.,2026-08-06T08:00:00+00:00
LEAD-002967,CUST-002967,VEH-009831,SALES-015,Inbound Call,Won,42,"profile=Research, vehicle selected, down payment",Early research stage; provide options without pressuring for commitment.,2026-06-09T16:00:00+00:00
LEAD-002968,CUST-002968,VEH-003415,SALES-016,Social Media,Contacted,42,"profile=Research, vehicle selected, down payment",Early research stage; provide options without pressuring for commitment.,2026-08-18T12:00:00+00:00
LEAD-002969,CUST-002969,VEH-007164,SALES-017,Vehicle Marketplace,Contacted,97,"profile=Hot, near-term, vehicle selected, down payment",Specific near-term purchase intent; ready for inventory shortlist.,2026-07-17T19:00:00+00:00
LEAD-002970,CUST-002970,VEH-001634,SALES-018,Website,Contacted,97,"profile=Hot, near-term, vehicle selected, down payment",Specific near-term purchase intent; ready for inventory shortlist.,2026-06-15T14:00:00+00:00
LEAD-002971,CUST-002971,VEH-003838,SALES-019,Website,Contacted,42,"profile=Research, vehicle selected, down payment",Early research stage; provide options without pressuring for commitment.,2026-08-11T19:00:00+00:00
LEAD-002972,CUST-002972,VEH-007645,SALES-020,Website,Lost,70,"profile=Warm, 30-day, vehicle selected, down payment",Preferences captured; comparing suitable vehicles and ownership costs.,2026-06-05T01:00:00+00:00
LEAD-002973,CUST-002973,,SALES-021,Walk-In,Qualified,63,"profile=Warm, 30-day, down payment",Preferences captured; comparing suitable vehicles and ownership costs.,2026-07-26T06:00:00+00:00
LEAD-002974,CUST-002974,,SALES-022,Inbound Call,Appointment Set,28,"profile=Edge Case, 30-day",Requirements may conflict with budget or contact preferences; clarify before action.,2026-05-24T18:00:00+00:00
LEAD-002975,CUST-002975,VEH-002691,SALES-023,Website,Contacted,65,"profile=Warm, 30-day, vehicle selected",Preferences captured; comparing suitable vehicles and ownership costs.,2026-06-15T15:00:00+00:00
LEAD-002976,CUST-002976,VEH-002508,SALES-024,Website,Contacted,65,"profile=Warm, 30-day, vehicle selected",Preferences captured; comparing suitable vehicles and ownership costs.,2026-06-05T20:00:00+00:00
LEAD-002977,CUST-002977,VEH-004295,SALES-001,Inbound Call,Won,32,"profile=Edge Case, vehicle selected, down payment",Requirements may conflict with budget or contact preferences; clarify before action.,2026-04-30T09:00:00+00:00
LEAD-002978,CUST-002978,VEH-007582,SALES-002,Vehicle Marketplace,Appointment Set,62,"profile=Warm, vehicle selected, down payment",Preferences captured; comparing suitable vehicles and ownership costs.,2026-07-09T16:00:00+00:00
LEAD-002979,CUST-002979,,SALES-003,Referral,Lost,25,"profile=Edge Case, down payment",Requirements may conflict with budget or contact preferences; clarify before action.,2026-08-16T20:00:00+00:00
LEAD-002980,CUST-002980,VEH-002538,SALES-004,Paid Search,Appointment Set,62,"profile=Warm, vehicle selected, down payment",Preferences captured; comparing suitable vehicles and ownership costs.,2026-08-11T18:00:00+00:00
LEAD-002981,CUST-002981,VEH-004090,SALES-005,Walk-In,Contacted,92,"profile=Hot, near-term, vehicle selected",Specific near-term purchase intent; ready for inventory shortlist.,2026-08-18T10:00:00+00:00
LEAD-002982,CUST-002982,VEH-004231,SALES-006,Paid Search,Contacted,42,"profile=Research, vehicle selected, down payment",Early research stage; provide options without pressuring for commitment.,2026-05-28T05:00:00+00:00
LEAD-002983,CUST-002983,VEH-004485,SALES-007,Vehicle Marketplace,Qualified,32,"profile=Edge Case, vehicle selected, down payment",Requirements may conflict with budget or contact preferences; clarify before action.,2026-08-08T18:00:00+00:00
LEAD-002984,CUST-002984,VEH-000406,SALES-008,Referral,New,62,"profile=Warm, vehicle selected, down payment",Preferences captured; comparing suitable vehicles and ownership costs.,2026-08-24T05:00:00+00:00
LEAD-002985,CUST-002985,VEH-000370,SALES-009,Vehicle Marketplace,Qualified,97,"profile=Hot, near-term, vehicle selected, down payment",Specific near-term purchase intent; ready for inventory shortlist.,2026-06-22T13:00:00+00:00
LEAD-002986,CUST-002986,VEH-000298,SALES-010,Inbound Call,Appointment Set,37,"profile=Research, vehicle selected",Early research stage; provide options without pressuring for commitment.,2026-06-21T14:00:00+00:00
LEAD-002987,CUST-002987,,SALES-011,Paid Search,Qualified,63,"profile=Warm, 30-day, down payment",Preferences captured; comparing suitable vehicles and ownership costs.,2026-05-11T03:00:00+00:00
LEAD-002988,CUST-002988,VEH-003410,SALES-012,Website,Contacted,37,"profile=Research, vehicle selected",Early research stage; provide options without pressuring for commitment.,2026-05-26T18:00:00+00:00
LEAD-002989,CUST-002989,,SALES-013,Website,New,50,profile=Warm,Preferences captured; comparing suitable vehicles and ownership costs.,2026-05-01T11:00:00+00:00
LEAD-002990,CUST-002990,VEH-001102,SALES-014,Referral,Lost,70,"profile=Warm, 30-day, vehicle selected, down payment",Preferences captured; comparing suitable vehicles and ownership costs.,2026-07-11T21:00:00+00:00
LEAD-002991,CUST-002991,VEH-006137,SALES-015,Walk-In,Lost,42,"profile=Research, vehicle selected, down payment",Early research stage; provide options without pressuring for commitment.,2026-06-24T10:00:00+00:00
LEAD-002992,CUST-002992,VEH-002622,SALES-016,Social Media,New,62,"profile=Warm, vehicle selected, down payment",Preferences captured; comparing suitable vehicles and ownership costs.,2026-06-14T20:00:00+00:00
LEAD-002993,CUST-002993,VEH-000531,SALES-017,Paid Search,Appointment Set,37,"profile=Research, vehicle selected",Early research stage; provide options without pressuring for commitment.,2026-07-09T09:00:00+00:00
LEAD-002994,CUST-002994,VEH-000168,SALES-018,Paid Search,New,70,"profile=Warm, 30-day, vehicle selected, down payment",Preferences captured; comparing suitable vehicles and ownership costs.,2026-05-10T16:00:00+00:00
LEAD-002995,CUST-002995,VEH-007706,SALES-019,Website,Qualified,70,"profile=Warm, 30-day, vehicle selected, down payment",Preferences captured; comparing suitable vehicles and ownership costs.,2026-06-12T21:00:00+00:00
LEAD-002996,CUST-002996,VEH-004847,SALES-020,Inbound Call,Contacted,85,"profile=Hot, 30-day, vehicle selected",Specific near-term purchase intent; ready for inventory shortlist.,2026-07-28T20:00:00+00:00
LEAD-002997,CUST-002997,VEH-009585,SALES-021,Paid Search,New,37,"profile=Research, vehicle selected",Early research stage; provide options without pressuring for commitment.,2026-08-02T17:00:00+00:00
LEAD-002998,CUST-002998,,SALES-022,Vehicle Marketplace,Contacted,83,"profile=Hot, 30-day, down payment",Specific near-term purchase intent; ready for inventory shortlist.,2026-05-17T17:00:00+00:00
LEAD-002999,CUST-002999,,SALES-023,Website,New,90,"profile=Hot, near-term, down payment",Specific near-term purchase intent; ready for inventory shortlist.,2026-08-08T11:00:00+00:00
LEAD-003000,CUST-003000,VEH-002323,SALES-024,Inbound Call,New,70,"profile=Warm, 30-day, vehicle selected, down payment",Preferences captured; comparing suitable vehicles and ownership costs.,2026-08-13T14:00:00+00:00
